event,start_ms,duration_ms,value
mode_demo,16203327.9953,0.00310000032187,0
mode_isolated,16203327.9984,9.99998301268e-05,0
include_cursor,16203327.9985,0,1
theme,16203327.9986,0,0
process_priority,16203328.0013,0,32
process_affinity,16203328.0056,9.99998301268e-05,63
refresh_hz,16203328.0131,0,60
capture_and_blur,16203350.3499,184.048900001,0
monitor_width,16203534.7736,9.99998301268e-05,3840
monitor_height,16203534.7738,9.99998301268e-05,2160
render_initialize,16203542.5268,222.078100001,0
draw_commands,16203764.6233,3.13990000077,0
end_draw,16203767.7632,18.8443,0
paint,16203542.5266,244.082,0
show_views,16203534.7735,308.960000001,0
input_age_ms,16203844.9743,0.000199999660254,62
pointer_move,16203844.975,0.020300000906,0
draw_commands,16203845.9597,0.517599999905,0
end_draw,16203846.4774,2.66610000096,0
paint,16203845.9529,3.19070000015,0
input_age_ms,16204005.0903,0.000200001522899,0
pointer_move,16204005.0911,0.00720000080764,0
draw_commands,16204005.1743,0.360999999568,0
end_draw,16204005.5353,1.48909999989,0
paint,16204005.1684,1.85619999841,0
input_age_ms,16204168.1769,0.000300001353025,0
pointer_move,16204168.1774,0.00609999895096,0
draw_commands,16204168.2259,0.332299999893,0
end_draw,16204168.5583,0.484200000763,0
paint,16204168.2206,0.822000000626,0
input_age_ms,16204176.4569,0.000499999150634,0
pointer_move,16204176.4577,0.0554000008851,0
draw_commands,16204177.1485,0.370300000533,0
end_draw,16204177.5189,0.65730000101,0
paint,16204177.1427,1.03360000066,0
input_age_ms,16204184.3115,0.000199999660254,0
pointer_move,16204184.312,0.0052999984473,0
draw_commands,16204184.3513,0.338100001216,0
end_draw,16204184.6894,3.51699999906,0
paint,16204184.3481,3.85850000009,0
input_age_ms,16204193.7993,0.00029999949038,0
pointer_move,16204193.7999,0.0547999981791,0
draw_commands,16204194.1301,0.418999999762,0
end_draw,16204194.5491,89.0116999988,0
paint,16204194.1178,89.4432000015,0
input_age_ms,16204283.7172,0,0
pointer_move,16204283.7174,0.00500000081956,0
draw_commands,16204283.7549,0.350400000811,0
end_draw,16204284.1054,103.6154,0
paint,16204283.7511,103.970000001,0
input_age_ms,16204387.9843,0.000199999660254,16
pointer_move,16204387.9846,0.0054999999702,0
draw_commands,16204388.0349,0.400000000373,0
end_draw,16204388.435,78.9605999999,0
paint,16204388.03,79.3659000006,0
input_age_ms,16204467.8518,9.99998301268e-05,0
pointer_move,16204467.8521,0.00659999996424,0
draw_commands,16204467.8991,0.389299999923,0
end_draw,16204468.2885,11.0599000007,0
paint,16204467.8945,11.4543999992,0
input_age_ms,16204479.6535,0.000199999660254,16
pointer_move,16204479.6539,0.00879999995232,0
draw_commands,16204479.7128,0.554899999872,0
end_draw,16204480.2678,9.36089999974,0
paint,16204479.7045,9.92459999956,0
input_age_ms,16204490.0484,9.99998301268e-05,0
pointer_move,16204490.0489,0.0125999990851,0
draw_commands,16204490.1753,0.640699999407,0
end_draw,16204490.8162,8.96000000089,0
paint,16204490.1719,9.60459999926,0
input_age_ms,16204512.3963,0.000300001353025,0
pointer_move,16204512.3968,0.00950000062585,0
draw_commands,16204512.4639,0.405300000682,0
end_draw,16204512.8693,1.07569999993,0
paint,16204512.4554,1.48980000056,0
draw_commands,16204592.5744,0.350099999458,0
end_draw,16204592.9252,0.607599999756,0
paint,16204592.569,0.963899999857,1
input_age_ms,16204623.872,0.000199999660254,0
draw_commands,16204623.9117,0.327700000256,0
end_draw,16204624.2395,0.511400001124,0
paint,16204623.9062,0.84480000101,1
pointer_move,16204623.8725,0.894899999723,1
input_age_ms,16204631.9037,0.00029999949038,0
draw_commands,16204631.9431,0.33940000087,0
end_draw,16204632.2826,0.913300000131,0
paint,16204631.9376,1.25840000063,1
pointer_move,16204631.9043,1.30920000002,1
input_age_ms,16204639.9834,0.000399999320507,0
draw_commands,16204640.0344,0.382500000298,0
end_draw,16204640.4169,0.576400000602,0
paint,16204640.0266,0.966900000349,1
pointer_move,16204639.9841,1.02540000156,1
input_age_ms,16204647.9981,0.000199999660254,0
draw_commands,16204648.0366,0.338400000706,0
end_draw,16204648.3751,0.525299999863,0
paint,16204648.0308,0.86979999952,1
pointer_move,16204647.9986,0.920599998906,1
input_age_ms,16204655.959,0.000399999320507,0
draw_commands,16204656.0056,0.357000000775,0
end_draw,16204656.3627,0.495899999514,0
paint,16204656.0014,0.857400000095,1
pointer_move,16204655.96,0.913899999112,1
input_age_ms,16204664.0738,0.000700000673532,0
draw_commands,16204664.1361,0.434499999508,0
end_draw,16204664.5706,0.790700001642,0
paint,16204664.1266,1.2351000011,1
pointer_move,16204664.0747,1.31049999967,1
input_age_ms,16204672.4641,0.000500001013279,0
draw_commands,16204672.5239,0.510599998757,0
end_draw,16204673.0347,0.645499998704,0
paint,16204672.515,1.16540000029,1
pointer_move,16204672.4652,1.27480000071,1
input_age_ms,16204680.1263,0.000400001183152,0
draw_commands,16204680.1799,0.374099999666,0
end_draw,16204680.5541,0.639900000766,0
paint,16204680.1724,1.02190000005,1
pointer_move,16204680.1271,1.08650000021,1
input_age_ms,16204688.1302,0.00100000016391,0
draw_commands,16204688.1953,0.479600001127,0
end_draw,16204688.6751,0.753100000322,0
paint,16204688.1862,1.24220000021,1
pointer_move,16204688.1318,1.32660000026,1
input_age_ms,16204696.0189,0.000400001183152,0
draw_commands,16204696.0639,0.429000001401,0
end_draw,16204696.493,0.893299998716,0
paint,16204696.0538,1.33889999986,1
pointer_move,16204696.0197,1.39509999938,1
input_age_ms,16204704.2242,0.000400001183152,0
draw_commands,16204704.2898,0.491100000218,0
end_draw,16204704.7811,0.998600000516,0
paint,16204704.277,1.50309999846,1
pointer_move,16204704.2252,1.64550000057,1
input_age_ms,16204711.9704,0.00159999914467,0
draw_commands,16204712.0274,0.400299999863,0
end_draw,16204712.4278,0.610999999568,0
paint,16204712.0145,1.02470000088,1
pointer_move,16204711.973,1.08640000038,1
input_age_ms,16204720.1344,0.000499999150634,0
draw_commands,16204720.1995,0.497400000691,0
end_draw,16204720.697,1.01099999994,0
paint,16204720.1839,1.52449999936,1
pointer_move,16204720.1358,1.60050000064,1
input_age_ms,16204727.9367,0.000500001013279,0
draw_commands,16204727.9855,0.363499999046,0
end_draw,16204728.3491,0.75009999983,0
paint,16204727.9809,1.11840000004,1
pointer_move,16204727.9378,1.18060000055,1
input_age_ms,16204736.2675,0.000600000843406,0
draw_commands,16204736.5107,0.591000000015,0
end_draw,16204737.1023,1.28050000034,0
paint,16204736.4984,1.88459999859,1
pointer_move,16204736.2687,2.14250000007,1
input_age_ms,16204744.1534,0.000199999660254,0
draw_commands,16204744.2201,0.405999999493,0
end_draw,16204744.6261,0.651200000197,0
paint,16204744.2101,1.06759999879,1
pointer_move,16204744.154,1.14900000021,1
input_age_ms,16204752.1268,0.00119999982417,0
draw_commands,16204752.2011,0.55159999989,0
end_draw,16204752.753,1.29820000008,0
paint,16204752.1878,1.8638000004,1
pointer_move,16204752.129,2.06879999861,1
input_age_ms,16204760.3452,0.000199999660254,0
draw_commands,16204760.4421,0.523199999705,0
end_draw,16204760.9654,0.726800000295,0
paint,16204760.4253,1.26709999889,1
pointer_move,16204760.3464,1.36910000071,1
input_age_ms,16204768.2272,0.000400001183152,0
draw_commands,16204768.5747,0.486400000751,0
end_draw,16204769.0612,0.852199999616,0
paint,16204768.5651,1.34869999997,1
pointer_move,16204768.2289,1.70979999937,1
input_age_ms,16204776.1854,0.000500001013279,0
draw_commands,16204776.2475,0.482699999586,0
end_draw,16204776.7302,0.929899999872,0
paint,16204776.2356,1.42489999905,1
pointer_move,16204776.1866,1.50229999982,1
input_age_ms,16204784.4439,0.000199999660254,0
draw_commands,16204784.6209,0.451000001281,0
end_draw,16204785.0721,0.873800000176,0
paint,16204784.6126,1.33339999989,1
pointer_move,16204784.4446,1.53320000134,1
input_age_ms,16204792.0554,0.000599998980761,0
draw_commands,16204792.1171,0.428500000387,0
end_draw,16204792.5457,2.06179999933,0
paint,16204792.1081,2.49969999865,1
pointer_move,16204792.0566,2.58799999952,1
input_age_ms,16204800.0195,0.000399999320507,0
draw_commands,16204800.0707,0.465300001204,0
end_draw,16204800.5361,0.620999999344,0
paint,16204800.0627,1.09459999949,1
pointer_move,16204800.0202,1.15430000052,1
input_age_ms,16204807.9662,0.00029999949038,0
draw_commands,16204808.0192,0.404699999839,0
end_draw,16204808.424,2.66489999928,0
paint,16204808.0119,3.0773999989,1
pointer_move,16204807.9673,3.14770000055,1
input_age_ms,16204816.0588,0.000399999320507,0
draw_commands,16204816.1169,0.393600000069,0
end_draw,16204816.5108,0.56220000051,0
paint,16204816.1091,0.96400000155,1
pointer_move,16204816.0594,1.02940000035,1
input_age_ms,16204823.9578,0.000399999320507,0
draw_commands,16204824.0074,0.365599999204,0
end_draw,16204824.3731,2.14950000122,0
paint,16204824.0029,2.51989999972,1
pointer_move,16204823.9586,2.58640000038,1
input_age_ms,16204832.0153,0.000399999320507,0
draw_commands,16204832.0799,0.432599999011,0
end_draw,16204832.5126,0.57820000127,0
paint,16204832.0692,1.02170000039,1
pointer_move,16204832.016,1.09069999866,1
input_age_ms,16204840.1281,0.000900000333786,0
draw_commands,16204840.2095,0.646999999881,0
end_draw,16204840.8566,2.64719999954,0
paint,16204840.1929,3.31120000035,1
pointer_move,16204840.1299,3.39940000139,1
input_age_ms,16204847.9632,0.000400001183152,0
draw_commands,16204848.009,0.376199999824,0
end_draw,16204848.3853,1.00490000099,0
paint,16204848.0021,1.38829999976,1
pointer_move,16204847.9638,1.4458000008,1
input_age_ms,16204856.047,0.00029999949038,0
draw_commands,16204856.1011,0.420400001109,0
end_draw,16204856.5216,3.45459999889,0
paint,16204856.0952,3.88130000047,1
pointer_move,16204856.0478,3.95039999858,1
input_age_ms,16204863.997,0.000900000333786,0
draw_commands,16204864.0491,0.382500000298,0
end_draw,16204864.4317,1.53769999929,0
paint,16204864.0409,1.92870000005,1
pointer_move,16204863.9985,1.98780000024,1
input_age_ms,16204872.0265,0.000500001013279,0
draw_commands,16204872.089,0.438100000843,0
end_draw,16204872.5274,0.596799999475,0
paint,16204872.0826,1.04179999977,1
pointer_move,16204872.0276,1.12160000019,1
input_age_ms,16204879.9709,0.000500001013279,0
draw_commands,16204880.0205,0.374599998817,0
end_draw,16204880.3952,1.47490000166,0
paint,16204880.0123,1.85800000094,1
pointer_move,16204879.9717,1.91530000046,1
input_age_ms,16204888.0955,0.000500001013279,0
draw_commands,16204888.1593,0.445500001311,0
end_draw,16204888.6049,0.74499999918,0
paint,16204888.1499,1.20029999875,1
pointer_move,16204888.0968,1.27630000003,1
input_age_ms,16204896.2215,0.000499999150634,0
draw_commands,16204896.3114,0.566899999976,0
end_draw,16204896.8787,3.45630000159,0
paint,16204896.294,4.04120000079,1
pointer_move,16204896.223,4.13670000061,1
input_age_ms,16204904.3513,0.000300001353025,0
draw_commands,16204904.4852,0.877199999988,0
end_draw,16204905.3625,7.45329999924,0
paint,16204904.4727,8.34400000051,1
pointer_move,16204904.358,8.48780000024,1
input_age_ms,16204912.9607,9.99998301268e-05,0
draw_commands,16204912.9947,0.463600000367,0
end_draw,16204913.4584,7.75669999979,0
paint,16204912.989,8.22719999962,1
pointer_move,16204912.9611,8.29679999873,1
input_age_ms,16204921.3744,0.000100001692772,0
draw_commands,16204921.4074,0.403699999675,0
end_draw,16204921.8111,7.94510000013,0
paint,16204921.4017,8.35490000062,1
pointer_move,16204921.3748,8.40220000036,1
input_age_ms,16204929.8536,0.000100001692772,0
draw_commands,16204929.8821,0.354600001127,0
end_draw,16204930.2367,4.92159999907,0
paint,16204929.8779,5.28079999983,1
pointer_move,16204929.854,5.31980000064,1
input_age_ms,16204935.9536,0.000199999660254,0
draw_commands,16204936.2378,0.460200000554,0
end_draw,16204936.6983,8.34850000031,0
paint,16204936.23,8.81709999964,1
pointer_move,16204935.9539,9.11800000072,1
input_age_ms,16204945.1933,0,0
draw_commands,16204945.2286,0.419100001454,0
end_draw,16204945.6478,7.54389999993,0
paint,16204945.2211,7.97089999914,1
pointer_move,16204945.1936,8.02599999867,1
input_age_ms,16204953.3826,9.99998301268e-05,0
draw_commands,16204953.4293,0.516599999741,0
end_draw,16204953.946,9.58540000021,0
paint,16204953.4196,10.1119999997,1
pointer_move,16204953.3831,10.1699999999,1
input_age_ms,16204963.6424,0,0
draw_commands,16204963.6751,0.344799999148,0
end_draw,16204964.0199,5.14870000072,0
paint,16204963.6714,5.49760000035,1
pointer_move,16204963.6427,5.54590000026,1
input_age_ms,16204969.3639,0.000900000333786,0
draw_commands,16204969.4576,0.520500000566,0
end_draw,16204969.9784,8.47809999995,0
paint,16204969.4509,9.00580000132,1
pointer_move,16204969.3654,9.11759999953,1
input_age_ms,16204978.5652,0,0
draw_commands,16204978.5929,0.358099998906,0
end_draw,16204978.9511,5.07410000078,0
paint,16204978.5882,5.43720000051,1
pointer_move,16204978.5654,5.47749999911,1
input_age_ms,16204984.1156,0,0
draw_commands,16204984.1473,0.350899999961,0
end_draw,16204984.4983,9.19400000013,0
paint,16204984.142,9.55059999973,1
pointer_move,16204984.116,9.60019999929,1
input_age_ms,16204993.8111,0,0
draw_commands,16204993.8409,0.389000000432,0
end_draw,16204994.23,5.62700000033,0
paint,16204993.8365,6.02129999921,1
pointer_move,16204993.8113,6.08210000023,1
input_age_ms,16204999.9641,0,0
draw_commands,16204999.993,0.350199999288,0
end_draw,16205000.3433,10.7085999995,0
paint,16204999.9886,11.0635000002,1
pointer_move,16204999.9644,11.1086999997,1
input_age_ms,16205011.159,9.99998301268e-05,0
draw_commands,16205011.1891,0.36080000177,0
end_draw,16205011.55,4.95259999856,0
paint,16205011.1842,5.31860000081,1
pointer_move,16205011.1593,5.36130000092,1
input_age_ms,16205016.5832,0,0
draw_commands,16205016.6079,0.309100000188,0
end_draw,16205016.917,10.3255000003,0
paint,16205016.6055,10.6371999998,1
pointer_move,16205016.5833,10.6810999997,1
input_age_ms,16205027.3495,9.99998301268e-05,16
draw_commands,16205027.378,0.352099999785,0
end_draw,16205027.7301,5.25989999995,0
paint,16205027.3739,5.61629999988,1
pointer_move,16205027.3498,5.66119999997,1
input_age_ms,16205033.0886,0,0
draw_commands,16205033.1177,0.353400001302,0
end_draw,16205033.4711,9.26860000007,0
paint,16205033.1129,9.62700000033,1
pointer_move,16205033.0888,9.67100000009,1
input_age_ms,16205042.8342,9.99998301268e-05,15
draw_commands,16205042.8608,0.340700000525,0
end_draw,16205043.2015,5.00970000029,0
paint,16205042.8583,5.35300000012,1
pointer_move,16205042.8345,5.39570000023,1
input_age_ms,16205048.3089,9.99998301268e-05,0
draw_commands,16205048.3388,0.344699999318,0
end_draw,16205048.6836,7.8013000004,0
paint,16205048.3336,8.15170000121,1
pointer_move,16205048.3092,8.20559999906,1
input_age_ms,16205056.6656,9.99998301268e-05,0
draw_commands,16205056.697,0.450500000268,0
end_draw,16205057.1476,7.88920000009,0
paint,16205056.6934,8.34350000136,1
pointer_move,16205056.666,8.38750000112,1
input_age_ms,16205065.1244,0.000100001692772,0
draw_commands,16205065.152,0.333499999717,0
end_draw,16205065.4856,7.6071000006,0
paint,16205065.148,7.94490000047,1
pointer_move,16205065.1247,7.99120000005,1
input_age_ms,16205073.2858,0.000399999320507,15
draw_commands,16205073.3438,0.498900000006,0
end_draw,16205073.843,8.30409999937,0
paint,16205073.3347,8.81269999966,1
pointer_move,16205073.2868,8.88449999876,1
input_age_ms,16205159.9097,0.00029999949038,0
draw_commands,16205159.9558,0.365999998525,0
end_draw,16205160.3219,0.627299999818,0
paint,16205159.949,1.00040000118,1
pointer_move,16205159.9103,1.06359999999,1
input_age_ms,16205167.9326,0.000199999660254,0
draw_commands,16205167.9739,0.339800000191,0
end_draw,16205168.3137,0.647900000215,0
paint,16205167.9681,0.993799999356,1
pointer_move,16205167.9331,1.05360000022,1
input_age_ms,16205176.0748,0.000500001013279,0
draw_commands,16205176.1277,0.433300001547,0
end_draw,16205176.5611,0.612499998882,0
paint,16205176.1205,1.05319999903,1
pointer_move,16205176.0758,1.11309999973,1
input_age_ms,16205184.0209,0.000600000843406,0
draw_commands,16205184.0723,0.402400000021,0
end_draw,16205184.4748,0.692099999636,0
paint,16205184.0659,1.10129999928,1
pointer_move,16205184.022,1.17310000025,1
input_age_ms,16205192.1834,0.000800000503659,0
draw_commands,16205192.2516,0.480200000107,0
end_draw,16205192.7318,0.912299999967,0
paint,16205192.243,1.40139999986,1
pointer_move,16205192.1846,1.48290000111,1
input_age_ms,16205200.1097,0.000800000503659,0
draw_commands,16205200.1828,0.428500000387,0
end_draw,16205200.6114,0.59269999899,0
paint,16205200.1682,1.03600000031,1
pointer_move,16205200.111,1.10940000042,1
input_age_ms,16205208.1034,0.000500001013279,0
draw_commands,16205208.1937,0.571200000122,0
end_draw,16205208.765,1.0017999988,0
paint,16205208.1803,1.58700000122,1
pointer_move,16205208.1047,1.69040000066,1
input_age_ms,16205216.2148,0.000499999150634,0
draw_commands,16205216.2847,0.501299999654,0
end_draw,16205216.786,0.93730000034,0
paint,16205216.2712,1.45240000077,1
pointer_move,16205216.2155,1.53099999949,1
input_age_ms,16205224.1972,0.00100000016391,0
draw_commands,16205224.3029,0.633400000632,0
end_draw,16205224.9363,1.33149999939,0
paint,16205224.2864,1.98190000094,1
pointer_move,16205224.1993,2.29829999991,1
input_age_ms,16205232.0547,0.000399999320507,0
draw_commands,16205232.1185,0.435699999332,0
end_draw,16205232.5543,0.806499999017,0
paint,16205232.1052,1.25569999963,1
pointer_move,16205232.0557,1.32479999959,1
input_age_ms,16205240.2242,0.000800000503659,0
draw_commands,16205240.2986,0.739600000903,0
end_draw,16205241.0386,0.94250000082,0
paint,16205240.29,1.69160000049,1
pointer_move,16205240.2257,1.77850000001,1
input_age_ms,16205248.0738,0.000300001353025,0
draw_commands,16205248.1356,0.444000000134,0
end_draw,16205248.5796,2.58149999939,0
paint,16205248.1246,3.03659999929,1
pointer_move,16205248.0746,3.11079999991,1
input_age_ms,16205256.6024,0.000700000673532,0
draw_commands,16205256.6933,0.718600001186,0
end_draw,16205257.4123,5.43129999936,0
paint,16205256.6828,6.16119999997,1
pointer_move,16205256.6041,6.26329999976,1
input_age_ms,16205263.9808,0.000200001522899,0
draw_commands,16205264.0194,0.365999998525,0
end_draw,16205264.3854,4.48710000142,0
paint,16205264.0135,4.85979999974,1
pointer_move,16205263.9816,4.9215000011,1
input_age_ms,16205272.198,0.00029999949038,0
draw_commands,16205272.2716,0.620500000194,0
end_draw,16205272.8921,6.56140000001,0
paint,16205272.2584,7.19539999962,1
pointer_move,16205272.1988,7.2864000015,1
input_age_ms,16205280.0131,0.000499999150634,0
draw_commands,16205280.0686,0.477199999616,0
end_draw,16205280.5458,5.99419999868,0
paint,16205280.0567,6.48359999992,1
pointer_move,16205280.014,6.56499999948,1
input_age_ms,16205288.0434,0.000199999660254,0
draw_commands,16205288.0963,0.408399999142,0
end_draw,16205288.5048,6.55940000154,0
paint,16205288.0892,6.97530000098,1
pointer_move,16205288.044,7.04250000045,1
input_age_ms,16205296.0787,0.000199999660254,0
draw_commands,16205296.1234,0.454699998721,0
end_draw,16205296.5782,5.13680000044,0
paint,16205296.1152,5.5998999998,1
pointer_move,16205296.0793,5.65450000018,1
input_age_ms,16205304.0423,0.000499999150634,0
draw_commands,16205304.0939,0.440199999139,0
end_draw,16205304.5342,6.34910000116,0
paint,16205304.0865,6.79690000042,1
pointer_move,16205304.0444,6.85940000042,1
input_age_ms,16205311.92,0.00029999949038,0
draw_commands,16205311.9517,0.354199999943,0
end_draw,16205312.306,6.14919999987,0
paint,16205311.9469,6.5084999986,1
pointer_move,16205311.9205,6.55800000019,1
input_age_ms,16205320.1197,0.000199999660254,0
draw_commands,16205320.1813,0.45900000073,0
end_draw,16205320.6404,6.78030000068,0
paint,16205320.171,7.24980000034,1
pointer_move,16205320.1204,7.32279999927,1
input_age_ms,16205327.9466,0.000300001353025,0
draw_commands,16205327.9766,0.380999999121,0
end_draw,16205328.3577,5.27790000103,0
paint,16205327.9726,5.6632000003,1
pointer_move,16205327.9472,5.71519999951,1
input_age_ms,16205336.0867,0.000600000843406,0
draw_commands,16205336.1777,0.668400000781,0
end_draw,16205336.8465,6.86920000054,0
paint,16205336.1621,7.55379999988,1
pointer_move,16205336.088,7.65139999986,1
input_age_ms,16205351.9781,0.000199999660254,0
draw_commands,16205352.027,0.371799999848,0
end_draw,16205352.3988,0.829299999401,0
paint,16205352.0198,1.2089000009,1
pointer_move,16205351.9785,1.27870000154,1
input_age_ms,16205359.9679,0.00139999948442,0
draw_commands,16205360.0222,0.585100000724,0
end_draw,16205360.6074,0.728900000453,0
paint,16205360.0166,1.31990000047,1
pointer_move,16205359.97,1.38769999892,1
input_age_ms,16205423.9009,0.000699998810887,0
draw_commands,16205423.9402,0.33420000039,0
end_draw,16205424.2744,0.514900000766,0
paint,16205423.935,0.854399999604,1
pointer_move,16205423.9019,0.903899999335,1
input_age_ms,16205431.8631,0.000199999660254,0
draw_commands,16205431.8941,0.313599999994,0
end_draw,16205432.2077,0.431200001389,0
paint,16205431.8912,0.747800000012,1
pointer_move,16205431.8636,0.790199998766,1
input_age_ms,16205440.0522,0.000399999320507,0
draw_commands,16205440.1183,0.468100000173,0
end_draw,16205440.5865,1.22910000011,0
paint,16205440.1101,1.70590000041,1
pointer_move,16205440.0531,1.79480000027,1
input_age_ms,16205447.973,0.000500001013279,0
draw_commands,16205448.0246,0.389600001276,0
end_draw,16205448.4143,0.587500000373,0
paint,16205448.0169,0.985200000927,1
pointer_move,16205447.9738,1.0438000001,1
input_age_ms,16205456.1286,0.000600000843406,0
draw_commands,16205456.2045,0.55709999986,0
end_draw,16205456.7697,0.933000000194,0
paint,16205456.1918,1.51109999977,1
pointer_move,16205456.1296,1.60969999991,1
input_age_ms,16205463.9552,0.000500001013279,0
draw_commands,16205463.9976,0.346099998802,0
end_draw,16205464.3438,0.550099998713,0
paint,16205463.9905,0.903599999845,1
pointer_move,16205463.956,0.952800000086,1
input_age_ms,16205472.1956,0.000700000673532,0
draw_commands,16205472.2755,0.538000000641,0
end_draw,16205472.8135,0.914899999276,0
paint,16205472.2605,1.46829999983,1
pointer_move,16205472.1966,1.56620000117,1
input_age_ms,16205480.1322,0.000599998980761,0
draw_commands,16205480.1932,0.414799999446,0
end_draw,16205480.6082,0.876000000164,0
paint,16205480.1863,1.29810000025,1
pointer_move,16205480.1343,1.37540000118,1
input_age_ms,16205488.2877,0.000400001183152,0
draw_commands,16205488.3651,0.54649999924,0
end_draw,16205488.9116,0.844000000507,0
paint,16205488.3495,1.40629999898,1
pointer_move,16205488.2887,1.4924999997,1
input_age_ms,16205496.0449,0.000700000673532,0
draw_commands,16205496.1,0.376199999824,0
end_draw,16205496.4762,0.533600000665,0
paint,16205496.0923,0.917700000107,1
pointer_move,16205496.0461,0.98369999975,1
input_age_ms,16205504.3495,0.000399999320507,0
draw_commands,16205504.4285,0.536799998954,0
end_draw,16205504.9654,0.897900000215,0
paint,16205504.4148,1.44870000146,1
pointer_move,16205504.3502,1.54300000146,1
input_age_ms,16205511.9517,0.000199999660254,0
draw_commands,16205511.9988,0.362500000745,0
end_draw,16205512.3613,0.635899998248,0
paint,16205511.991,1.00650000013,1
pointer_move,16205511.9523,1.06640000083,1
input_age_ms,16205520.2332,0.000599998980761,0
draw_commands,16205520.325,0.628700001165,0
end_draw,16205520.9538,1.26510000043,0
paint,16205520.3085,1.91060000099,1
pointer_move,16205520.2344,2.02720000036,1
input_age_ms,16205528.0554,0.00029999949038,0
draw_commands,16205528.1281,0.385099999607,0
end_draw,16205528.5134,0.993200000376,0
paint,16205528.1196,1.38709999993,1
pointer_move,16205528.056,1.47039999999,1
input_age_ms,16205536.3807,0.000600000843406,0
draw_commands,16205536.8549,0.546899998561,0
end_draw,16205537.4023,1.21240000054,0
paint,16205536.843,1.77270000055,1
pointer_move,16205536.3819,2.27209999971,1
input_age_ms,16205543.9442,0.00029999949038,0
draw_commands,16205543.9967,0.372899999842,0
end_draw,16205544.3697,0.676100000739,0
paint,16205543.9881,1.05780000053,1
pointer_move,16205543.9449,1.12029999867,1
input_age_ms,16205551.9871,0.000199999660254,0
draw_commands,16205552.0384,0.387099999934,0
end_draw,16205552.4256,0.769100001082,0
paint,16205552.0322,1.16280000098,1
pointer_move,16205551.988,1.24220000021,1
input_age_ms,16205559.9563,0.000400001183152,0
draw_commands,16205560.0043,0.390599999577,0
end_draw,16205560.3951,0.762099999934,0
paint,16205559.9959,1.16160000116,1
pointer_move,16205559.9571,1.22539999895,1
input_age_ms,16205575.9897,0.000399999320507,0
draw_commands,16205576.0566,0.391599999741,0
end_draw,16205576.4483,0.55729999952,0
paint,16205576.0451,0.960699999705,1
pointer_move,16205575.991,1.03060000017,1
input_age_ms,16205624.6182,0.00129999965429,0
draw_commands,16205624.7533,0.910199999809,0
end_draw,16205625.6639,2.24110000022,0
paint,16205624.7246,3.18439999968,1
pointer_move,16205624.6208,3.38560000062,1
input_age_ms,16205632.1667,0.000900000333786,0
draw_commands,16205632.251,0.507999999449,0
end_draw,16205632.7591,0.955500001088,0
paint,16205632.2389,1.47619999945,1
pointer_move,16205632.1682,1.57520000078,1
input_age_ms,16205640.2441,0.00029999949038,0
draw_commands,16205640.3277,0.544499998912,0
end_draw,16205640.8723,0.852999998257,0
paint,16205640.3067,1.41909999959,1
pointer_move,16205640.2454,1.50569999963,1
input_age_ms,16205648.1278,0.000399999320507,0
draw_commands,16205648.1921,0.461600000039,0
end_draw,16205648.6538,0.793500000611,0
paint,16205648.1838,1.26399999857,1
pointer_move,16205648.1294,1.33779999986,1
input_age_ms,16205656.2504,0.000500001013279,0
draw_commands,16205656.334,0.612900000066,0
end_draw,16205656.947,1.29949999973,0
paint,16205656.319,1.92789999954,1
pointer_move,16205656.2518,2.19369999878,1
input_age_ms,16205664.3725,0.00029999949038,0
draw_commands,16205664.4562,0.570599999279,0
end_draw,16205665.0272,1.06969999894,0
paint,16205664.4378,1.65919999965,1
pointer_move,16205664.3742,1.74230000004,1
input_age_ms,16205672.1287,0.000700000673532,0
draw_commands,16205672.1994,0.501900000498,0
end_draw,16205672.7013,0.782499998808,0
paint,16205672.1888,1.29529999942,1
pointer_move,16205672.1302,1.40399999917,1
input_age_ms,16205680.2987,0.000500001013279,0
draw_commands,16205680.379,1.27999999933,0
end_draw,16205681.6592,1.14400000125,0
paint,16205680.3642,2.43920000084,1
pointer_move,16205680.3003,2.56379999965,1
input_age_ms,16205688.3062,0.000500001013279,0
draw_commands,16205688.3791,0.539400000125,0
end_draw,16205688.9187,5.14709999971,0
paint,16205688.3657,5.70099999942,1
pointer_move,16205688.3074,5.79120000079,1
input_age_ms,16205696.6212,0.000499999150634,0
draw_commands,16205696.6869,0.39600000158,0
end_draw,16205697.0831,4.14140000008,0
paint,16205696.6819,4.54270000011,1
pointer_move,16205696.6222,4.63280000165,1
input_age_ms,16205706.2243,0.000799998641014,0
draw_commands,16205706.3614,0.543499998748,0
end_draw,16205706.905,6.82239999995,0
paint,16205706.351,7.37660000101,1
pointer_move,16205706.2262,7.53000000119,1
input_age_ms,16205713.9002,9.99998301268e-05,0
draw_commands,16205713.9355,0.430900000036,0
end_draw,16205714.3665,7.7946000006,0
paint,16205713.9287,8.23340000026,1
pointer_move,16205713.9014,8.30340000056,1
input_age_ms,16205722.3756,0.000199999660254,0
draw_commands,16205722.4626,0.447000000626,0
end_draw,16205722.9096,10.7055999991,0
paint,16205722.4556,11.1598999985,1
pointer_move,16205722.3761,11.2641000003,1
input_age_ms,16205736.1586,0.000499999150634,0
draw_commands,16205736.2448,0.544999999925,0
end_draw,16205736.79,5.18930000067,0
paint,16205736.2333,5.74629999883,1
pointer_move,16205736.1598,5.84729999863,1
input_age_ms,16205744.153,0.000499999150634,0
draw_commands,16205744.2127,0.530899999663,0
end_draw,16205744.7437,13.5283000004,0
paint,16205744.1958,14.0767999999,1
pointer_move,16205744.1541,14.1553999986,1
input_age_ms,16205758.479,9.99998301268e-05,0
draw_commands,16205758.5208,0.491200000048,0
end_draw,16205759.012,10.6153999995,0
paint,16205758.5107,11.1169999987,1
pointer_move,16205758.4796,11.1780000012,1
input_age_ms,16205769.8356,9.99998301268e-05,0
draw_commands,16205769.8936,0.486099999398,0
end_draw,16205770.3799,10.7124000005,0
paint,16205769.8822,11.2103999984,1
pointer_move,16205769.8365,11.2811999992,1
input_age_ms,16205781.244,9.99998301268e-05,16
draw_commands,16205781.3009,0.474000001326,0
end_draw,16205781.7752,7.86449999921,0
paint,16205781.2924,8.34769999981,1
pointer_move,16205781.2445,8.44370000064,1
input_age_ms,16205789.915,0.00150000117719,0
draw_commands,16205789.9674,0.548600001261,0
end_draw,16205790.5161,11.4724000003,0
paint,16205789.9562,12.0325000007,1
pointer_move,16205789.9168,12.1004000008,1
input_age_ms,16205802.1205,0,0
draw_commands,16205802.1516,0.402200000361,0
end_draw,16205802.5538,10.0501000006,0
paint,16205802.1455,10.4587999992,1
pointer_move,16205802.1208,10.5106000006,1
input_age_ms,16205812.7258,0.000199999660254,16
draw_commands,16205812.7555,0.372700000182,0
end_draw,16205813.1282,5.94529999979,0
paint,16205812.7505,6.32330000028,1
pointer_move,16205812.7262,6.38550000079,1
input_age_ms,16205819.3398,9.99998301268e-05,0
draw_commands,16205819.4217,0.648399999365,0
end_draw,16205820.0702,11.7796,0
paint,16205819.409,12.4409999996,1
pointer_move,16205819.3404,12.5457000006,1
input_age_ms,16205832.0416,0.000399999320507,0
draw_commands,16205832.0952,0.442399999127,0
end_draw,16205832.5378,6.37490000017,0
paint,16205832.0868,6.82610000111,1
pointer_move,16205832.0432,6.9012000002,1
input_age_ms,16205839.0982,9.99998301268e-05,16
draw_commands,16205839.1356,0.445599999279,0
end_draw,16205839.5812,8.83400000073,0
paint,16205839.1304,9.28500000015,1
pointer_move,16205839.0987,9.33589999937,1
input_age_ms,16205848.5072,9.99998301268e-05,0
draw_commands,16205848.5345,0.358100000769,0
end_draw,16205848.8926,6.01669999957,0
paint,16205848.5309,6.37870000117,1
pointer_move,16205848.5075,6.4299999997,1
input_age_ms,16205856.0807,0.00100000016391,0
draw_commands,16205856.1272,0.379499999806,0
end_draw,16205856.5068,7.65830000117,0
paint,16205856.1194,8.04590000026,1
pointer_move,16205856.0828,8.10369999893,1
input_age_ms,16205864.2804,9.99998301268e-05,0
draw_commands,16205864.3126,0.351900000125,0
end_draw,16205864.6646,5.03619999997,0
paint,16205864.3077,5.39319999889,1
pointer_move,16205864.2809,5.44089999981,1
input_age_ms,16205871.9997,0.00029999949038,0
draw_commands,16205872.0387,0.449900001287,0
end_draw,16205872.4891,7.84060000069,0
paint,16205872.0354,8.29450000077,1
pointer_move,16205872.0003,8.35300000012,1
input_age_ms,16205880.4516,9.99998301268e-05,0
draw_commands,16205880.4821,0.375599998981,0
end_draw,16205880.8577,6.27910000086,0
paint,16205880.4774,6.65960000083,1
pointer_move,16205880.4521,6.71949999966,1
input_age_ms,16205888.1277,0.000500001013279,0
draw_commands,16205888.1917,0.67139999941,0
end_draw,16205888.8633,7.45210000128,0
paint,16205888.181,8.13460000046,1
pointer_move,16205888.1287,8.20710000023,1
input_age_ms,16205896.4104,9.99998301268e-05,0
draw_commands,16205896.438,0.357700001448,0
end_draw,16205896.7958,4.82809999958,0
paint,16205896.4344,5.18969999999,1
pointer_move,16205896.4107,5.22899999842,1
input_age_ms,16205904.7383,0.000800000503659,0
draw_commands,16205904.954,0.590299999341,0
end_draw,16205905.5445,7.68859999999,0
paint,16205904.9452,8.28810000047,1
pointer_move,16205904.7397,8.51779999956,1
input_age_ms,16205913.3498,9.99998301268e-05,0
draw_commands,16205913.3835,0.444900000468,0
end_draw,16205913.8285,5.56489999965,0
paint,16205913.3777,6.01590000093,1
pointer_move,16205913.3504,6.08269999921,1
input_age_ms,16205920.2226,0.000199999660254,0
draw_commands,16205920.3106,0.562100000679,0
end_draw,16205920.8728,9.11600000039,0
paint,16205920.296,9.69299999997,1
pointer_move,16205920.2242,9.78500000015,1
input_age_ms,16205930.0926,0,0
draw_commands,16205930.1213,0.366399999708,0
end_draw,16205930.4878,7.73670000024,0
paint,16205930.1169,8.10789999925,1
pointer_move,16205930.0929,8.16089999862,1
input_age_ms,16205938.3566,0.000199999660254,0
draw_commands,16205938.3932,0.408900000155,0
end_draw,16205938.8022,7.93489999883,0
paint,16205938.386,8.35129999928,1
pointer_move,16205938.357,8.40199999884,1
input_age_ms,16205946.8444,0,0
draw_commands,16205946.873,0.349200000986,0
end_draw,16205947.2222,5.62109999917,0
paint,16205946.8686,5.98350000009,1
pointer_move,16205946.8446,6.0449000001,1
input_age_ms,16205953.0751,0.000200001522899,0
draw_commands,16205953.1191,0.550299998373,0
end_draw,16205953.6695,8.38920000009,0
paint,16205953.108,8.95090000145,1
pointer_move,16205953.0756,9.00359999947,1
input_age_ms,16205962.168,9.99998301268e-05,0
draw_commands,16205962.1973,0.349999999627,0
end_draw,16205962.5474,5.45380000025,0
paint,16205962.1938,5.80759999901,1
pointer_move,16205962.1684,5.93919999897,1
input_age_ms,16205968.2376,0.000199999660254,0
draw_commands,16205968.2816,0.424799999222,0
end_draw,16205968.7065,9.99640000053,0
paint,16205968.2743,10.4288999997,1
pointer_move,16205968.2384,10.4980000015,1
input_age_ms,16205978.8659,9.99998301268e-05,0
draw_commands,16205978.9041,0.409399999306,0
end_draw,16205979.3137,5.73970000073,0
paint,16205978.8963,6.15730000101,1
pointer_move,16205978.8664,6.20880000107,1
input_age_ms,16205985.1603,9.99998301268e-05,0
draw_commands,16205985.1904,0.377899998799,0
end_draw,16205985.5684,10.9478000011,0
paint,16205985.1851,11.3311999999,1
pointer_move,16205985.1606,11.379900001,1
input_age_ms,16205996.6331,9.99998301268e-05,15
draw_commands,16205996.6625,0.365500001237,0
end_draw,16205997.0281,5.49739999883,0
paint,16205996.6587,5.86699999869,1
pointer_move,16205996.6334,5.91319999844,1
input_age_ms,16206002.6805,9.99998301268e-05,0
draw_commands,16206002.7429,0.53609999828,0
end_draw,16206003.2792,8.49949999899,0
paint,16206002.7351,9.0438000001,1
pointer_move,16206002.6811,9.12010000087,1
input_age_ms,16206011.8856,9.99998301268e-05,16
draw_commands,16206011.9132,0.357599999756,0
end_draw,16206012.2708,5.91039999947,0
paint,16206011.9099,6.27149999887,1
pointer_move,16206011.8859,6.31739999913,1
input_age_ms,16206018.2923,9.99998301268e-05,0
draw_commands,16206018.3206,0.356100000441,0
end_draw,16206018.6768,9.36670000106,0
paint,16206018.3159,9.72770000063,1
pointer_move,16206018.2926,9.77549999952,1
input_age_ms,16206048.2569,0.000300001353025,0
draw_commands,16206048.3448,0.58900000155,0
end_draw,16206048.9339,0.812199998647,0
paint,16206048.326,1.42030000128,1
pointer_move,16206048.2584,1.51909999922,1
input_age_ms,16206056.0941,9.99998301268e-05,0
draw_commands,16206056.1547,0.502199999988,0
end_draw,16206056.657,0.615700000897,0
paint,16206056.1481,1.12490000017,1
pointer_move,16206056.0945,1.20160000026,1
input_age_ms,16206063.9812,0.000399999320507,0
draw_commands,16206064.0393,0.389100000262,0
end_draw,16206064.4285,0.696200000122,0
paint,16206064.0296,1.09520000033,1
pointer_move,16206063.9822,1.16210000031,1
input_age_ms,16206072.0335,0.000399999320507,0
draw_commands,16206072.0919,0.356699999422,0
end_draw,16206072.4487,0.577899999917,0
paint,16206072.0847,0.942099999636,1
pointer_move,16206072.0343,1.01150000095,1
input_age_ms,16206079.9563,0.000500001013279,0
draw_commands,16206080.0022,0.373600000516,0
end_draw,16206080.3759,0.614900000393,0
paint,16206079.9956,0.995400000364,1
pointer_move,16206079.9571,1.05489999987,1
input_age_ms,16206088.0519,0.000400001183152,0
draw_commands,16206088.1157,0.426399998367,0
end_draw,16206088.5422,0.532600000501,0
paint,16206088.1052,0.969599999487,1
pointer_move,16206088.0531,1.03920000046,1
input_age_ms,16206096.0286,0.00029999949038,0
draw_commands,16206096.0825,0.411800000817,0
end_draw,16206096.4944,0.739800000563,0
paint,16206096.0743,1.16009999998,1
pointer_move,16206096.0291,1.22599999979,1
input_age_ms,16206104.1341,0.000800000503659,0
draw_commands,16206104.2122,0.53009999916,0
end_draw,16206104.7423,0.827800000086,0
paint,16206104.1986,1.37179999985,1
pointer_move,16206104.1354,1.46100000106,1
input_age_ms,16206111.933,9.99998301268e-05,0
draw_commands,16206112.0024,0.569399999455,0
end_draw,16206112.572,1.76779999956,0
paint,16206111.9963,2.34369999915,1
pointer_move,16206111.9335,2.42320000008,1
input_age_ms,16206120.181,0.000800000503659,15
draw_commands,16206120.255,0.566399998963,0
end_draw,16206120.8215,0.779000001028,0
paint,16206120.2423,1.35830000043,1
pointer_move,16206120.1823,1.44510000013,1
input_age_ms,16206123.2272,0.000500001013279,0
draw_commands,16206123.2841,0.401000000536,0
end_draw,16206123.6852,0.903300000355,0
paint,16206123.2757,1.31310000084,1
pointer_move,16206123.2283,1.40220000036,1
input_age_ms,16206127.9008,9.99998301268e-05,0
draw_commands,16206127.9422,0.374600000679,0
end_draw,16206128.3169,4.85370000079,0
paint,16206127.937,5.23369999975,1
pointer_move,16206127.9012,5.29179999977,1
input_age_ms,16206135.9682,0.000499999150634,16
draw_commands,16206136.0236,0.504499999806,0
end_draw,16206136.5284,6.77280000038,0
paint,16206136.0135,7.28810000047,1
pointer_move,16206135.9697,7.35380000062,1
input_age_ms,16206143.992,0.000499999150634,0
draw_commands,16206144.0304,0.394099999219,0
end_draw,16206144.4247,4.70550000109,0
paint,16206144.0239,5.10639999993,1
pointer_move,16206143.9927,5.15899999999,1
input_age_ms,16206151.9794,0.00119999982417,0
draw_commands,16206152.0289,0.399000000209,0
end_draw,16206152.428,8.6445000004,0
paint,16206152.0202,9.05250000022,1
pointer_move,16206151.9815,9.12649999931,1
input_age_ms,16206161.272,0.000199999660254,0
draw_commands,16206161.312,0.488099999726,0
end_draw,16206161.8002,6.20889999904,0
paint,16206161.307,6.70229999907,1
pointer_move,16206161.2728,6.75579999946,1
input_age_ms,16206168.1149,9.99998301268e-05,0
draw_commands,16206168.1449,0.325600000098,0
end_draw,16206168.4706,10.0613000002,0
paint,16206168.142,10.3900999986,1
pointer_move,16206168.119,10.4399999995,1
input_age_ms,16206178.6699,9.99998301268e-05,0
draw_commands,16206178.7056,0.384699998423,0
end_draw,16206179.0903,5.58650000021,0
paint,16206178.7,5.97699999996,1
pointer_move,16206178.6702,6.02649999969,1
input_age_ms,16206184.7801,0.000100001692772,0
draw_commands,16206184.8072,0.360200000927,0
end_draw,16206185.1674,8.79590000026,0
paint,16206184.8035,9.15990000032,1
pointer_move,16206184.7804,9.20409999974,1
input_age_ms,16206194.0592,9.99998301268e-05,0
draw_commands,16206194.0852,0.344999998808,0
end_draw,16206194.4303,4.98170000128,0
paint,16206194.0821,5.33000000007,1
pointer_move,16206194.0595,5.37060000002,1
input_age_ms,16206199.9306,9.99998301268e-05,0
draw_commands,16206199.9603,0.363499999046,0
end_draw,16206200.3238,9.61590000056,0
paint,16206199.9561,9.98379999958,1
pointer_move,16206199.931,10.0304000005,1
input_age_ms,16206210.0524,9.99998301268e-05,0
draw_commands,16206210.0815,0.365400001407,0
end_draw,16206210.4469,4.98639999889,0
paint,16206210.0779,5.35559999943,1
pointer_move,16206210.0527,5.39900000021,1
input_age_ms,16206215.8968,0.000199999660254,0
draw_commands,16206215.9254,0.332599999383,0
end_draw,16206216.2581,7.00970000029,0
paint,16206215.9221,7.34610000066,1
pointer_move,16206215.8972,7.39910000004,1
input_age_ms,16206224.0956,0.000500001013279,0
draw_commands,16206224.1558,0.497899999842,0
end_draw,16206224.6537,8.48460000008,0
paint,16206224.1481,8.99029999971,1
pointer_move,16206224.0969,9.06220000051,1
input_age_ms,16206233.2441,0,0
draw_commands,16206233.2709,0.352299999446,0
end_draw,16206233.6232,11.6765000001,0
paint,16206233.267,12.0331999995,1
pointer_move,16206233.2444,12.0874000005,1
input_age_ms,16206245.4304,9.99998301268e-05,15
draw_commands,16206245.463,0.424300000072,0
end_draw,16206245.8873,6.9039000012,0
paint,16206245.4585,7.33339999989,1
pointer_move,16206245.4309,7.39529999904,1
input_age_ms,16206252.99,0.00029999949038,0
draw_commands,16206253.0388,0.523099999875,0
end_draw,16206253.562,11.1342999991,0
paint,16206253.0287,11.6677999999,1
pointer_move,16206252.9907,11.7352999989,1
input_age_ms,16206264.8322,0.000199999660254,0
draw_commands,16206264.8696,0.437100000679,0
end_draw,16206265.3067,6.77419999987,0
paint,16206264.8611,7.22000000067,1
pointer_move,16206264.8327,7.29450000077,1
input_age_ms,16206272.2463,0,0
draw_commands,16206272.2842,0.489800000563,0
end_draw,16206272.7741,9.07569999993,0
paint,16206272.2784,9.57159999944,1
pointer_move,16206272.2466,9.62519999966,1
input_age_ms,16206281.9554,0.000200001522899,0
draw_commands,16206281.9857,0.486800000072,0
end_draw,16206282.4726,6.34180000052,0
paint,16206281.9801,6.83440000005,1
pointer_move,16206281.9559,6.88509999961,1
input_age_ms,16206295.9766,0.00029999949038,0
draw_commands,16206296.0254,0.384400000796,0
end_draw,16206296.4099,1.0186999999,0
paint,16206296.0186,1.41090000048,1
pointer_move,16206295.9775,1.46970000118,1
draw_commands,16206408.4713,0.34829999879,0
end_draw,16206408.8198,0.515599999577,0
paint,16206408.4664,0.869100000709,1
pointer_move,16206408.4189,0.933399999514,1
draw_commands,16206409.7608,0.449300000444,0
end_draw,16206410.2102,2.06359999999,0
paint,16206409.7587,2.51530000009,2
input_age_ms,16206422.0687,0.00029999949038,0
pointer_move,16206422.0693,0.0186000000685,2
draw_commands,16206422.4987,0.638100000098,0
end_draw,16206423.137,1.20519999973,0
paint,16206422.4906,1.8518000003,2
input_age_ms,16206456.2524,0.000199999660254,0
pointer_move,16206456.2528,0.00819999910891,2
draw_commands,16206456.3124,0.504200000316,0
end_draw,16206456.8167,0.816999999806,0
paint,16206456.3059,1.32799999975,2
input_age_ms,16206464.4119,9.99998301268e-05,16
pointer_move,16206464.4123,0.00510000064969,2
draw_commands,16206464.4716,0.455099999905,0
end_draw,16206464.9268,0.940100001171,0
paint,16206464.4675,1.39960000105,2
input_age_ms,16206472.747,0.000300001353025,0
pointer_move,16206472.7484,0.00969999842346,2
draw_commands,16206472.8302,0.675799999386,0
end_draw,16206473.5061,1.22589999996,0
paint,16206472.8224,1.90980000049,2
input_age_ms,16206480.7814,0.000899998471141,0
pointer_move,16206480.7828,0.0145999994129,2
draw_commands,16206480.8898,0.745900001377,0
end_draw,16206481.6357,1.14599999972,0
paint,16206480.8748,1.90709999949,2
input_age_ms,16206488.5426,0.000199999660254,0
pointer_move,16206488.5429,0.00630000047386,2
draw_commands,16206488.7039,0.856899999082,0
end_draw,16206489.5611,1.49650000036,0
paint,16206488.6974,2.36040000059,2
input_age_ms,16206496.4556,0.000199999660254,0
pointer_move,16206496.4562,0.00860000029206,2
draw_commands,16206496.5238,0.553700000048,0
end_draw,16206497.0776,1.28029999882,0
paint,16206496.5148,1.8433000017,2
input_age_ms,16206504.9837,0.000700000673532,0
pointer_move,16206504.9848,0.0112999994308,2
draw_commands,16206505.0823,0.691099999472,0
end_draw,16206505.7734,1.55430000089,0
paint,16206505.0687,2.25909999944,2
input_age_ms,16206513.1025,0.000200001522899,0
pointer_move,16206513.1033,0.0471999999136,2
draw_commands,16206513.3464,0.740399999544,0
end_draw,16206514.087,1.9561999999,0
paint,16206513.3281,2.71560000069,2
input_age_ms,16206525.5096,0.000799998641014,0
pointer_move,16206525.5107,0.0116999987513,2
input_age_ms,16206525.7143,0.000400001183152,0
pointer_move,16206525.7148,0.00449999980628,2
draw_commands,16206525.7899,0.615100000054,0
end_draw,16206526.4051,1.47310000099,0
paint,16206525.7795,2.09909999929,2
input_age_ms,16206528.6417,0.000300001353025,0
pointer_move,16206528.6424,0.01070000045,2
draw_commands,16206528.7162,0.600999999791,0
end_draw,16206529.3176,4.74519999884,0
paint,16206528.7088,5.35419999994,2
input_age_ms,16206536.7698,0.000399999320507,0
pointer_move,16206536.7707,0.0111999996006,2
draw_commands,16206536.8603,0.670399999246,0
end_draw,16206537.5309,9.5150000006,0
paint,16206536.8482,10.1979999989,2
input_age_ms,16206547.5373,9.99998301268e-05,0
pointer_move,16206547.5378,0.00940000079572,2
draw_commands,16206547.634,0.721699999645,0
end_draw,16206548.3558,12.5320000015,0
paint,16206547.6238,13.2643999998,2
input_age_ms,16206561.0683,0,0
pointer_move,16206561.0685,0.00560000166297,2
draw_commands,16206561.1083,0.483500000089,0
end_draw,16206561.5921,5.44189999998,0
paint,16206561.1038,5.93039999902,2
input_age_ms,16206568.2554,9.99998301268e-05,0
pointer_move,16206568.2557,0.00540000014007,2
draw_commands,16206568.2992,0.500499999151,0
end_draw,16206568.7997,8.81770000048,0
paint,16206568.2943,9.32320000045,2
input_age_ms,16206577.8068,9.99998301268e-05,0
pointer_move,16206577.807,0.0058999992907,2
draw_commands,16206577.8451,0.542299998924,0
end_draw,16206578.3874,6.39379999973,0
paint,16206577.8423,6.93910000101,2
input_age_ms,16206585.0794,0.000100001692772,0
pointer_move,16206585.0797,0.00689999945462,2
draw_commands,16206585.1331,0.576100001112,0
end_draw,16206585.7093,10.5222999994,0
paint,16206585.1273,11.1045999993,2
input_age_ms,16206596.4861,0.000200001522899,0
pointer_move,16206596.4865,0.00689999945462,2
draw_commands,16206596.5404,0.522800000384,0
end_draw,16206597.0632,4.96859999932,0
paint,16206596.5354,5.49660000019,2
input_age_ms,16206602.2004,9.99998301268e-05,0
pointer_move,16206602.2007,0.00600000098348,2
draw_commands,16206602.2451,0.574999999255,0
end_draw,16206602.8204,10.6391000003,0
paint,16206602.2394,11.2204,2
input_age_ms,16206613.6563,9.99998301268e-05,0
pointer_move,16206613.6566,0.00540000014007,2
draw_commands,16206613.6979,0.522700000554,0
end_draw,16206614.2208,5.32530000061,0
paint,16206613.6934,5.85300000012,2
input_age_ms,16206619.9181,9.99998301268e-05,0
pointer_move,16206619.9184,0.00760000012815,2
draw_commands,16206619.9813,0.705399999395,0
end_draw,16206620.6868,12.8651999999,0
paint,16206619.9706,13.5830000006,2
input_age_ms,16206634.5728,0.00100000016391,0
pointer_move,16206634.5746,0.0223999992013,2
input_age_ms,16206634.943,0.000700000673532,0
pointer_move,16206634.9437,0.0104999989271,2
draw_commands,16206635.1132,0.713800000027,0
end_draw,16206635.8271,10.9952000007,0
paint,16206635.0771,11.7457999997,2
input_age_ms,16206647.1928,0.000499999150634,0
pointer_move,16206647.1937,0.674499999732,2
draw_commands,16206648.0557,0.730799999088,0
end_draw,16206648.7868,7.86419999972,0
paint,16206648.0409,9.08789999969,2
input_age_ms,16206657.8267,0.000399999320507,0
pointer_move,16206657.8276,0.0331999994814,2
draw_commands,16206658.1401,0.807599999011,0
end_draw,16206658.9481,11.5939999986,0
paint,16206658.1224,12.4199000001,2
input_age_ms,16206670.8621,9.99998301268e-05,15
pointer_move,16206670.8626,0.0102999992669,2
draw_commands,16206670.9274,0.642500000075,0
end_draw,16206671.5699,13.2540999986,0
paint,16206670.9183,13.9061000012,2
input_age_ms,16206685.1836,0.000100001692772,16
pointer_move,16206685.1842,0.00899999961257,2
draw_commands,16206685.2446,0.761600000784,0
end_draw,16206686.0072,14.8534999993,0
paint,16206685.2322,15.6302000005,2
input_age_ms,16206701.7409,0,15
pointer_move,16206701.7412,0.0113999992609,2
draw_commands,16206701.8129,0.592000000179,0
end_draw,16206702.405,10.8076000009,0
paint,16206701.8044,11.4091999996,2
input_age_ms,16206713.558,9.99998301268e-05,0
pointer_move,16206713.5585,0.00730000063777,2
draw_commands,16206713.8083,0.677000001073,0
end_draw,16206714.4859,6.83510000072,0
paint,16206713.7983,7.52300000004,2
input_age_ms,16206721.6431,0,0
pointer_move,16206721.6436,0.0074000004679,2
draw_commands,16206721.7259,0.679199999198,0
end_draw,16206722.4054,10.4443999995,0
paint,16206721.7186,11.1314000003,2
input_age_ms,16206733.335,0.00029999949038,16
pointer_move,16206733.3357,0.00870000012219,2
draw_commands,16206733.4302,0.770400000736,0
end_draw,16206734.2011,11.5454000011,0
paint,16206733.4233,12.3234000001,2
input_age_ms,16206746.1178,0.000100001692772,15
pointer_move,16206746.1181,0.00689999945462,2
draw_commands,16206746.2006,0.571100000292,0
end_draw,16206746.7718,7.38849999942,0
paint,16206746.1939,7.96669999883,2
input_age_ms,16206754.5646,0.000199999660254,0
pointer_move,16206754.565,0.0109000001103,2
draw_commands,16206754.6524,0.752000000328,0
end_draw,16206755.4049,11.8113000002,0
paint,16206754.6389,12.5775999986,2
input_age_ms,16206768.1308,0.000600000843406,16
pointer_move,16206768.1324,0.0137999989092,2
draw_commands,16206768.2421,0.811100000516,0
end_draw,16206769.0533,14.0994999986,0
paint,16206768.2209,14.9321000017,2
input_age_ms,16206784.2372,0.000400001183152,16
pointer_move,16206784.2381,0.0271000005305,2
draw_commands,16206784.3496,0.656399998814,0
end_draw,16206785.0062,6.60769999959,0
paint,16206784.3345,7.28010000102,2
input_age_ms,16206792.0862,0.000599998980761,15
pointer_move,16206792.093,0.0953999999911,2
draw_commands,16206792.3941,0.606100000441,0
end_draw,16206793.0005,9.53570000082,0
paint,16206792.3858,10.1513,2
input_age_ms,16206803.2548,0.000600000843406,0
pointer_move,16206803.2559,0.00860000029206,2
draw_commands,16206803.3368,0.697599999607,0
end_draw,16206804.0348,11.9066000003,0
paint,16206803.3239,12.6178000011,2
input_age_ms,16206816.4004,0.00029999949038,16
pointer_move,16206816.4011,0.00899999961257,2
draw_commands,16206816.4845,0.656299998984,0
end_draw,16206817.141,11.2697000001,0
paint,16206816.4727,11.9384000003,2
input_age_ms,16206828.727,0.000499999150634,0
pointer_move,16206828.7278,0.00819999910891,2
draw_commands,16206828.7983,0.652599999681,0
end_draw,16206829.4511,6.81110000052,0
paint,16206828.7882,7.47429999895,2
input_age_ms,16206836.6094,0.00029999949038,0
pointer_move,16206836.6101,0.0208000000566,2
draw_commands,16206836.7505,0.655600000173,0
end_draw,16206837.4062,11.0618000012,0
paint,16206836.7426,11.7255000006,2
input_age_ms,16206848.7174,9.99998301268e-05,0
pointer_move,16206848.7178,0.00919999927282,2
draw_commands,16206848.7799,0.611400000751,0
end_draw,16206849.3914,4.53170000017,0
paint,16206848.7685,5.15499999933,2
input_age_ms,16206854.2015,9.99998301268e-05,0
pointer_move,16206854.2018,0.00710000097752,2
draw_commands,16206854.2589,0.745600000024,0
end_draw,16206855.0046,9.83040000126,0
paint,16206854.2523,10.5829000007,2
input_age_ms,16206865.2357,9.99998301268e-05,0
pointer_move,16206865.2362,0.00989999994636,2
draw_commands,16206865.3194,0.716000000015,0
end_draw,16206866.0354,7.39180000126,0
paint,16206865.3051,8.12230000086,2
input_age_ms,16206873.6697,9.99998301268e-05,0
pointer_move,16206873.6703,0.00760000012815,2
draw_commands,16206873.7154,0.502199999988,0
end_draw,16206874.2176,13.2942000013,0
paint,16206873.7118,13.8004000001,2
input_age_ms,16206887.9737,0.00029999949038,16
pointer_move,16206887.9745,0.00939999893308,2
draw_commands,16206888.0654,0.819399999455,0
end_draw,16206888.8852,12.0960000008,0
paint,16206888.0506,12.9309,2
input_age_ms,16206901.2866,0,0
pointer_move,16206901.2876,0.00679999962449,2
draw_commands,16206901.3443,0.620500000194,0
end_draw,16206901.9649,12.4757000003,0
paint,16206901.3321,13.1087999996,2
input_age_ms,16206914.8485,0.000499999150634,0
pointer_move,16206914.8493,0.0110999997705,2
draw_commands,16206914.9229,0.808499999344,0
end_draw,16206915.7315,8.10830000043,0
paint,16206914.9119,8.92849999852,2
input_age_ms,16206924.7261,0.000199999660254,0
pointer_move,16206924.7268,0.027499999851,2
draw_commands,16206924.8459,3.22670000046,0
end_draw,16206928.0728,9.31640000083,0
paint,16206924.8248,12.5651000012,2
input_age_ms,16206937.8415,0.000200001522899,0
pointer_move,16206937.842,0.0090999994427,2
draw_commands,16206937.9301,0.671900000423,0
end_draw,16206938.6021,8.50520000048,0
paint,16206937.9214,9.18600000069,2
input_age_ms,16206947.3031,0.000100001692772,0
pointer_move,16206947.3034,0.0058999992907,2
draw_commands,16206947.3462,0.490699999034,0
end_draw,16206947.837,6.0764000006,0
paint,16206947.3415,6.57220000029,2
input_age_ms,16206954.2181,9.99998301268e-05,0
pointer_move,16206954.2184,0.00769999995828,2
draw_commands,16206954.2703,0.616499999538,0
end_draw,16206954.8868,9.23479999974,0
paint,16206954.2653,9.85649999976,2
input_age_ms,16206964.7538,0.000100001692772,16
pointer_move,16206964.7543,0.0149000007659,2
draw_commands,16206964.8571,0.582999998704,0
end_draw,16206965.4402,6.17140000127,0
paint,16206964.8486,6.7631000001,2
input_age_ms,16206971.9002,9.99998301268e-05,0
pointer_move,16206971.9007,0.00879999995232,2
draw_commands,16206971.9525,0.536799998954,0
end_draw,16206972.4893,9.09680000134,0
paint,16206971.948,9.63839999959,2
input_age_ms,16206981.7874,9.99998301268e-05,16
pointer_move,16206981.7877,0.00730000063777,2
draw_commands,16206981.8323,0.581900000572,0
end_draw,16206982.4142,7.9450000003,0
paint,16206981.8267,8.53270000033,2
input_age_ms,16206992.3298,0.000199999660254,0
pointer_move,16206992.3303,0.0077999997884,2
draw_commands,16206992.38,0.518499998376,0
end_draw,16206992.8986,6.69019999914,0
paint,16206992.3755,7.21350000054,2
input_age_ms,16207008.5509,0.000400001183152,0
pointer_move,16207008.5515,0.00789999961853,2
draw_commands,16207008.608,0.577200001106,0
end_draw,16207009.1853,1.97100000083,0
paint,16207008.601,2.55550000072,2
input_age_ms,16207054.062,0.000199999660254,0
pointer_move,16207054.0624,0.00569999963045,2
draw_commands,16207054.1223,0.580399999395,0
end_draw,16207054.7028,0.939999999478,0
paint,16207054.1142,1.52930000052,2
input_age_ms,16207079.929,9.99998301268e-05,0
pointer_move,16207079.9294,0.00579999946058,2
draw_commands,16207079.977,0.466099999845,0
end_draw,16207080.4431,0.753399999812,0
paint,16207079.9719,1.22479999997,2
input_age_ms,16207088.3667,0.000200001522899,0
pointer_move,16207088.3671,0.007199998945,2
draw_commands,16207088.4361,0.659199999645,0
end_draw,16207089.0954,0.790699999779,0
paint,16207088.4301,1.4561999999,2
input_age_ms,16207095.9475,0.00029999949038,0
pointer_move,16207095.948,0.0058999992907,2
draw_commands,16207095.9948,0.465600000694,0
end_draw,16207096.4605,0.727600000799,0
paint,16207095.99,1.19830000028,2
input_age_ms,16207104.1148,0.000199999660254,0
pointer_move,16207104.1153,0.00579999946058,2
draw_commands,16207104.1746,0.854000000283,0
end_draw,16207105.0287,0.93779999949,0
paint,16207104.1674,1.80749999918,2
input_age_ms,16207112.0584,0.000300001353025,0
pointer_move,16207112.0589,0.00889999978244,2
draw_commands,16207112.1217,0.523700000718,0
end_draw,16207112.6455,0.953299999237,0
paint,16207112.1141,1.48540000059,2
input_age_ms,16207120.9159,0.000500001013279,15
pointer_move,16207120.9168,0.00899999961257,2
draw_commands,16207121.0165,0.811799999326,0
end_draw,16207121.8288,1.17750000022,0
paint,16207121.0036,2.00280000083,2
input_age_ms,16207128.0943,0.000399999320507,0
pointer_move,16207128.0951,0.00989999994636,2
draw_commands,16207128.1692,0.518000001088,0
end_draw,16207128.6873,1.059799999,0
paint,16207128.1597,1.58770000003,2
input_age_ms,16207136.3789,0.000499999150634,16
pointer_move,16207136.3801,0.022199999541,2
draw_commands,16207136.5032,0.746700000018,0
end_draw,16207137.2501,1.53240000084,0
paint,16207136.488,2.29470000044,2
input_age_ms,16207144.1996,0.000199999660254,0
pointer_move,16207144.2003,0.0119000002742,2
draw_commands,16207144.2785,1.0429999996,0
end_draw,16207145.3216,1.08860000037,0
paint,16207144.2652,2.14539999887,2
input_age_ms,16207152.1729,0.000199999660254,0
pointer_move,16207152.1734,0.0125000011176,2
draw_commands,16207152.2606,0.617200000212,0
end_draw,16207152.8778,1.39839999937,0
paint,16207152.249,2.02740000002,2
input_age_ms,16207160.3548,0.000599998980761,0
pointer_move,16207160.3558,0.0222000014037,2
draw_commands,16207160.4527,0.651999998838,0
end_draw,16207161.1048,1.2723999992,0
paint,16207160.4421,1.93530000001,2
input_age_ms,16207168.2864,0.000400001183152,0
pointer_move,16207168.2874,0.0106000006199,2
draw_commands,16207168.3705,0.548599999398,0
end_draw,16207168.9192,1.44820000045,0
paint,16207168.3598,2.00779999979,2
input_age_ms,16207176.3265,0.00029999949038,0
pointer_move,16207176.3273,0.0100000016391,2
draw_commands,16207176.4067,0.607599999756,0
end_draw,16207177.0144,1.18140000105,0
paint,16207176.3961,1.80010000058,2
input_age_ms,16207184.2201,0.000199999660254,0
pointer_move,16207184.2206,0.00889999978244,2
draw_commands,16207184.2902,0.54679999873,0
end_draw,16207184.8372,1.20219999924,0
paint,16207184.2846,1.75499999896,2
input_age_ms,16207192.2705,0.000499999150634,0
pointer_move,16207192.2713,0.0115000009537,2
draw_commands,16207192.3693,0.768400000408,0
end_draw,16207193.138,3.58019999973,0
paint,16207192.354,4.36490000039,2
input_age_ms,16207200.1137,0.000499999150634,0
pointer_move,16207200.1144,0.00960000045598,2
draw_commands,16207200.1818,0.57880000025,0
end_draw,16207200.7606,3.56289999932,0
paint,16207200.1758,4.14800000004,2
input_age_ms,16207208.2882,0.000199999660254,0
pointer_move,16207208.2887,0.012800000608,2
draw_commands,16207208.3873,0.645100001246,0
end_draw,16207209.0325,6.1922999993,0
paint,16207208.3722,6.85280000046,2
input_age_ms,16207216.2735,0.000200001522899,0
pointer_move,16207216.2741,0.0102999992669,2
draw_commands,16207216.3659,0.719599999487,0
end_draw,16207217.0856,6.33510000072,0
paint,16207216.3534,7.06790000014,2
input_age_ms,16207224.2391,0.000399999320507,0
pointer_move,16207224.2407,0.00849999859929,2
draw_commands,16207224.3043,0.611599998549,0
end_draw,16207224.9159,8.38980000094,0
paint,16207224.2957,9.01019999944,2
input_age_ms,16207233.5956,9.99998301268e-05,0
pointer_move,16207233.5962,0.0058999992907,2
draw_commands,16207233.6495,0.54619999975,0
end_draw,16207234.1958,10.4123999998,0
paint,16207233.642,10.9663999993,2
input_age_ms,16207244.906,0.000199999660254,0
pointer_move,16207244.9064,0.0100999996066,2
draw_commands,16207244.9678,0.658299999312,0
end_draw,16207245.6261,6.18119999953,0
paint,16207244.9583,6.84919999912,2
input_age_ms,16207252.0474,9.99998301268e-05,0
pointer_move,16207252.0477,0.00519999861717,2
draw_commands,16207252.0887,1.19879999943,0
end_draw,16207253.2878,11.6810000017,0
paint,16207252.0855,12.8835000005,2
input_age_ms,16207265.304,9.99998301268e-05,0
pointer_move,16207265.3042,0.0054999999702,2
draw_commands,16207265.355,0.653300000355,0
end_draw,16207266.0083,6.04459999874,0
paint,16207265.3423,6.71079999954,2
input_age_ms,16207272.7016,0.000599998980761,0
pointer_move,16207272.7026,0.00889999978244,2
draw_commands,16207272.859,0.640500001609,0
end_draw,16207273.4998,7.84899999946,0
paint,16207272.8477,8.50200000033,2
input_age_ms,16207281.5521,0.000199999660254,0
pointer_move,16207281.5524,0.00559999980032,2
draw_commands,16207281.5956,0.513100000098,0
end_draw,16207282.1089,6.16940000094,0
paint,16207281.5909,6.68759999983,2
input_age_ms,16207296.0974,0.000199999660254,0
pointer_move,16207296.0978,0.00879999995232,2
draw_commands,16207296.1659,0.559399999678,0
end_draw,16207296.7254,0.974299998954,0
paint,16207296.157,1.54289999977,2
input_age_ms,16207304.7486,0.000599998980761,0
pointer_move,16207304.7496,0.00659999996424,2
draw_commands,16207304.8131,0.635399999097,0
end_draw,16207305.4486,1.14240000024,0
paint,16207304.8055,1.78569999896,2
input_age_ms,16207312.13,0.000199999660254,0
pointer_move,16207312.1304,0.00960000045598,2
draw_commands,16207312.1931,0.54639999941,0
end_draw,16207312.7396,1.82859999873,0
paint,16207312.1866,2.38179999962,2
input_age_ms,16207320.2823,0.000200001522899,0
pointer_move,16207320.2829,0.0113999992609,2
draw_commands,16207320.381,0.694400001317,0
end_draw,16207321.0755,1.40589999966,0
paint,16207320.3665,2.11529999971,2
input_age_ms,16207328.4333,0.000500001013279,0
pointer_move,16207328.4342,0.00950000062585,2
draw_commands,16207328.5499,0.794499998912,0
end_draw,16207329.3446,5.78100000136,0
paint,16207328.5294,6.59649999999,2
input_age_ms,16207336.2569,9.99998301268e-05,0
pointer_move,16207336.2574,0.0310999993235,2
draw_commands,16207336.3795,0.710000000894,0
end_draw,16207337.0896,7.92259999923,0
paint,16207336.3662,8.64619999938,2
input_age_ms,16207345.1942,9.99998301268e-05,0
pointer_move,16207345.1946,0.00500000081956,2
draw_commands,16207345.2349,0.493100000545,0
end_draw,16207345.728,5.21649999917,0
paint,16207345.2299,5.71490000002,2
input_age_ms,16207352.0935,0.000199999660254,0
pointer_move,16207352.094,0.00809999927878,2
draw_commands,16207352.1569,0.507400000468,0
end_draw,16207352.6644,8.94539999962,0
paint,16207352.1494,9.4608000014,2
input_age_ms,16207362.3785,0.00029999949038,0
pointer_move,16207362.3792,0.0206000003964,2
draw_commands,16207362.5256,0.707200000063,0
end_draw,16207363.2331,5.86239999905,0
paint,16207362.5159,6.58019999973,2
input_age_ms,16207521.1681,0.000500001013279,0
pointer_move,16207521.1689,0.0159000009298,2
draw_commands,16207521.3609,0.674699999392,0
end_draw,16207522.0358,1.22580000013,0
paint,16207521.3549,1.90709999949,2
input_age_ms,16207528.1636,0.000199999660254,0
pointer_move,16207528.1642,0.00739999860525,2
draw_commands,16207528.2238,0.541799999774,0
end_draw,16207528.7657,0.791600000113,0
paint,16207528.2152,1.34219999984,2
input_age_ms,16207536.6882,0.000399999320507,0
pointer_move,16207536.6894,0.0211999993771,2
draw_commands,16207537.1497,0.550199998543,0
end_draw,16207537.7,0.726999999955,0
paint,16207537.1431,1.28399999999,2
input_age_ms,16207544.2684,0.00029999949038,0
pointer_move,16207544.269,0.0074000004679,2
draw_commands,16207544.3268,0.549499999732,0
end_draw,16207544.8764,0.881500000134,0
paint,16207544.3232,1.43489999883,2
input_age_ms,16207552.4458,0.000199999660254,0
pointer_move,16207552.4463,0.00850000046194,2
draw_commands,16207552.499,0.740800000727,0
end_draw,16207553.2399,1.05439999886,0
paint,16207552.493,1.80159999989,2
input_age_ms,16207560.3888,9.99998301268e-05,0
pointer_move,16207560.3897,0.00810000114143,2
draw_commands,16207560.4558,0.543700000271,0
end_draw,16207560.9995,0.86959999986,0
paint,16207560.4472,1.42210000008,2
input_age_ms,16207568.5002,0.000400001183152,0
pointer_move,16207568.5009,0.0109999999404,2
draw_commands,16207568.5689,0.530500000343,0
end_draw,16207569.0995,1.0717999991,0
paint,16207568.561,1.6110999994,2
input_age_ms,16207576.9132,0.000399999320507,0
pointer_move,16207576.9139,0.00880000181496,2
draw_commands,16207576.9856,0.566299999133,0
end_draw,16207577.552,0.95320000127,0
paint,16207576.9746,1.53079999983,2
input_age_ms,16207584.4869,0.00029999949038,0
pointer_move,16207584.4875,0.00899999961257,2
draw_commands,16207584.5471,0.51070000045,0
end_draw,16207585.0579,0.77469999902,0
paint,16207584.5393,1.29360000044,2
input_age_ms,16207592.5736,0.00029999949038,0
pointer_move,16207592.5742,0.0369999986142,2
draw_commands,16207592.7366,0.501799998805,0
end_draw,16207593.2386,0.76949999854,0
paint,16207592.7304,1.27779999934,2
input_age_ms,16207600.4272,0.000199999660254,0
pointer_move,16207600.4278,0.00590000115335,2
draw_commands,16207600.4767,0.454399999231,0
end_draw,16207600.9312,0.706199999899,0
paint,16207600.4717,1.16589999944,2
input_age_ms,16207608.4259,0.000300001353025,0
pointer_move,16207608.4267,0.00669999979436,2
draw_commands,16207608.4801,0.486399998888,0
end_draw,16207608.9666,0.792799999937,0
paint,16207608.4743,1.28519999981,2
input_age_ms,16207616.4191,0.00029999949038,0
pointer_move,16207616.4199,0.00579999946058,2
draw_commands,16207616.4683,0.472699999809,0
end_draw,16207616.9411,0.679500000551,0
paint,16207616.4645,1.15619999915,2
input_age_ms,16207624.1978,9.99998301268e-05,0
pointer_move,16207624.1983,0.00689999945462,2
draw_commands,16207624.2493,0.490199999884,0
end_draw,16207624.7395,0.721400000155,0
paint,16207624.2451,1.21589999832,2
input_age_ms,16207632.4596,9.99998301268e-05,0
pointer_move,16207632.46,0.00809999927878,2
draw_commands,16207632.5221,0.524100000039,0
end_draw,16207633.0462,0.722799999639,0
paint,16207632.514,1.25509999879,2
input_age_ms,16207640.3888,0.000399999320507,0
pointer_move,16207640.3894,0.0074000004679,2
draw_commands,16207640.4431,0.492300000042,0
end_draw,16207640.9355,1.0064000003,0
paint,16207640.4378,1.50410000049,2
input_age_ms,16207648.5343,0.000500001013279,0
pointer_move,16207648.535,0.00899999961257,2
draw_commands,16207648.6006,0.553299998865,0
end_draw,16207649.1539,0.943400001153,0
paint,16207648.5931,1.50449999981,2
input_age_ms,16207656.9285,0.000599998980761,0
pointer_move,16207656.9295,0.0127999987453,2
draw_commands,16207657.0271,0.694299999624,0
end_draw,16207657.7215,1.21560000069,0
paint,16207657.0156,1.92190000042,2
input_age_ms,16207664.516,0.000199999660254,0
pointer_move,16207664.5165,0.00600000098348,2
draw_commands,16207664.5648,0.503299999982,0
end_draw,16207665.0682,0.904400000349,0
paint,16207664.5577,1.41569999978,2
input_age_ms,16207673.2967,0.000399999320507,0
pointer_move,16207673.2975,0.0662000011653,2
draw_commands,16207673.4967,0.551200000569,0
end_draw,16207674.048,0.963399998844,0
paint,16207673.4913,1.52019999921,2
input_age_ms,16207680.6166,0.000400001183152,0
pointer_move,16207680.6173,0.00669999979436,2
draw_commands,16207680.6877,0.502600001171,0
end_draw,16207681.1905,0.829900000244,0
paint,16207680.6813,1.33920000121,2
input_age_ms,16207688.726,0.000600000843406,0
pointer_move,16207688.7269,0.0102999992669,2
draw_commands,16207688.8031,0.619800001383,0
end_draw,16207689.4231,1.08100000024,0
paint,16207688.7952,1.70930000022,2
input_age_ms,16207696.591,9.99998301268e-05,0
pointer_move,16207696.5913,0.00840000063181,2
draw_commands,16207696.6569,0.603900000453,0
end_draw,16207697.2609,0.912599999458,0
paint,16207696.6476,1.5262000002,2
input_age_ms,16207705.2116,0.000900000333786,0
pointer_move,16207705.213,0.0163000002503,2
draw_commands,16207705.2835,0.879699999467,0
end_draw,16207706.1634,1.1724999994,0
paint,16207705.2777,2.05840000138,2
input_age_ms,16207713.2456,0.000600000843406,0
pointer_move,16207713.2464,0.00739999860525,2
draw_commands,16207713.3509,0.568600000814,0
end_draw,16207713.9196,0.971999999136,0
paint,16207713.3443,1.5474999994,2
input_age_ms,16207723.7462,0.000399999320507,0
pointer_move,16207723.7469,0.0105000007898,2
draw_commands,16207723.831,0.608400000259,0
end_draw,16207724.4394,1.03969999962,0
paint,16207723.8205,1.65890000015,2
input_age_ms,16207728.4389,0.000300001353025,0
pointer_move,16207728.4397,0.00870000012219,2
draw_commands,16207728.5098,0.543700000271,0
end_draw,16207729.0535,1.20500000007,0
paint,16207728.4998,1.75889999978,2
input_age_ms,16207736.7776,0.000500001013279,0
pointer_move,16207736.779,0.0218000002205,2
draw_commands,16207736.9182,0.75549999997,0
end_draw,16207737.6738,2.09069999866,0
paint,16207736.9008,2.86419999972,2
input_age_ms,16207745.2021,0.000600000843406,0
pointer_move,16207745.2029,0.013900000602,2
draw_commands,16207745.3056,0.801400000229,0
end_draw,16207746.1071,1.47229999863,0
paint,16207745.2926,2.28749999963,2
input_age_ms,16207752.5636,0.000199999660254,0
pointer_move,16207752.5641,0.00769999995828,2
draw_commands,16207752.8388,0.719499999657,0
end_draw,16207753.5587,3.36639999971,0
paint,16207752.8223,4.10319999978,2
input_age_ms,16207760.7894,0.000199999660254,0
pointer_move,16207760.7901,0.00629999861121,2
draw_commands,16207760.8494,0.765399999917,0
end_draw,16207761.6152,4.82279999927,0
paint,16207760.8403,5.59790000133,2
input_age_ms,16207768.3385,9.99998301268e-05,0
pointer_move,16207768.3389,0.00600000098348,2
draw_commands,16207768.3942,0.478199999779,0
end_draw,16207768.8725,9.27009999938,0
paint,16207768.3898,9.75300000049,2
input_age_ms,16207778.434,9.99998301268e-05,16
pointer_move,16207778.4345,0.00720000080764,2
draw_commands,16207778.4943,0.520299999043,0
end_draw,16207779.0146,4.90750000067,0
paint,16207778.4851,5.43720000051,2
input_age_ms,16207784.3607,0.000199999660254,0
pointer_move,16207784.3611,0.00559999980032,2
draw_commands,16207784.4043,0.499299999326,0
end_draw,16207784.9037,7.53509999998,0
paint,16207784.3993,8.03979999945,2
input_age_ms,16207793.4485,0.000600000843406,15
pointer_move,16207793.4502,0.0256999991834,2
draw_commands,16207793.6891,0.677400000393,0
end_draw,16207794.3666,6.33280000091,0
paint,16207793.6819,7.01779999956,2
input_age_ms,16207800.9662,0.00029999949038,0
pointer_move,16207800.9667,0.00679999962449,2
draw_commands,16207801.0219,0.615699999034,0
end_draw,16207801.6377,11.9193999991,0
paint,16207801.0141,12.5433999989,2
input_age_ms,16207813.7626,0.000100001692772,16
pointer_move,16207813.7629,0.00679999962449,2
draw_commands,16207813.805,0.487999999896,0
end_draw,16207814.2931,6.36120000109,0
paint,16207813.8007,6.8545000013,2
input_age_ms,16207821.7213,0.00109999999404,0
pointer_move,16207821.724,0.0250000003725,2
draw_commands,16207821.9278,1.64190000109,0
end_draw,16207823.5703,6.84649999999,0
paint,16207821.8941,8.52309999987,2
input_age_ms,16207830.7777,0.000199999660254,0
pointer_move,16207830.7784,0.0187999997288,2
draw_commands,16207830.8687,0.665300000459,0
end_draw,16207831.5341,15.934700001,0
paint,16207830.8537,16.6153999995,2
input_age_ms,16207848.0409,0.000500001013279,0
pointer_move,16207848.0418,0.00950000062585,2
draw_commands,16207848.1455,0.781499998644,0
end_draw,16207848.9283,7.73409999907,0
paint,16207848.1297,8.53299999982,2
input_age_ms,16207857.0682,0.000600000843406,0
pointer_move,16207857.0691,0.0121999997646,2
draw_commands,16207857.1482,0.580900000408,0
end_draw,16207857.7292,13.1886999998,0
paint,16207857.1387,13.7796,2
input_age_ms,16207871.8753,0.000900000333786,15
pointer_move,16207871.8768,0.027499999851,2
draw_commands,16207872.0644,1.66969999857,0
end_draw,16207873.7345,9.88560000062,0
paint,16207872.0323,11.588200001,2
input_age_ms,16207883.8864,0.000200001522899,0
pointer_move,16207883.887,0.0058999992907,2
draw_commands,16207883.9414,0.544900000095,0
end_draw,16207884.4863,11.7239999995,0
paint,16207883.9357,12.2749000005,2
input_age_ms,16207896.6949,0.000399999320507,0
pointer_move,16207896.6956,0.0137000009418,2
draw_commands,16207896.7973,0.742699999362,0
end_draw,16207897.5401,5.01159999892,0
paint,16207896.7812,5.77080000006,2
input_age_ms,16207902.9699,9.99998301268e-05,16
pointer_move,16207902.9703,0.0220999997109,2
draw_commands,16207903.0861,0.849799999967,0
end_draw,16207903.9362,9.09129999951,0
paint,16207903.0756,9.95219999924,2
input_age_ms,16207913.2199,9.99998301268e-05,0
pointer_move,16207913.2201,0.00609999895096,2
draw_commands,16207913.2622,0.510099999607,0
end_draw,16207913.7723,5.1472000014,0
paint,16207913.2578,5.66190000065,2
input_age_ms,16207921.2833,0.000300001353025,0
pointer_move,16207921.2842,0.0120000001043,2
draw_commands,16207921.4013,0.759299999103,0
end_draw,16207922.1722,8.43290000036,0
paint,16207921.382,9.22330000065,2
input_age_ms,16207930.8504,0.00029999949038,0
pointer_move,16207930.8508,0.00679999962449,2
draw_commands,16207930.8996,0.514600001276,0
end_draw,16207931.4143,5.98269999959,0
paint,16207930.8948,6.50249999948,2
input_age_ms,16207937.8232,0.000399999320507,0
pointer_move,16207937.8239,0.0122000016272,2
draw_commands,16207937.9162,1.02129999921,0
end_draw,16207938.9378,9.658400001,0
paint,16207937.9017,10.6948000006,2
input_age_ms,16207949.256,0.000400001183152,15
pointer_move,16207949.2568,0.00879999995232,2
draw_commands,16207949.334,0.628399999812,0
end_draw,16207949.9625,12.2024999987,0
paint,16207949.324,12.8412000015,2
input_age_ms,16207962.3827,9.99998301268e-05,0
pointer_move,16207962.3829,0.00640000030398,2
draw_commands,16207962.4252,0.475499998778,0
end_draw,16207962.9008,5.20169999823,0
paint,16207962.4221,5.68070000038,2
input_age_ms,16207968.4989,9.99998301268e-05,0
pointer_move,16207968.4993,0.00559999980032,2
draw_commands,16207968.5407,0.467600001022,0
end_draw,16207969.0083,9.71529999934,0
paint,16207968.5361,10.1875999998,2
input_age_ms,16207978.9167,9.99998301268e-05,0
pointer_move,16207978.917,0.00630000047386,2
draw_commands,16207978.9567,0.488399999216,0
end_draw,16207979.4452,6.17210000008,0
paint,16207978.9529,6.66469999962,2
input_age_ms,16207985.8108,0.000100001692772,0
pointer_move,16207985.811,0.00669999979436,2
draw_commands,16207985.8541,0.560399999842,0
end_draw,16207986.4145,9.56750000082,0
paint,16207985.8492,10.1330000013,2
input_age_ms,16207996.2401,9.99998301268e-05,15
pointer_move,16207996.2403,0.00540000014007,2
draw_commands,16207996.2849,0.537399999797,0
end_draw,16207996.8224,9.44570000097,0
paint,16207996.2793,9.99019999988,2
input_age_ms,16208007.3107,0.000600000843406,0
pointer_move,16208007.3121,0.0525000002235,2
draw_commands,16208007.5446,0.823799999431,0
end_draw,16208008.3685,9.43700000085,0
paint,16208007.5322,10.2741,2
input_age_ms,16208018.1018,9.99998301268e-05,0
pointer_move,16208018.1021,0.00540000014007,2
draw_commands,16208018.1496,0.587700000033,0
end_draw,16208018.7374,12.0765999984,0
paint,16208018.1399,12.6743000001,2
input_age_ms,16208031.126,9.99998301268e-05,16
pointer_move,16208031.1265,0.00889999978244,2
draw_commands,16208031.1843,0.582599999383,0
end_draw,16208031.7669,8.02419999987,0
paint,16208031.1793,8.61219999939,2
input_age_ms,16208040.4525,0.00029999949038,0
pointer_move,16208040.4533,0.0265000015497,2
draw_commands,16208040.6116,0.898499999195,0
end_draw,16208041.5107,12.0538999997,0
paint,16208040.6029,12.9620999992,2
input_age_ms,16208053.9979,0.000600000843406,15
pointer_move,16208053.9987,0.0235999990255,2
draw_commands,16208054.1185,0.757500000298,0
end_draw,16208054.8762,7.83610000089,0
paint,16208054.1089,8.60360000096,2
input_age_ms,16208062.949,0.000100001692772,16
pointer_move,16208062.9496,0.00640000030398,2
draw_commands,16208062.9932,0.496500000358,0
end_draw,16208063.4897,5.57780000009,0
paint,16208062.9881,6.07960000075,2
input_age_ms,16208069.284,9.99998301268e-05,0
pointer_move,16208069.2843,0.00679999962449,2
draw_commands,16208069.3286,0.73949999921,0
end_draw,16208070.0686,9.66549999826,0
paint,16208069.3241,10.4104999993,2
input_age_ms,16208080.028,0.000599998980761,15
pointer_move,16208080.029,0.00760000012815,2
draw_commands,16208080.1027,0.549300000072,0
end_draw,16208080.6521,5.05969999917,0
paint,16208080.0925,5.61950000003,2
input_age_ms,16208085.8941,0.000100001692772,0
pointer_move,16208085.8944,0.0058999992907,2
draw_commands,16208085.936,0.612999999896,0
end_draw,16208086.5491,8.27280000038,0
paint,16208085.9307,8.89140000008,2
input_age_ms,16208160.2217,0.000199999660254,0
pointer_move,16208160.2226,0.00689999945462,2
draw_commands,16208160.2722,0.456000000238,0
end_draw,16208160.7283,0.756300000474,0
paint,16208160.2667,1.2182,2
input_age_ms,16208168.1854,0.000199999660254,0
pointer_move,16208168.1865,0.00669999979436,2
draw_commands,16208168.2336,0.468900000677,0
end_draw,16208168.7025,0.766499999911,0
paint,16208168.2286,1.24080000073,2
input_age_ms,16208176.2557,0.000500001013279,0
pointer_move,16208176.2565,0.00870000012219,2
draw_commands,16208176.3123,0.502499999478,0
end_draw,16208176.8149,0.906799999997,0
paint,16208176.3062,1.41579999961,2
input_age_ms,16208184.3653,9.99998301268e-05,0
pointer_move,16208184.3661,0.007199998945,2
draw_commands,16208184.42,0.509300000966,0
end_draw,16208184.9293,0.731399999931,0
paint,16208184.4133,1.24750000052,2
input_age_ms,16208192.2581,9.99998301268e-05,0
pointer_move,16208192.2584,0.00609999895096,2
draw_commands,16208192.309,0.52170000039,0
end_draw,16208192.8307,1.27769999951,0
paint,16208192.3033,1.80519999936,2
input_age_ms,16208200.6751,0.000799998641014,0
pointer_move,16208200.6765,0.0108000002801,2
draw_commands,16208200.7517,0.55199999921,0
end_draw,16208201.3038,0.966700000688,0
paint,16208200.7421,1.52869999968,2
input_age_ms,16208208.5122,0.000700000673532,0
pointer_move,16208208.5133,0.00960000045598,2
draw_commands,16208208.612,0.528300000355,0
end_draw,16208209.1404,0.929300000891,0
paint,16208208.6043,1.46570000052,2
input_age_ms,16208216.332,0.000399999320507,0
pointer_move,16208216.333,0.00659999996424,2
draw_commands,16208216.3824,0.473799999803,0
end_draw,16208216.8563,0.858400000259,0
paint,16208216.3769,1.33789999969,2
input_age_ms,16208224.7484,0.000199999660254,0
pointer_move,16208224.7544,0.0124999992549,2
draw_commands,16208224.8276,0.543899999931,0
end_draw,16208225.3715,0.791400000453,0
paint,16208224.8206,1.34250000119,2
input_age_ms,16208232.3359,9.99998301268e-05,0
pointer_move,16208232.3363,0.00709999911487,2
draw_commands,16208232.3922,0.512599999085,0
end_draw,16208232.9048,0.811300000176,0
paint,16208232.3856,1.33059999906,2
input_age_ms,16208240.4263,0.000199999660254,0
pointer_move,16208240.4269,0.00860000029206,2
draw_commands,16208240.4872,0.541799999774,0
end_draw,16208241.0291,1.0346999988,0
paint,16208240.482,1.58189999871,2
input_age_ms,16208248.2951,0.00029999949038,0
pointer_move,16208248.2958,0.00699999928474,2
draw_commands,16208248.3562,0.508400000632,0
end_draw,16208248.8647,0.886799998581,0
paint,16208248.3482,1.40339999832,2
input_age_ms,16208256.6524,0.000600000843406,0
pointer_move,16208256.6535,0.0138000007719,2
draw_commands,16208256.7654,0.601900000125,0
end_draw,16208257.3674,0.797499999404,0
paint,16208256.7573,1.40769999847,2
input_age_ms,16208264.5304,0.00029999949038,0
pointer_move,16208264.5309,0.00760000012815,2
draw_commands,16208264.5949,0.551199998707,0
end_draw,16208265.1461,0.849999999627,0
paint,16208264.5849,1.41170000099,2
input_age_ms,16208272.849,0.000500001013279,0
pointer_move,16208272.85,0.0130000002682,2
draw_commands,16208272.954,0.832499999553,0
end_draw,16208273.7867,0.899100000039,0
paint,16208272.9442,1.74170000106,2
input_age_ms,16208280.2771,9.99998301268e-05,0
pointer_move,16208280.2775,0.00579999946058,2
draw_commands,16208280.3254,0.488599998876,0
end_draw,16208280.814,0.746700000018,0
paint,16208280.3202,1.2405999992,2
input_age_ms,16208288.6671,0.000500001013279,0
pointer_move,16208288.6683,0.0123000014573,2
draw_commands,16208288.7611,0.777799999341,0
end_draw,16208289.5393,0.93779999949,0
paint,16208288.7473,1.72999999858,2
input_age_ms,16208296.3144,0.000199999660254,0
pointer_move,16208296.3148,0.00600000098348,2
draw_commands,16208296.3661,0.49469999969,0
end_draw,16208296.8609,0.752000000328,0
paint,16208296.3613,1.25159999914,2
input_age_ms,16208304.8306,0.000499999150634,0
pointer_move,16208304.8314,0.0124000012875,2
draw_commands,16208304.9422,1.41889999993,0
end_draw,16208306.3612,1.31469999999,0
paint,16208304.9304,2.74569999985,2
input_age_ms,16208312.5092,0.000200001522899,0
pointer_move,16208312.5097,0.00669999979436,2
draw_commands,16208312.6332,0.484200000763,0
end_draw,16208313.1175,0.940700000152,0
paint,16208312.6262,1.43209999986,2
input_age_ms,16208321.6986,0.000399999320507,0
pointer_move,16208321.6998,0.00920000113547,2
draw_commands,16208321.7874,0.767100000754,0
end_draw,16208322.5546,2.37609999999,0
paint,16208321.7744,3.1568,2
input_age_ms,16208328.2769,0.000499999150634,0
pointer_move,16208328.2778,0.00590000115335,2
draw_commands,16208328.3265,0.584099998698,0
end_draw,16208328.9107,0.821699999273,0
paint,16208328.3205,1.41200000048,2
input_age_ms,16208336.5706,0.000400001183152,0
pointer_move,16208336.5715,0.00910000130534,2
draw_commands,16208336.6729,0.793399998918,0
end_draw,16208337.4666,1.57269999944,0
paint,16208336.6582,2.38130000047,2
input_age_ms,16208344.3561,0.000199999660254,0
pointer_move,16208344.3565,0.00679999962449,2
draw_commands,16208344.4118,0.547599999234,0
end_draw,16208344.9595,0.803999999538,0
paint,16208344.405,1.35859999992,2
input_age_ms,16208353.7158,0.00029999949038,0
pointer_move,16208353.7166,0.0113999992609,2
draw_commands,16208353.8208,1.11919999868,0
end_draw,16208354.9405,1.86019999906,0
paint,16208353.8085,2.99250000156,2
input_age_ms,16208360.5675,0.000599998980761,0
pointer_move,16208360.5684,0.0074000004679,2
draw_commands,16208360.6307,0.758600000292,0
end_draw,16208361.3894,1.31010000035,0
paint,16208360.6228,2.07679999992,2
input_age_ms,16208368.361,0.000199999660254,0
pointer_move,16208368.3616,0.00650000013411,2
draw_commands,16208368.4139,0.538500001654,0
end_draw,16208368.9525,1.0728999991,0
paint,16208368.4099,1.61579999886,2
input_age_ms,16208384.4965,0.000499999150634,0
pointer_move,16208384.4973,0.00839999876916,2
draw_commands,16208384.5805,0.606700001284,0
end_draw,16208385.1872,1.54629999958,0
paint,16208384.5712,2.16259999946,2
input_age_ms,16208448.5129,0.000199999660254,0
pointer_move,16208448.5134,0.00630000047386,2
draw_commands,16208448.5657,0.513699999079,0
end_draw,16208449.0795,0.814999999478,0
paint,16208448.5592,1.33540000021,2
input_age_ms,16208456.9306,0.000900000333786,0
pointer_move,16208456.9323,0.00600000098348,2
draw_commands,16208456.983,0.694700000808,0
end_draw,16208457.678,1.38990000077,0
paint,16208456.9777,2.09039999917,2
input_age_ms,16208464.5927,9.99998301268e-05,16
pointer_move,16208464.593,0.007199998945,2
draw_commands,16208464.6502,0.581000000238,0
end_draw,16208465.2313,0.877699999139,0
paint,16208464.644,1.46520000137,2
input_age_ms,16208472.7135,0.000399999320507,0
pointer_move,16208472.7147,0.00860000029206,2
draw_commands,16208472.7838,0.559200000018,0
end_draw,16208473.3433,0.857000000775,0
paint,16208472.7768,1.42360000126,2
input_age_ms,16208480.5836,0.000400001183152,16
pointer_move,16208480.5847,0.0119000002742,2
draw_commands,16208480.6599,0.544900000095,0
end_draw,16208481.2048,0.927400000393,0
paint,16208480.6488,1.48369999975,2
input_age_ms,16208488.7924,0.000399999320507,0
pointer_move,16208488.7931,0.0097000002861,2
draw_commands,16208488.8828,0.675799999386,0
end_draw,16208489.5586,0.906300000846,0
paint,16208488.8712,1.60309999995,2
input_age_ms,16208496.3255,9.99998301268e-05,0
pointer_move,16208496.3258,0.00569999963045,2
draw_commands,16208496.3715,0.469000000507,0
end_draw,16208496.8406,0.693599998951,0
paint,16208496.368,1.16619999893,2
input_age_ms,16208505.0623,0.000599998980761,0
pointer_move,16208505.0633,0.0094999987632,2
draw_commands,16208505.1526,0.82349999994,0
end_draw,16208505.9762,1.35290000029,0
paint,16208505.1392,2.19009999931,2
input_age_ms,16208512.3242,0.00029999949038,0
pointer_move,16208512.3249,0.00500000081956,2
draw_commands,16208512.3717,0.558700000867,0
end_draw,16208512.9305,0.866099998355,0
paint,16208512.3645,1.43220000155,2
input_age_ms,16208521.6329,0.000400001183152,0
pointer_move,16208521.634,0.0120000001043,2
draw_commands,16208521.7293,0.927400000393,0
end_draw,16208522.6568,1.55409999937,0
paint,16208521.7168,2.49450000003,2
input_age_ms,16208528.4735,0.00029999949038,0
pointer_move,16208528.4742,0.00710000097752,2
draw_commands,16208528.5344,0.898500001058,0
end_draw,16208529.433,0.961500000209,0
paint,16208528.5265,1.86840000004,2
input_age_ms,16208536.6956,0.000700000673532,0
pointer_move,16208536.6966,0.00850000046194,2
draw_commands,16208536.7779,0.743800001219,0
end_draw,16208537.5218,1.42889999971,0
paint,16208536.7668,2.18410000019,2
input_age_ms,16208544.752,0.000399999320507,0
pointer_move,16208544.7528,0.00639999844134,2
draw_commands,16208544.8411,0.659800000489,0
end_draw,16208545.501,1.69620000012,0
paint,16208544.8365,2.36099999957,2
input_age_ms,16208552.9871,0.000300001353025,0
pointer_move,16208552.9879,0.0252999998629,2
draw_commands,16208553.0985,1.46710000001,0
end_draw,16208554.566,1.51370000094,0
paint,16208553.086,2.99400000088,2
input_age_ms,16208560.7373,0.000300001353025,0
pointer_move,16208560.7378,0.00540000014007,2
draw_commands,16208560.7883,0.566299999133,0
end_draw,16208561.3547,1.25320000015,0
paint,16208560.7839,1.82420000061,2
input_age_ms,16208568.84,0.00029999949038,0
pointer_move,16208568.8408,0.00839999876916,2
draw_commands,16208568.9045,0.668800000101,0
end_draw,16208569.5734,1.71079999954,0
paint,16208568.896,2.38839999959,2
input_age_ms,16208576.3482,0.000199999660254,0
pointer_move,16208576.3486,0.00809999927878,2
draw_commands,16208576.4052,0.573599999771,0
end_draw,16208576.9789,1.0223999992,0
paint,16208576.3989,1.60339999944,2
input_age_ms,16208584.4587,0.000300001353025,0
pointer_move,16208584.4593,0.00760000012815,2
draw_commands,16208584.5209,0.586600000039,0
end_draw,16208585.1076,0.814999999478,0
paint,16208584.5129,1.40990000032,2
input_age_ms,16208592.3557,0.000300001353025,0
pointer_move,16208592.3563,0.00699999928474,2
draw_commands,16208592.4089,0.554800000042,0
end_draw,16208592.9637,0.955099999905,0
paint,16208592.4033,1.51640000008,2
input_age_ms,16208600.8288,9.99998301268e-05,0
pointer_move,16208600.8292,0.00669999979436,2
draw_commands,16208600.8861,0.644999999553,0
end_draw,16208601.5311,1.13850000128,0
paint,16208600.8799,1.79000000097,2
input_age_ms,16208608.4645,0.000399999320507,0
pointer_move,16208608.4653,0.00950000062585,2
draw_commands,16208608.524,0.598899999633,0
end_draw,16208609.1229,1.09649999999,0
paint,16208608.5186,1.70119999908,2
input_age_ms,16208616.381,0.000200001522899,0
pointer_move,16208616.3815,0.00850000046194,2
draw_commands,16208616.4419,0.536800000817,0
end_draw,16208616.9788,0.82880000025,0
paint,16208616.4342,1.37370000035,2
input_age_ms,16208624.3004,0.000199999660254,0
pointer_move,16208624.3009,0.00710000097752,2
draw_commands,16208624.3529,0.563899999484,0
end_draw,16208624.9169,0.990900000557,0
paint,16208624.3481,1.55990000069,2
input_age_ms,16208632.4491,0.000199999660254,0
pointer_move,16208632.4496,0.00809999927878,2
draw_commands,16208632.5169,0.574400000274,0
end_draw,16208633.0914,0.879399999976,0
paint,16208632.5086,1.46240000054,2
input_age_ms,16208640.597,0.000200001522899,0
pointer_move,16208640.5977,0.0113999992609,2
draw_commands,16208640.6711,0.577600000426,0
end_draw,16208641.2488,0.776200000197,0
paint,16208640.6655,1.35969999991,2
input_age_ms,16208648.4223,9.99998301268e-05,0
pointer_move,16208648.4228,0.00819999910891,2
draw_commands,16208648.4853,0.594099998474,0
end_draw,16208649.0795,0.960299998522,0
paint,16208648.4782,1.56179999933,2
input_age_ms,16208664.7428,0.000400001183152,0
pointer_move,16208664.7436,0.0148000009358,2
draw_commands,16208664.8279,0.664799999446,0
end_draw,16208665.4928,1.28370000049,0
paint,16208664.8189,1.95779999904,2
input_age_ms,16208728.1576,9.99998301268e-05,0
pointer_move,16208728.1579,0.00520000047982,2
draw_commands,16208728.2184,0.52680000104,0
end_draw,16208728.7453,0.865899998695,0
paint,16208728.2123,1.39919999987,2
input_age_ms,16208806.199,0.000500001013279,0
pointer_move,16208806.1998,0.00879999995232,2
draw_commands,16208806.3158,0.786800000817,0
end_draw,16208807.1026,1.15069999918,0
paint,16208806.3108,1.94299999997,2
draw_commands,16208896.7001,0.690300000831,0
end_draw,16208897.3905,2.79629999958,0
paint,16208896.6908,3.4963000007,2
input_age_ms,16209004.2541,0.000199999660254,0
pointer_move,16209004.2544,0.00999999977648,2
draw_commands,16209004.3757,0.638999998569,0
end_draw,16209005.0147,1.42560000159,0
paint,16209004.3697,2.07090000063,2
draw_commands,16209009.3323,0.642400000244,0
end_draw,16209009.9748,1.12470000051,0
paint,16209009.3235,1.77630000003,2
input_age_ms,16209064.2435,9.99998301268e-05,0
pointer_move,16209064.2491,0.00659999996424,2
draw_commands,16209064.3281,0.604800000787,0
end_draw,16209064.933,1.03559999913,0
paint,16209064.32,1.64890000038,2
input_age_ms,16209080.2231,0.000200001522899,0
pointer_move,16209080.2236,0.00599999912083,2
draw_commands,16209080.2742,0.596000000834,0
end_draw,16209080.8703,0.889699999243,0
paint,16209080.2684,1.4916999992,2
input_age_ms,16209104.2868,0.00029999949038,0
pointer_move,16209104.2874,0.00689999945462,2
draw_commands,16209104.3496,0.701099999249,0
end_draw,16209105.0509,1.30070000142,0
paint,16209104.3426,2.00920000114,2
input_age_ms,16209112.417,0.000199999660254,0
pointer_move,16209112.4174,0.00839999876916,2
draw_commands,16209112.479,0.591699998826,0
end_draw,16209113.0708,1.0234999992,0
paint,16209112.4717,1.62280000001,2
input_age_ms,16209128.2193,0.000199999660254,0
pointer_move,16209128.2198,0.0061000008136,2
draw_commands,16209128.2686,0.547000000253,0
end_draw,16209128.8156,0.958999998868,0
paint,16209128.2632,1.51170000061,2
input_age_ms,16209136.7521,0.000399999320507,16
pointer_move,16209136.7534,0.00999999977648,2
draw_commands,16209136.8503,0.871100001037,0
end_draw,16209137.7215,1.23159999959,0
paint,16209136.8385,2.11510000005,2
input_age_ms,16209144.8951,0.000600000843406,0
pointer_move,16209144.8962,0.0130000002682,2
draw_commands,16209144.9952,0.795499999076,0
end_draw,16209145.7907,1.21639999934,0
paint,16209144.9771,2.03040000051,2
input_age_ms,16209152.5101,0.000199999660254,0
pointer_move,16209152.5106,0.0077999997884,2
draw_commands,16209152.5718,0.616700001061,0
end_draw,16209153.1886,1.53229999915,0
paint,16209152.5644,2.15749999881,2
input_age_ms,16209160.5744,0.000199999660254,0
pointer_move,16209160.5749,0.00640000030398,2
draw_commands,16209160.6297,0.51630000025,0
end_draw,16209161.1461,0.939200000837,0
paint,16209160.6213,1.46419999935,2
input_age_ms,16209168.3102,0.00029999949038,0
pointer_move,16209168.3107,0.00630000047386,2
draw_commands,16209168.3588,0.491700001061,0
end_draw,16209168.8506,1.0867999997,0
paint,16209168.3539,1.58389999904,2
input_age_ms,16209176.3494,0.00029999949038,0
pointer_move,16209176.35,0.00710000097752,2
draw_commands,16209176.4029,0.544200001284,0
end_draw,16209176.9472,0.878000000492,0
paint,16209176.396,1.42930000089,2
input_age_ms,16209184.2134,0,0
pointer_move,16209184.2137,0.00579999946058,2
draw_commands,16209184.2621,0.487900000066,0
end_draw,16209184.7501,0.823899999261,0
paint,16209184.2578,1.3161999993,2
input_age_ms,16209192.6185,0.00029999949038,0
pointer_move,16209192.6195,0.0116000007838,2
draw_commands,16209192.7066,0.586600000039,0
end_draw,16209193.2933,1.12390000001,0
paint,16209192.7005,1.71690000035,2
input_age_ms,16209200.4905,0.000300001353025,0
pointer_move,16209200.4913,0.0109999999404,2
draw_commands,16209200.5669,0.780300000682,0
end_draw,16209201.3473,0.965599998832,0
paint,16209200.5596,1.75339999981,2
input_age_ms,16209208.6631,0.000399999320507,0
pointer_move,16209208.6638,0.00989999994636,2
draw_commands,16209208.7581,0.659500000998,0
end_draw,16209209.4186,1.08729999885,0
paint,16209208.7492,1.75690000132,2
input_age_ms,16209216.5097,0.000199999660254,0
pointer_move,16209216.5102,0.0093000009656,2
draw_commands,16209216.5727,0.58360000141,0
end_draw,16209217.1563,1.01579999924,0
paint,16209216.5661,1.60620000027,2
input_age_ms,16209224.4108,0.000199999660254,0
pointer_move,16209224.4113,0.0090999994427,2
draw_commands,16209224.4734,0.536999998614,0
end_draw,16209225.0105,0.978199999779,0
paint,16209224.4658,1.52300000004,2
input_age_ms,16209232.3459,0.000300001353025,0
pointer_move,16209232.3465,0.00799999944866,2
draw_commands,16209232.4088,0.538599999622,0
end_draw,16209232.9474,0.987500000745,0
paint,16209232.4007,1.53440000117,2
input_age_ms,16209240.5119,0.000399999320507,0
pointer_move,16209240.5126,0.00690000131726,2
draw_commands,16209240.5722,0.55700000003,0
end_draw,16209241.1293,0.951799999923,0
paint,16209240.5658,1.51539999992,2
input_age_ms,16209249.6079,0.000800000503659,0
pointer_move,16209249.6095,0.007199998945,2
draw_commands,16209249.6704,0.580800000578,0
end_draw,16209250.2513,1.20440000109,0
paint,16209249.6658,1.79050000012,2
input_age_ms,16209256.8625,0.000399999320507,0
pointer_move,16209256.8634,0.0115000009537,2
draw_commands,16209256.9482,0.624699998647,0
end_draw,16209257.573,0.808999998495,0
paint,16209256.9405,1.44170000032,2
input_age_ms,16209264.2286,0.000100001692772,0
pointer_move,16209264.2289,0.00630000047386,2
draw_commands,16209264.2752,0.477600000799,0
end_draw,16209264.7529,1.01939999871,0
paint,16209264.2712,1.50140000135,2
input_age_ms,16209272.6396,0.000500001013279,0
pointer_move,16209272.6404,0.0126000009477,2
draw_commands,16209272.7387,0.599899999797,0
end_draw,16209273.3387,1.18999999948,0
paint,16209272.7232,1.80579999834,2
input_age_ms,16209280.4316,0.000199999660254,0
pointer_move,16209280.432,0.00960000045598,2
draw_commands,16209280.4954,0.539200000465,0
end_draw,16209281.0347,2.62029999867,0
paint,16209280.4873,3.16790000163,2
input_age_ms,16209288.2564,0.000199999660254,0
pointer_move,16209288.2568,0.00830000080168,2
draw_commands,16209288.3193,0.540400000289,0
end_draw,16209288.8597,0.791200000793,0
paint,16209288.3137,1.33720000088,2
input_age_ms,16209296.1825,0.000200001522899,0
pointer_move,16209296.1828,0.00509999878705,2
draw_commands,16209296.2208,0.441999999806,0
end_draw,16209296.6629,0.943299999461,0
paint,16209296.2186,1.39650000073,2
input_age_ms,16209304.4809,0.000499999150634,0
pointer_move,16209304.4817,0.00960000045598,2
draw_commands,16209304.5387,0.54619999975,0
end_draw,16209305.085,0.906399998814,0
paint,16209304.5317,1.4598999992,2
input_age_ms,16209312.216,0.000199999660254,0
pointer_move,16209312.2165,0.00640000030398,2
draw_commands,16209312.2647,1.01700000092,0
end_draw,16209313.2818,1.9737999998,0
paint,16209312.2593,2.99650000036,2
input_age_ms,16209321.5135,9.99998301268e-05,0
pointer_move,16209321.5139,0.00659999996424,2
draw_commands,16209321.5943,0.605599999428,0
end_draw,16209322.2001,0.988000001758,0
paint,16209321.5829,1.60559999943,2
input_age_ms,16209328.438,0.000400001183152,0
pointer_move,16209328.4388,0.00799999944866,2
draw_commands,16209328.5017,0.52469999902,0
end_draw,16209329.0265,1.42980000004,0
paint,16209328.4937,1.96279999986,2
input_age_ms,16209337.5003,0.000800000503659,0
pointer_move,16209337.5017,0.028599999845,2
draw_commands,16209337.7295,0.76570000127,0
end_draw,16209338.4956,1.33280000091,0
paint,16209337.7075,2.12150000036,2
input_age_ms,16209344.3753,0.000300001353025,0
pointer_move,16209344.3759,0.0074000004679,2
draw_commands,16209344.4363,0.661699999124,0
end_draw,16209345.0981,1.26860000007,0
paint,16209344.4258,1.94110000134,2
input_age_ms,16209353.3656,0.000700000673532,0
pointer_move,16209353.3666,0.0266000013798,2
draw_commands,16209353.4631,0.727400001138,0
end_draw,16209354.191,1.41039999947,0
paint,16209353.4562,2.14570000023,2
input_age_ms,16209360.9494,0.00029999949038,0
pointer_move,16209360.951,0.03210000135,2
draw_commands,16209361.1092,0.783099999651,0
end_draw,16209361.8926,3.83229999989,0
paint,16209361.0941,4.63099999912,2
input_age_ms,16209368.4043,0.000599998980761,0
pointer_move,16209368.4051,0.00680000148714,2
draw_commands,16209368.4568,0.580000000075,0
end_draw,16209369.0369,4.62439999916,0
paint,16209368.4512,5.21040000021,2
input_age_ms,16209376.9063,9.99998301268e-05,0
pointer_move,16209376.9068,0.215700000525,2
draw_commands,16209377.2158,0.706599999219,0
end_draw,16209377.9225,5.52560000122,0
paint,16209377.2031,6.2452000007,2
input_age_ms,16209384.469,0.000499999150634,0
pointer_move,16209384.4698,0.0104000009596,2
draw_commands,16209384.5309,0.605299999937,0
end_draw,16209385.1363,9.58820000105,0
paint,16209384.5246,10.2001000009,2
input_age_ms,16209394.9402,0.000100001692772,0
pointer_move,16209394.9405,0.00659999996424,2
draw_commands,16209394.9845,0.595599999651,0
end_draw,16209395.5802,6.75740000047,0
paint,16209394.9797,7.35830000043,2
input_age_ms,16209408.758,0.000400001183152,0
pointer_move,16209408.7587,0.00889999978244,2
draw_commands,16209408.8344,0.633799999952,0
end_draw,16209409.4682,4.28240000084,0
paint,16209408.8239,4.9271000009,2
draw_commands,16209523.5955,0.534500000998,0
end_draw,16209524.1301,1.72989999875,0
paint,16209523.5914,2.26890000142,2
input_age_ms,16209696.1951,0.000700000673532,0
pointer_move,16209696.1961,0.00579999946058,2
draw_commands,16209696.2905,0.537599999458,0
end_draw,16209696.8282,0.960500000045,0
paint,16209696.2851,1.50379999913,2
input_age_ms,16209704.4848,0.000199999660254,0
pointer_move,16209704.4853,0.00709999911487,2
draw_commands,16209704.5869,0.560800001025,0
end_draw,16209705.1478,1.26410000026,0
paint,16209704.5807,1.83159999922,2
input_age_ms,16209736.4381,0.000399999320507,0
pointer_move,16209736.4391,0.0394999999553,2
draw_commands,16209736.5606,0.569700000808,0
end_draw,16209737.1305,1.15330000035,0
paint,16209736.5528,1.73139999993,2
input_age_ms,16209752.2288,0.000199999660254,0
pointer_move,16209752.2293,0.00669999979436,2
draw_commands,16209752.2794,0.487099999562,0
end_draw,16209752.7666,1.36480000056,0
paint,16209752.2751,1.85649999976,2
input_age_ms,16209768.2226,0.000199999660254,0
pointer_move,16209768.223,0.00710000097752,2
draw_commands,16209768.2776,0.517699999735,0
end_draw,16209768.7954,1.14740000106,0
paint,16209768.2715,1.67149999924,2
input_age_ms,16209784.2135,0.000199999660254,0
pointer_move,16209784.214,0.00659999996424,2
draw_commands,16209784.2602,0.505700001493,0
end_draw,16209784.766,1.23649999872,0
paint,16209784.2571,1.74590000138,2
input_age_ms,16209792.4411,0.000199999660254,15
pointer_move,16209792.4415,0.0090999994427,2
draw_commands,16209792.5029,0.560799999163,0
end_draw,16209793.0638,1.08909999952,0
paint,16209792.4975,1.65560000017,2
input_age_ms,16209816.1722,9.99998301268e-05,0
pointer_move,16209816.1726,0.00670000165701,2
draw_commands,16209816.2226,0.498600000516,0
end_draw,16209816.7212,0.904600000009,0
paint,16209816.217,1.40890000015,2
input_age_ms,16209832.1886,9.99998301268e-05,0
pointer_move,16209832.1892,0.00679999962449,2
draw_commands,16209832.2436,0.542200000957,0
end_draw,16209832.7859,0.887099999934,0
paint,16209832.2383,1.43560000136,2
input_age_ms,16209848.1824,0.000200001522899,0
pointer_move,16209848.1829,0.00699999928474,2
draw_commands,16209848.2351,0.515200000256,0
end_draw,16209848.7504,0.90730000101,0
paint,16209848.2294,1.42850000039,2
input_age_ms,16209856.542,0.000199999660254,0
pointer_move,16209856.5425,0.00809999927878,2
draw_commands,16209856.6038,0.555299999192,0
end_draw,16209857.1592,0.819700000808,0
paint,16209856.5985,1.38049999997,2
input_age_ms,16209864.4145,0.00029999949038,0
pointer_move,16209864.4152,0.0090999994427,2
draw_commands,16209864.481,0.571599999443,0
end_draw,16209865.0526,1.08689999953,0
paint,16209864.4726,1.67190000042,2
input_age_ms,16209872.6655,0.000199999660254,0
pointer_move,16209872.6661,0.0108000002801,2
draw_commands,16209872.7411,0.679500000551,0
end_draw,16209873.4206,1.39269999973,0
paint,16209872.7344,2.07899999991,2
input_age_ms,16209880.5104,0.000300001353025,0
pointer_move,16209880.5109,0.00919999927282,2
draw_commands,16209880.5836,0.650100000203,0
end_draw,16209881.2337,1.15990000032,0
paint,16209880.5752,1.81859999895,2
input_age_ms,16209896.4962,0.000199999660254,0
pointer_move,16209896.4968,0.0105000007898,2
draw_commands,16209896.5771,0.590600000694,0
end_draw,16209897.1678,1.48860000074,0
paint,16209896.5671,2.0895000007,2
input_age_ms,16209912.1656,9.99998301268e-05,0
pointer_move,16209912.166,0.00670000165701,2
draw_commands,16209912.2182,0.508799999952,0
end_draw,16209912.727,1.00689999945,0
paint,16209912.2123,1.52190000005,2
input_age_ms,16209928.1788,0.000199999660254,0
pointer_move,16209928.1793,0.00679999962449,2
draw_commands,16209928.2299,0.5055999998,0
end_draw,16209928.7356,0.889599999413,0
paint,16209928.2243,1.40099999867,2
input_age_ms,16209936.3197,0.000199999660254,0
pointer_move,16209936.3201,0.0692999996245,2
draw_commands,16209936.5002,0.678200000897,0
end_draw,16209937.1786,1.55140000023,0
paint,16209936.4838,2.24670000002,2
input_age_ms,16209952.1873,9.99998301268e-05,0
pointer_move,16209952.1876,0.00659999996424,2
draw_commands,16209952.236,0.595499999821,0
end_draw,16209952.8316,1.59340000153,0
paint,16209952.2322,2.19319999963,2
input_age_ms,16209960.5766,0.000199999660254,0
pointer_move,16209960.5772,0.00750000029802,2
draw_commands,16209960.6517,0.689699999988,0
end_draw,16209961.3414,1.1333000008,0
paint,16209960.6396,1.83530000038,2
input_age_ms,16209968.8082,0.000500001013279,0
pointer_move,16209968.8089,0.0330999996513,2
draw_commands,16209969.0041,0.9944000002,0
end_draw,16209969.9988,1.65179999918,0
paint,16209968.9904,2.66050000116,2
input_age_ms,16209977.4294,0.000799998641014,0
pointer_move,16209977.4307,0.013599999249,2
draw_commands,16209977.5375,0.712899999693,0
end_draw,16209978.2504,1.9430999998,0
paint,16209977.5244,2.6696000006,2
input_age_ms,16209984.6485,0.000300001353025,0
pointer_move,16209984.6492,0.0129000004381,2
draw_commands,16209984.7399,0.663999998942,0
end_draw,16209985.4042,1.49010000005,0
paint,16209984.7301,2.16449999996,2
input_age_ms,16209992.652,0.00029999949038,0
pointer_move,16209992.6529,0.0122000016272,2
draw_commands,16209992.7333,0.655600000173,0
end_draw,16209993.389,2.05859999917,0
paint,16209992.7224,2.72549999878,2
input_age_ms,16210001.4305,0.00029999949038,0
pointer_move,16210001.4311,0.0108000002801,2
draw_commands,16210001.5586,0.728800000623,0
end_draw,16210002.2876,1.85160000063,0
paint,16210001.5464,2.5932,2
input_age_ms,16210008.9533,0.000600000843406,0
pointer_move,16210008.9548,0.0165999997407,2
draw_commands,16210009.0779,0.883300000802,0
end_draw,16210009.9613,3.49149999954,0
paint,16210009.0584,4.39479999989,2
input_age_ms,16210017.0357,0.000699998810887,0
pointer_move,16210017.037,0.0129000004381,2
draw_commands,16210017.1586,0.839800000191,0
end_draw,16210017.9986,4.8870000001,0
paint,16210017.1499,5.73599999957,2
input_age_ms,16210026.3668,0.00029999949038,0
pointer_move,16210026.3675,0.0114000011235,2
draw_commands,16210026.4573,0.789400000125,0
end_draw,16210027.2468,9.36419999972,0
paint,16210026.4418,10.1696000006,2
input_age_ms,16210037.0394,0.000499999150634,0
pointer_move,16210037.0402,0.0130000002682,2
draw_commands,16210037.1461,0.878100000322,0
end_draw,16210038.0244,10.9310999997,0
paint,16210037.1272,11.8285000008,2
input_age_ms,16210049.2483,0,0
pointer_move,16210049.2488,0.007199998945,2
draw_commands,16210049.306,0.702400000766,0
end_draw,16210050.0085,12.9089000002,0
paint,16210049.2958,13.6219999995,2
input_age_ms,16210063.8614,0.000399999320507,16
pointer_move,16210063.8631,0.230100000277,2
draw_commands,16210064.4871,0.737500000745,0
end_draw,16210065.225,6,0
paint,16210064.4715,6.75390000083,2
input_age_ms,16210073.0867,0.000399999320507,15
pointer_move,16210073.0877,0.0121999997646,2
draw_commands,16210073.1713,0.782500000671,0
end_draw,16210073.9539,11.4445999991,0
paint,16210073.1617,12.2371000014,2
input_age_ms,16210085.777,0.000399999320507,0
pointer_move,16210085.7778,0.0140000004321,2
draw_commands,16210085.8668,1.04079999961,0
end_draw,16210086.9078,10.4453999996,0
paint,16210085.8544,11.4989999998,2
input_age_ms,16210097.5858,0.000300001353025,0
pointer_move,16210097.5863,0.0102999992669,2
draw_commands,16210097.6484,0.652700001374,0
end_draw,16210098.3013,6.60610000044,0
paint,16210097.638,7.26979999989,2
draw_commands,16210160.0466,0.547900000587,0
end_draw,16210160.5947,1.37700000033,0
paint,16210160.0413,1.93069999851,2
input_age_ms,16210272.271,0.000199999660254,0
pointer_move,16210272.2714,0.00899999961257,2
draw_commands,16210272.379,0.577199999243,0
end_draw,16210272.9563,1.04590000026,0
paint,16210272.3728,1.62959999964,2
input_age_ms,16210280.1521,9.99998301268e-05,0
pointer_move,16210280.1525,0.00669999979436,2
draw_commands,16210280.198,0.486399998888,0
end_draw,16210280.6845,1.21870000102,0
paint,16210280.1943,1.70910000056,2
input_age_ms,16210288.7312,0.000399999320507,0
pointer_move,16210288.7321,0.0117999985814,2
draw_commands,16210288.83,0.742699999362,0
end_draw,16210289.5729,1.37080000155,0
paint,16210288.8162,2.14290000126,2
input_age_ms,16210296.6351,0.000400001183152,0
pointer_move,16210296.6358,0.0148999989033,2
draw_commands,16210296.7558,0.667400000617,0
end_draw,16210297.4234,1.18050000072,0
paint,16210296.7425,1.86150000058,2
input_age_ms,16210305.0557,0.000499999150634,0
pointer_move,16210305.0564,0.00960000045598,2
draw_commands,16210305.1521,0.665299998596,0
end_draw,16210305.8175,1.38309999928,0
paint,16210305.1417,2.05910000019,2
input_age_ms,16210312.6939,0.000199999660254,0
pointer_move,16210312.6946,0.0103000011295,2
draw_commands,16210312.7699,0.67679999955,0
end_draw,16210313.4469,1.29729999974,0
paint,16210312.7626,1.98190000094,2
input_age_ms,16210322.1801,0.000400001183152,0
pointer_move,16210322.1807,0.011499999091,2
draw_commands,16210322.286,0.753399999812,0
end_draw,16210323.0394,1.39660000056,0
paint,16210322.2726,2.16369999945,2
input_age_ms,16210328.7111,0.000599998980761,0
pointer_move,16210328.7121,0.0106000006199,2
draw_commands,16210328.7798,0.541400000453,0
end_draw,16210329.3213,0.99430000037,0
paint,16210328.7749,1.54089999944,2
input_age_ms,16210336.4615,0.000599998980761,0
pointer_move,16210336.4625,0.0219999998808,2
draw_commands,16210336.5761,0.852600000799,0
end_draw,16210337.4288,1.92950000055,0
paint,16210336.5649,2.79370000027,2
input_age_ms,16210344.3286,0.000199999660254,0
pointer_move,16210344.3291,0.00850000046194,2
draw_commands,16210344.3891,0.523000000045,0
end_draw,16210344.9121,0.959499999881,0
paint,16210344.3828,1.48890000023,2
input_age_ms,16210352.2851,0.000499999150634,0
pointer_move,16210352.2859,0.00669999979436,2
draw_commands,16210352.3318,0.517899999395,0
end_draw,16210352.8498,1.55250000022,0
paint,16210352.327,2.07569999993,2
input_age_ms,16210364.1523,0.000199999660254,0
pointer_move,16210364.1529,0.00790000148118,2
draw_commands,16210364.211,0.562800001353,0
end_draw,16210364.7739,1.22089999914,0
paint,16210364.2013,1.79369999841,2
input_age_ms,16210368.4376,9.99998301268e-05,0
pointer_move,16210368.438,0.00910000130534,2
draw_commands,16210368.495,0.637600000948,0
end_draw,16210369.1328,1.66149999946,0
paint,16210368.4871,2.30760000087,2
input_age_ms,16210376.5876,9.99998301268e-05,0
pointer_move,16210376.5879,0.015000000596,2
draw_commands,16210376.6825,0.62470000051,0
end_draw,16210377.3076,1.28869999945,0
paint,16210376.6752,1.92129999958,2
input_age_ms,16210384.4465,0.000199999660254,0
pointer_move,16210384.447,0.0137999989092,2
draw_commands,16210384.5192,0.564499998465,0
end_draw,16210385.0838,1.36240000091,0
paint,16210384.5108,1.93589999899,2
input_age_ms,16210392.5215,0.000399999320507,0
pointer_move,16210392.5222,0.0137000009418,2
draw_commands,16210392.6075,0.732499999925,0
end_draw,16210393.3403,1.30900000036,0
paint,16210392.5962,2.05339999869,2
input_age_ms,16210400.4866,0.000199999660254,0
pointer_move,16210400.487,0.00799999944866,2
draw_commands,16210400.555,0.583200000226,0
end_draw,16210401.1383,1.07730000094,0
paint,16210400.548,1.66779999994,2
input_age_ms,16210408.339,9.99998301268e-05,0
pointer_move,16210408.3394,0.0105999987572,2
draw_commands,16210408.4089,0.543199999258,0
end_draw,16210408.9522,2.34500000067,0
paint,16210408.4003,2.89709999971,2
input_age_ms,16210448.1966,0.000199999660254,0
pointer_move,16210448.1971,0.00650000013411,2
draw_commands,16210448.2479,0.663599999622,0
end_draw,16210448.9116,0.972000000998,0
paint,16210448.2427,1.64110000059,2
input_age_ms,16210464.6515,0.000199999660254,0
pointer_move,16210464.6523,0.0678000003099,2
draw_commands,16210464.9142,0.508700000122,0
end_draw,16210465.4231,0.959599999711,0
paint,16210464.9079,1.47499999963,2
input_age_ms,16210480.1951,9.99998301268e-05,0
pointer_move,16210480.1955,0.00700000114739,2
draw_commands,16210480.2484,0.501299999654,0
end_draw,16210480.7497,1.03050000034,0
paint,16210480.2432,1.53720000014,2
input_age_ms,16210488.6422,0.00029999949038,0
pointer_move,16210488.643,0.00980000011623,2
draw_commands,16210488.7324,0.738700000569,0
end_draw,16210489.4712,1.39499999955,0
paint,16210488.7196,2.14699999988,2
input_age_ms,16210496.7331,0.000599998980761,0
pointer_move,16210496.7348,0.0148000009358,2
draw_commands,16210496.8283,0.669100001454,0
end_draw,16210497.4975,1.75879999995,0
paint,16210496.8209,2.4355999995,2
input_age_ms,16210505.1804,0.00029999949038,0
pointer_move,16210505.1809,0.0122999995947,2
draw_commands,16210505.2915,0.867200000212,0
end_draw,16210506.1591,1.48670000024,0
paint,16210505.2725,2.37359999865,2
input_age_ms,16210512.756,0.000500001013279,0
pointer_move,16210512.7571,0.0134000014514,2
draw_commands,16210512.8526,0.800799999386,0
end_draw,16210513.6535,2.50060000084,0
paint,16210512.8368,3.31750000082,2
input_age_ms,16210521.6975,0.000399999320507,0
pointer_move,16210521.6985,0.013599999249,2
draw_commands,16210521.7966,0.701400000602,0
end_draw,16210522.4981,1.50669999979,0
paint,16210521.7837,2.22140000015,2
input_age_ms,16210528.7562,0.000499999150634,0
pointer_move,16210528.7573,0.0119000002742,2
draw_commands,16210528.8517,1.55599999987,0
end_draw,16210530.4081,2.07400000095,0
paint,16210528.8355,3.64690000005,2
input_age_ms,16210536.8017,0.000199999660254,0
pointer_move,16210536.8021,0.0112999994308,2
draw_commands,16210536.8949,0.692099999636,0
end_draw,16210537.5875,2.15220000036,0
paint,16210536.8838,2.8563000001,2
input_age_ms,16210544.4428,0.00029999949038,0
pointer_move,16210544.4434,0.0109999999404,2
draw_commands,16210544.5108,0.789499999955,0
end_draw,16210545.3005,5.8694000002,0
paint,16210544.503,6.66719999909,2
input_age_ms,16210553.1814,0.000100001692772,0
pointer_move,16210553.1819,0.0234999991953,2
draw_commands,16210553.3007,0.818300001323,0
end_draw,16210554.1191,7.61510000005,0
paint,16210553.2862,8.44810000062,2
input_age_ms,16210562.2016,0.00029999949038,0
pointer_move,16210562.2024,0.0077999997884,2
draw_commands,16210562.289,1.18640000001,0
end_draw,16210563.4756,22.4175000004,0
paint,16210562.2843,23.6092000008,2
input_age_ms,16210586.1208,9.99998301268e-05,0
pointer_move,16210586.1211,0.00840000063181,2
draw_commands,16210586.1681,0.774600001052,0
end_draw,16210586.943,10.5164000001,0
paint,16210586.1637,11.2959000003,2
input_age_ms,16210597.6548,9.99998301268e-05,0
pointer_move,16210597.6551,0.00650000013411,2
draw_commands,16210597.6967,0.519300000742,0
end_draw,16210598.216,6.29179999977,0
paint,16210597.6921,6.81609999947,2
input_age_ms,16210604.9133,9.99998301268e-05,16
pointer_move,16210604.9136,0.00960000045598,2
draw_commands,16210604.9836,0.747099999338,0
end_draw,16210605.7308,11.2344000004,0
paint,16210604.9722,11.9931999985,2
input_age_ms,16210617.2294,9.99998301268e-05,0
pointer_move,16210617.2298,0.0120000001043,2
draw_commands,16210617.2958,0.625699998811,0
end_draw,16210617.9215,7.87509999983,0
paint,16210617.2884,8.50840000063,2
input_age_ms,16210632.3044,9.99998301268e-05,0
pointer_move,16210632.3048,0.0074000004679,2
draw_commands,16210632.3617,0.548599999398,0
end_draw,16210632.9104,1.04790000059,0
paint,16210632.3541,1.60429999977,2
draw_commands,16210718.8493,0.533299999312,0
end_draw,16210719.3827,4.36549999937,0
paint,16210718.8439,4.90460000001,2
input_age_ms,16210904.2888,0.000200001522899,0
pointer_move,16210904.2893,0.00960000045598,2
draw_commands,16210904.4197,0.576199999079,0
end_draw,16210904.9964,1.49049999937,0
paint,16210904.4141,2.07299999893,2
input_age_ms,16210912.5882,0.000200001522899,0
pointer_move,16210912.5887,0.00679999962449,2
draw_commands,16210912.6405,0.516799999401,0
end_draw,16210913.1574,1.01499999873,0
paint,16210912.635,1.53759999946,2
input_age_ms,16210921.5143,0.00029999949038,0
pointer_move,16210921.5148,0.00850000046194,2
draw_commands,16210921.5767,0.545800000429,0
end_draw,16210922.1226,1.36390000023,0
paint,16210921.5695,1.91720000096,2
input_age_ms,16210928.5433,0.000200001522899,0
pointer_move,16210928.5439,0.0112999994308,2
draw_commands,16210928.616,0.588199999183,0
end_draw,16210929.2043,1.24380000122,0
paint,16210928.6049,1.84339999966,2
input_age_ms,16210936.6517,0.000500001013279,0
pointer_move,16210936.6526,0.01070000045,2
draw_commands,16210936.7633,0.720699999481,0
end_draw,16210937.4842,1.54899999872,0
paint,16210936.7508,2.28259999864,2
input_age_ms,16210944.4645,0.000199999660254,0
pointer_move,16210944.4651,0.00989999994636,2
draw_commands,16210944.5381,0.571100000292,0
end_draw,16210945.1092,0.99499999918,0
paint,16210944.5278,1.57670000009,2
input_age_ms,16210960.3677,0.000300001353025,0
pointer_move,16210960.3682,0.00989999994636,2
draw_commands,16210960.4323,0.539400000125,0
end_draw,16210960.9718,0.948599999771,0
paint,16210960.4239,1.49659999833,2
input_age_ms,16210976.1788,9.99998301268e-05,0
pointer_move,16210976.1791,0.00730000063777,2
draw_commands,16210976.2324,0.495300000533,0
end_draw,16210976.7278,1.06639999896,0
paint,16210976.2271,1.5672999993,2
input_age_ms,16210992.2322,0.000699998810887,0
pointer_move,16210992.2332,0.00750000029802,2
draw_commands,16210992.2861,0.50549999997,0
end_draw,16210992.7917,0.898299999535,0
paint,16210992.2803,1.40989999846,2
input_age_ms,16211000.5088,0.00029999949038,0
pointer_move,16211000.5094,0.00859999842942,2
draw_commands,16211000.5742,0.555299999192,0
end_draw,16211001.1296,1.00879999995,0
paint,16211000.5671,1.57139999978,2
input_age_ms,16211008.5767,0.000700000673532,0
pointer_move,16211008.5777,0.0142999999225,2
draw_commands,16211008.6675,0.596699999645,0
end_draw,16211009.2644,1.0064000003,0
paint,16211008.6556,1.61549999937,2
input_age_ms,16211024.8406,0.00029999949038,0
pointer_move,16211024.8417,0.0102999992669,2
draw_commands,16211024.9433,0.712300000712,0
end_draw,16211025.6557,1.05619999953,0
paint,16211024.928,1.78409999982,2
input_age_ms,16211032.4575,0.000300001353025,0
pointer_move,16211032.459,0.0101999994367,2
draw_commands,16211032.5318,0.560200000182,0
end_draw,16211033.0921,1.21250000037,0
paint,16211032.5245,1.78050000034,2
input_age_ms,16211040.9003,0.000399999320507,0
pointer_move,16211040.9009,0.0137999989092,2
draw_commands,16211040.9835,0.704299999401,0
end_draw,16211041.6878,1.44539999962,0
paint,16211040.9742,2.15940000117,2
input_age_ms,16211048.4643,0.000300001353025,0
pointer_move,16211048.465,0.0122999995947,2
draw_commands,16211048.5335,0.539399998263,0
end_draw,16211049.073,1.27749999985,0
paint,16211048.5289,1.82180000097,2
input_age_ms,16211064.4934,0.00029999949038,0
pointer_move,16211064.494,0.00889999978244,2
draw_commands,16211064.5586,0.530700000003,0
end_draw,16211065.0893,0.947500001639,0
paint,16211064.5526,1.48440000042,2
input_age_ms,16211072.6188,0.000400001183152,0
pointer_move,16211072.6195,0.0119000002742,2
draw_commands,16211072.7051,0.708699999377,0
end_draw,16211073.4144,1.65780000016,0
paint,16211072.6943,2.37829999998,2
input_age_ms,16211080.4747,0.000599998980761,0
pointer_move,16211080.4756,0.0148999989033,2
draw_commands,16211080.5779,0.717000000179,0
end_draw,16211081.2949,1.30959999934,0
paint,16211080.5618,2.04289999977,2
input_age_ms,16211088.9423,0.000500001013279,16
pointer_move,16211088.9432,0.0152000002563,2
draw_commands,16211089.0543,0.770399998873,0
end_draw,16211089.8249,2.09100000001,0
paint,16211089.0397,2.87639999948,2
input_age_ms,16211096.8924,0.000399999320507,0
pointer_move,16211096.8934,0.0169999990612,2
draw_commands,16211096.9901,0.778000000864,0
end_draw,16211097.7682,2.39470000006,0
paint,16211096.9808,3.18230000138,2
input_age_ms,16211105.0402,0.000599998980761,16
pointer_move,16211105.041,0.0161000005901,2
draw_commands,16211105.1474,0.719299999997,0
end_draw,16211105.8672,1.6810999997,0
paint,16211105.1323,2.41639999859,2
input_age_ms,16211112.8919,0.000800000503659,0
pointer_move,16211112.8934,0.0100999996066,2
draw_commands,16211112.9661,0.702600000426,0
end_draw,16211113.6689,1.5792999994,0
paint,16211112.9576,2.29100000113,2
input_age_ms,16211123.0652,0.000700000673532,15
pointer_move,16211123.0666,0.0171999987215,2
draw_commands,16211123.1935,0.740100000054,0
end_draw,16211123.9336,1.55390000157,0
paint,16211123.1763,2.31159999967,2
input_age_ms,16211128.7093,0.000199999660254,0
pointer_move,16211128.7097,0.00860000029206,2
draw_commands,16211128.788,0.654500000179,0
end_draw,16211129.4426,3.48460000008,0
paint,16211128.7758,4.15159999952,2
input_age_ms,16211136.5633,0.000599998980761,0
pointer_move,16211136.5641,0.0218000002205,2
draw_commands,16211136.9435,0.7928000018,0
end_draw,16211137.7365,3.28669999912,0
paint,16211136.9318,4.09149999917,2
input_age_ms,16211144.4763,9.99998301268e-05,0
pointer_move,16211144.4767,0.00870000012219,2
draw_commands,16211144.5326,0.560899998993,0
end_draw,16211145.0936,4.89740000106,0
paint,16211144.5273,5.46389999986,2
input_age_ms,16211153.136,0.000199999660254,0
pointer_move,16211153.1369,0.0316000003368,2
draw_commands,16211153.4492,0.790599999949,0
end_draw,16211154.2402,6.33999999985,0
paint,16211153.4399,7.14059999958,2
input_age_ms,16211160.7564,9.99998301268e-05,0
pointer_move,16211160.7566,0.0061000008136,2
draw_commands,16211160.7957,0.507899999619,0
end_draw,16211161.3037,4.73479999974,0
paint,16211160.7918,5.24679999985,2
input_age_ms,16211168.403,0.000399999320507,0
pointer_move,16211168.4038,0.0219000000507,2
draw_commands,16211168.5867,0.881599999964,0
end_draw,16211169.4685,8.27160000056,0
paint,16211168.576,9.1643000003,2
input_age_ms,16211177.9432,0.000800000503659,0
pointer_move,16211177.9442,0.0054999999702,2
draw_commands,16211177.9863,0.528099998832,0
end_draw,16211178.5145,6.65860000066,0
paint,16211177.9813,7.19189999998,2
input_age_ms,16211185.4773,0.000199999660254,0
pointer_move,16211185.478,0.126699998975,2
draw_commands,16211185.7797,1.02630000003,0
end_draw,16211186.8063,10.0464000013,0
paint,16211185.7755,11.0773000009,2
input_age_ms,16211197.0487,0.000100001692772,0
pointer_move,16211197.0489,0.00689999945462,2
draw_commands,16211197.097,0.520300000906,0
end_draw,16211197.6173,5.89100000076,0
paint,16211197.0906,6.41789999977,2
input_age_ms,16211204.1199,0.000400001183152,0
pointer_move,16211204.1208,0.0186999998987,2
draw_commands,16211204.2176,0.679100001231,0
end_draw,16211204.8967,7.61600000039,0
paint,16211204.2076,8.30530000106,2
input_age_ms,16211212.7068,9.99998301268e-05,0
pointer_move,16211212.707,0.00569999963045,2
draw_commands,16211212.7466,0.503399999812,0
end_draw,16211213.2501,5.14310000092,0
paint,16211212.743,5.65029999986,2
input_age_ms,16211218.5815,9.99998301268e-05,0
pointer_move,16211218.5818,0.00599999912083,2
draw_commands,16211218.6246,0.515499999747,0
end_draw,16211219.1402,8.20490000024,0
paint,16211218.62,8.72530000098,2
input_age_ms,16211232.5254,0.00029999949038,0
pointer_move,16211232.5261,0.00989999994636,2
draw_commands,16211232.5981,0.596800001338,0
end_draw,16211233.195,1.26569999941,0
paint,16211232.5885,1.87239999883,2
input_age_ms,16211253.6894,0.000199999660254,0
pointer_move,16211253.6903,0.0104999989271,2
draw_commands,16211253.7668,0.652200000361,0
end_draw,16211254.4191,1.1492999997,0
paint,16211253.7577,1.81079999916,2
input_age_ms,16211264.3063,9.99998301268e-05,0
pointer_move,16211264.3067,0.00879999995232,2
draw_commands,16211264.362,0.531700000167,0
end_draw,16211264.8938,0.992800001055,0
paint,16211264.3543,1.53250000067,2
input_age_ms,16211272.8371,0.000100001692772,0
pointer_move,16211272.8378,0.0123999994248,2
draw_commands,16211272.9252,0.778500000015,0
end_draw,16211273.7037,1.04519999959,0
paint,16211272.9184,1.83079999872,2
input_age_ms,16211304.2865,0.000300001353025,0
pointer_move,16211304.287,0.00760000012815,2
draw_commands,16211304.35,0.587799999863,0
end_draw,16211304.9379,1.19350000098,0
paint,16211304.3404,1.79130000062,2
input_age_ms,16211312.6197,0.00029999949038,0
pointer_move,16211312.6204,0.0119000002742,2
draw_commands,16211312.7166,0.68200000003,0
end_draw,16211313.3987,1.2659999989,0
paint,16211312.7018,1.96309999935,2
input_age_ms,16211322.0551,0.000800000503659,0
pointer_move,16211322.0563,0.013900000602,2
draw_commands,16211322.1708,0.759899999946,0
end_draw,16211322.9308,1.21490000002,0
paint,16211322.1539,1.99220000021,2
input_age_ms,16211329.2416,9.99998301268e-05,0
pointer_move,16211329.2419,0.00929999910295,2
draw_commands,16211329.3128,0.568800000474,0
end_draw,16211329.8822,1.27659999952,0
paint,16211329.3076,1.86339999922,2
input_age_ms,16211337.2203,0.00029999949038,0
pointer_move,16211337.2215,0.01600000076,2
draw_commands,16211337.3142,0.795099999756,0
end_draw,16211338.1093,2.30009999871,0
paint,16211337.3025,3.1071000006,2
input_age_ms,16211344.7593,0.000200001522899,0
pointer_move,16211344.76,0.0136000011116,2
draw_commands,16211344.8527,0.620199998841,0
end_draw,16211345.4732,1.4682,0
paint,16211344.8398,2.10199999996,2
input_age_ms,16211361.1699,0.00029999949038,0
pointer_move,16211361.1718,0.0147999990731,2
draw_commands,16211361.2656,0.659700000659,0
end_draw,16211361.9254,1.22030000016,0
paint,16211361.2516,1.89430000074,2
input_age_ms,16211368.6687,0.000199999660254,0
pointer_move,16211368.6705,0.0123000014573,2
draw_commands,16211368.7546,0.616700001061,0
end_draw,16211369.3714,1.82340000011,0
paint,16211368.7431,2.45189999975,2
input_age_ms,16211376.8719,0.000800000503659,0
pointer_move,16211376.8731,0.0135000012815,2
draw_commands,16211376.9698,0.576799999923,0
end_draw,16211377.5467,1.55949999951,0
paint,16211376.9614,2.1454999987,2
input_age_ms,16211488.3569,0.000700000673532,0
pointer_move,16211488.3578,0.0145000014454,2
draw_commands,16211488.6401,0.557900000364,0
end_draw,16211489.1982,1.0680999998,0
paint,16211488.6333,1.63319999911,2
input_age_ms,16211496.6228,0.000399999320507,0
pointer_move,16211496.624,0.0129000004381,2
draw_commands,16211496.802,0.545900000259,0
end_draw,16211497.3481,1.00450000167,0
paint,16211496.7965,1.55630000122,2
input_age_ms,16211505.236,9.99998301268e-05,0
pointer_move,16211505.2363,0.00889999978244,2
draw_commands,16211505.2993,0.698999999091,0
end_draw,16211505.9985,1.30779999867,0
paint,16211505.2901,2.01649999991,2
input_age_ms,16211512.6753,0.000599998980761,0
pointer_move,16211512.6761,0.0129999984056,2
draw_commands,16211512.7756,0.686200000346,0
end_draw,16211513.4621,1.33740000054,0
paint,16211512.7648,2.03480000049,2
input_age_ms,16211521.874,0.00029999949038,0
pointer_move,16211521.8748,0.0148999989033,2
draw_commands,16211521.9637,0.939500000328,0
end_draw,16211522.9034,1.27749999985,0
paint,16211521.9508,2.23029999994,2
input_age_ms,16211528.4651,0.00029999949038,0
pointer_move,16211528.4658,0.0097000002861,2
draw_commands,16211528.5257,0.525800000876,0
end_draw,16211529.0516,0.935000000522,0
paint,16211528.5192,1.46749999933,2
input_age_ms,16211536.3726,0.000800000503659,0
pointer_move,16211536.3737,0.100299999118,2
draw_commands,16211536.6232,0.783100001514,0
end_draw,16211537.4065,1.47199999914,0
paint,16211536.6093,2.26999999955,2
input_age_ms,16211544.6671,0.000200001522899,0
pointer_move,16211544.6677,0.233100000769,2
draw_commands,16211545.0041,1.01809999906,0
end_draw,16211546.0223,1.19849999994,0
paint,16211544.9945,2.2265000008,2
input_age_ms,16211552.4512,0.000300001353025,0
pointer_move,16211552.452,0.00950000062585,2
draw_commands,16211552.523,0.602399999276,0
end_draw,16211553.1254,1.64840000123,0
paint,16211552.5134,2.26070000045,2
input_age_ms,16211560.6169,0.000199999660254,0
pointer_move,16211560.6178,0.0112000014633,2
draw_commands,16211560.7024,0.685099998489,0
end_draw,16211561.3875,1.31570000015,0
paint,16211560.6922,2.01120000146,2
input_age_ms,16211568.5149,0.00029999949038,0
pointer_move,16211568.5161,0.0156999994069,2
draw_commands,16211568.6044,0.600400000811,0
end_draw,16211569.2049,1.40650000051,0
paint,16211568.5962,2.01539999992,2
input_age_ms,16211576.9097,0.00029999949038,0
pointer_move,16211576.9105,0.0177000015974,2
draw_commands,16211577.0334,0.840200001374,0
end_draw,16211577.8736,1.59769999981,0
paint,16211577.0159,2.45559999906,2
input_age_ms,16211584.331,0.00029999949038,0
pointer_move,16211584.3315,0.00720000080764,2
draw_commands,16211584.3833,0.518199998885,0
end_draw,16211584.9016,0.957800000906,0
paint,16211584.3765,1.4832000006,2
input_age_ms,16211592.3061,0.000199999660254,0
pointer_move,16211592.3067,0.0094999987632,2
draw_commands,16211592.3706,0.523900000378,0
end_draw,16211592.8948,1.00720000081,0
paint,16211592.3629,1.5393000003,2
input_age_ms,16211600.3496,0.000399999320507,0
pointer_move,16211600.3506,0.00789999961853,2
draw_commands,16211600.4112,0.531899999827,0
end_draw,16211600.9431,0.991399999708,0
paint,16211600.4029,1.5318,2
input_age_ms,16211608.4172,0.000300001353025,0
pointer_move,16211608.4177,0.00999999977648,2
draw_commands,16211608.4844,0.554800000042,0
end_draw,16211609.0393,1.05839999951,0
paint,16211608.4761,1.62179999985,2
input_age_ms,16211616.2936,9.99998301268e-05,0
pointer_move,16211616.2939,0.00799999944866,2
draw_commands,16211616.3523,0.560100000352,0
end_draw,16211616.9124,1.01710000075,0
paint,16211616.3442,1.58550000004,2
input_age_ms,16211624.4723,0.000199999660254,0
pointer_move,16211624.4728,0.00769999995828,2
draw_commands,16211624.5364,0.547900000587,0
end_draw,16211625.0844,1.49960000068,0
paint,16211624.5301,2.05420000106,2
input_age_ms,16211632.3741,0.000199999660254,0
pointer_move,16211632.3747,0.00839999876916,2
draw_commands,16211632.4332,0.549100000411,0
end_draw,16211632.9832,0.969200000167,0
paint,16211632.424,1.52850000001,2
input_age_ms,16211640.2431,0.000399999320507,0
pointer_move,16211640.2437,0.0080000013113,2
draw_commands,16211640.2961,0.51640000008,0
end_draw,16211640.8126,1.75600000098,0
paint,16211640.2924,2.27639999986,2
input_age_ms,16211648.1743,9.99998301268e-05,0
pointer_move,16211648.1747,0.00510000064969,2
draw_commands,16211648.2119,0.461300000548,0
end_draw,16211648.6735,0.853900000453,0
paint,16211648.2087,1.3189000003,2
input_age_ms,16211656.6539,0.000400001183152,0
pointer_move,16211656.6547,0.0170000009239,2
draw_commands,16211656.7494,0.708200000226,0
end_draw,16211657.458,1.19319999963,0
paint,16211656.7431,1.90829999931,2
input_age_ms,16211664.6646,0.000399999320507,0
pointer_move,16211664.6653,0.00650000013411,2
draw_commands,16211664.7411,0.660800000653,0
end_draw,16211665.4023,1.53209999949,0
paint,16211664.7319,2.20270000026,2
input_age_ms,16211672.7125,0.00029999949038,0
pointer_move,16211672.713,0.0165999997407,2
draw_commands,16211672.7979,0.673299999908,0
end_draw,16211673.4713,4.36739999987,0
paint,16211672.7858,5.05299999937,2
input_age_ms,16211680.3,0.000199999660254,0
pointer_move,16211680.3005,0.0061000008136,2
draw_commands,16211680.3444,0.53780000098,0
end_draw,16211680.8823,3.53699999861,0
paint,16211680.3382,4.08140000142,2
input_age_ms,16211688.6072,0.00029999949038,0
pointer_move,16211688.6079,0.00820000097156,2
draw_commands,16211688.6784,0.592399999499,0
end_draw,16211689.2709,6.84769999981,0
paint,16211688.6702,7.44859999977,2
input_age_ms,16211698.8824,9.99998301268e-05,15
pointer_move,16211698.883,0.0373999997973,2
draw_commands,16211699.0137,0.707500001416,0
end_draw,16211699.7221,4.22199999914,0
paint,16211699.0058,4.93850000016,2
input_age_ms,16211707.4694,9.99998301268e-05,0
pointer_move,16211707.4699,0.0116999987513,2
draw_commands,16211707.569,0.707299999893,0
end_draw,16211708.2766,7.86020000093,0
paint,16211707.5602,8.57679999992,2
input_age_ms,16211716.4921,0.00029999949038,16
pointer_move,16211716.493,0.0986000001431,2
draw_commands,16211717.0916,0.638399999589,0
end_draw,16211717.7303,11.1007000003,0
paint,16211717.0719,11.7592999991,2
input_age_ms,16211729.8785,0.00029999949038,16
pointer_move,16211729.8791,0.0201999992132,2
input_age_ms,16211730.2257,9.99998301268e-05,0
pointer_move,16211730.226,0.00459999963641,2
draw_commands,16211730.3234,0.927300000563,0
end_draw,16211731.2507,9.42320000008,0
paint,16211730.3026,10.3720999993,2
input_age_ms,16211741.1903,9.99998301268e-05,0
pointer_move,16211741.1911,0.0156000014395,2
draw_commands,16211741.2954,0.957700001076,0
end_draw,16211742.2535,9.70100000128,0
paint,16211741.2784,10.6763000004,2
input_age_ms,16211752.3899,0.000699998810887,15
pointer_move,16211752.3912,0.00879999995232,2
draw_commands,16211752.461,0.631400000304,0
end_draw,16211753.0926,7.79430000111,0
paint,16211752.4566,8.43050000072,2
input_age_ms,16211761.9597,0.000500001013279,16
pointer_move,16211761.961,0.0312000010163,2
draw_commands,16211762.1566,0.863900000229,0
end_draw,16211763.0207,9.35479999892,0
paint,16211762.1357,10.2400000002,2
input_age_ms,16211772.6651,0.00029999949038,0
pointer_move,16211772.6657,0.0074000004679,2
draw_commands,16211772.7195,0.629399999976,0
end_draw,16211773.3489,10.9593000002,0
paint,16211772.7156,11.5927999988,2
input_age_ms,16211784.515,9.99998301268e-05,0
pointer_move,16211784.5154,0.00559999980032,2
draw_commands,16211784.5571,0.523399999365,0
end_draw,16211785.0806,11.6207999997,0
paint,16211784.5529,12.1487000007,2
input_age_ms,16211796.9839,0.000600000843406,15
pointer_move,16211796.9849,0.00910000130534,2
draw_commands,16211797.0557,0.578599998727,0
end_draw,16211797.6344,4.94709999859,0
paint,16211797.0496,5.53210000135,2
input_age_ms,16211802.7768,0.000100001692772,0
pointer_move,16211802.777,0.00669999979436,2
draw_commands,16211802.8182,0.675400000066,0
end_draw,16211803.4937,9.7108000014,0
paint,16211802.8143,10.3903999999,2
input_age_ms,16211813.4205,0.000100001692772,0
pointer_move,16211813.4212,0.0077999997884,2
draw_commands,16211813.4887,0.599499998614,0
end_draw,16211814.0883,6.39519999921,0
paint,16211813.4813,7.00279999897,2
input_age_ms,16211820.8036,0.000199999660254,0
pointer_move,16211820.8041,0.00870000012219,2
draw_commands,16211820.8644,0.675900001079,0
end_draw,16211821.5403,9.79899999872,0
paint,16211820.8556,10.4840000011,2
input_age_ms,16211831.622,0.000199999660254,0
pointer_move,16211831.6227,0.00679999962449,2
draw_commands,16211831.6721,0.707900000736,0
end_draw,16211832.3804,7.55079999939,0
paint,16211831.6672,8.26430000179,2
input_age_ms,16211840.2648,0.000100001692772,0
pointer_move,16211840.2651,0.00860000029206,2
draw_commands,16211840.3201,0.73939999938,0
end_draw,16211841.0596,10.1572000012,0
paint,16211840.3152,10.9024,2
input_age_ms,16211851.4461,9.99998301268e-05,0
pointer_move,16211851.4465,0.0105000007898,2
draw_commands,16211851.5008,0.635499998927,0
end_draw,16211852.1363,11.540000001,0
paint,16211851.4938,12.1827000007,2
input_age_ms,16211864.0804,9.99998301268e-05,0
pointer_move,16211864.0808,0.0090999994427,2
draw_commands,16211864.1526,0.75,0
end_draw,16211864.9026,6.95830000006,0
paint,16211864.1416,7.71949999966,2
input_age_ms,16211872.2035,0.00029999949038,0
pointer_move,16211872.2043,0.00910000130534,2
draw_commands,16211872.2694,0.659299999475,0
end_draw,16211872.9288,8.6520000007,0
paint,16211872.2595,9.32149999961,2
input_age_ms,16211881.7904,9.99998301268e-05,0
pointer_move,16211881.7906,0.00650000013411,2
draw_commands,16211881.8337,0.560000000522,0
end_draw,16211882.3938,11.6372999996,0
paint,16211881.8291,12.2024000008,2
input_age_ms,16211894.3817,9.99998301268e-05,0
pointer_move,16211894.3821,0.0273000001907,2
draw_commands,16211894.5132,0.590399999171,0
end_draw,16211895.1038,6.85689999908,0
paint,16211894.5069,7.45470000058,2
input_age_ms,16211902.2471,9.99998301268e-05,16
pointer_move,16211902.2475,0.00870000012219,2
draw_commands,16211902.3,0.896099999547,0
end_draw,16211903.1971,8.79789999872,0
paint,16211902.2922,9.7033000011,2
input_age_ms,16211912.254,9.99998301268e-05,0
pointer_move,16211912.2544,0.00730000063777,2
draw_commands,16211912.3281,0.580000000075,0
end_draw,16211912.9082,5.13470000029,0
paint,16211912.3209,5.7221999988,2
input_age_ms,16211918.2804,0.000199999660254,15
pointer_move,16211918.2809,0.00730000063777,2
draw_commands,16211918.3315,0.977900000289,0
end_draw,16211919.3095,9.06320000067,0
paint,16211918.3261,10.0468000006,2
input_age_ms,16211928.5789,9.99998301268e-05,0
pointer_move,16211928.5793,0.00590000115335,2
draw_commands,16211928.6532,0.577499998733,0
end_draw,16211929.231,6.35869999975,0
paint,16211928.6452,6.94470000081,2
input_age_ms,16211940.8113,0.000199999660254,0
pointer_move,16211940.8118,0.0118000004441,2
draw_commands,16211940.9596,0.638399999589,0
end_draw,16211941.5981,5.23190000094,0
paint,16211940.9508,5.87939999998,2
input_age_ms,16211947.0796,0.00029999949038,0
pointer_move,16211947.0803,0.00630000047386,2
draw_commands,16211947.1258,0.602699998766,0
end_draw,16211947.7286,7.93870000169,0
paint,16211947.1214,8.54619999975,2
input_age_ms,16211956.1851,0.000199999660254,0
pointer_move,16211956.1858,0.0582000017166,2
draw_commands,16211956.7418,0.729699999094,0
end_draw,16211957.4717,8.45900000073,0
paint,16211956.736,9.19490000047,2
input_age_ms,16211966.2672,9.99998301268e-05,16
pointer_move,16211966.2677,0.00960000045598,2
draw_commands,16211966.3586,0.628100000322,0
end_draw,16211966.9871,10.9046,0
paint,16211966.3509,11.5409999993,2
input_age_ms,16211978.1973,9.99998301268e-05,0
pointer_move,16211978.1978,0.00910000130534,2
draw_commands,16211978.2775,0.618000000715,0
end_draw,16211978.8956,6.1986999996,0
paint,16211978.2713,6.82349999994,2
input_age_ms,16211985.4557,0.000199999660254,0
pointer_move,16211985.4562,0.0090999994427,2
draw_commands,16211985.5235,0.6520000007,0
end_draw,16211986.1755,11.6095000003,0
paint,16211985.5174,12.2676999997,2
input_age_ms,16211998.035,9.99998301268e-05,15
pointer_move,16211998.0355,0.00710000097752,2
draw_commands,16211998.0993,0.627499999478,0
end_draw,16211998.7271,8.8797999993,0
paint,16211998.0926,9.51470000111,2
input_age_ms,16212009.0031,0.000499999150634,0
pointer_move,16212009.0043,0.49980000034,2
input_age_ms,16212009.8697,0.000199999660254,0
pointer_move,16212009.8702,0.0292999986559,2
draw_commands,16212010.0201,0.856399999931,0
end_draw,16212010.8766,6.01170000061,0
paint,16212010.002,6.88639999926,2
input_age_ms,16212017.1036,0.000100001692772,0
pointer_move,16212017.1039,0.00640000030398,2
draw_commands,16212017.149,0.537499999627,0
end_draw,16212017.6865,10.1917000003,0
paint,16212017.1423,10.7360999994,2
input_age_ms,16212028.1046,9.99998301268e-05,16
pointer_move,16212028.1049,0.00659999996424,2
draw_commands,16212028.1503,0.561799999326,0
end_draw,16212028.7123,5.85960000008,0
paint,16212028.1454,6.42659999989,2
input_age_ms,16212034.8147,9.99998301268e-05,0
pointer_move,16212034.8149,0.00590000115335,2
draw_commands,16212034.8646,0.570499999449,0
end_draw,16212035.4352,10.3313999996,0
paint,16212034.8595,10.9071999993,2
input_age_ms,16212046.0053,0.00029999949038,15
pointer_move,16212046.0059,0.00669999979436,2
draw_commands,16212046.0551,0.56780000031,0
end_draw,16212046.623,5.10480000079,0
paint,16212046.0501,5.67789999954,2
input_age_ms,16212051.9396,0,0
pointer_move,16212051.9398,0.00679999962449,2
draw_commands,16212051.9858,0.589099999517,0
end_draw,16212052.575,9.56820000149,0
paint,16212051.9804,10.1630000006,2
input_age_ms,16212064.3743,0.000700000673532,0
pointer_move,16212064.3757,0.0127999987453,2
draw_commands,16212064.4798,1.16959999874,0
end_draw,16212065.6495,4.74840000086,0
paint,16212064.4678,5.93039999902,2
input_age_ms,16212072.652,0.00029999949038,0
pointer_move,16212072.653,0.0159999988973,2
draw_commands,16212072.761,0.740199999884,0
end_draw,16212073.5014,7.83930000104,0
paint,16212072.7458,8.59559999965,2
input_age_ms,16212081.57,0.00029999949038,0
pointer_move,16212081.5705,0.00940000079572,2
draw_commands,16212081.6221,0.577300000936,0
end_draw,16212082.1994,6.45500000007,0
paint,16212081.6161,7.03879999928,2
input_age_ms,16212089.0135,0.000199999660254,16
pointer_move,16212089.0143,0.00950000062585,2
draw_commands,16212089.0911,0.608100000769,0
end_draw,16212089.6995,8.91589999944,0
paint,16212089.0836,9.53210000135,2
input_age_ms,16212098.8367,9.99998301268e-05,0
pointer_move,16212098.837,0.00650000013411,2
draw_commands,16212098.8833,0.563099998981,0
end_draw,16212099.4466,7.17779999971,0
paint,16212098.8793,7.74540000036,2
input_age_ms,16212106.903,0.000599998980761,16
pointer_move,16212106.9038,0.00580000132322,2
draw_commands,16212106.9484,0.575099999085,0
end_draw,16212107.5235,9.25960000046,0
paint,16212106.9449,9.83839999884,2
input_age_ms,16212117.0336,0.00029999949038,0
pointer_move,16212117.0344,0.00790000148118,2
draw_commands,16212117.1039,0.599700000137,0
end_draw,16212117.704,11.9509999994,0
paint,16212117.0965,12.5589000005,2
input_age_ms,16212129.9863,0.00029999949038,0
pointer_move,16212129.9869,0.0093000009656,2
draw_commands,16212130.0524,0.667700000107,0
end_draw,16212130.7202,6.14589999989,0
paint,16212130.0449,6.82139999978,2
input_age_ms,16212144.3856,0.00029999949038,0
pointer_move,16212144.3868,0.0120000001043,2
draw_commands,16212144.4608,0.65720000118,0
end_draw,16212145.1181,2.39900000021,0
paint,16212144.4529,3.06450000033,2
input_age_ms,16212160.3221,0.000199999660254,0
pointer_move,16212160.3224,0.0102999992669,2
draw_commands,16212160.4227,0.639899998903,0
end_draw,16212161.0628,1.13760000095,0
paint,16212160.4147,1.78590000048,2
input_age_ms,16212176.934,0.000699998810887,0
pointer_move,16212176.9355,0.0129000004381,2
draw_commands,16212177.0401,1.04629999958,0
end_draw,16212178.0865,1.73330000043,0
paint,16212177.0258,2.79439999908,2
input_age_ms,16212192.5112,0.00029999949038,0
pointer_move,16212192.512,0.00989999994636,2
draw_commands,16212192.5967,0.651200000197,0
end_draw,16212193.248,1.09210000001,0
paint,16212192.5861,1.75419999845,2
input_age_ms,16212200.4593,0.00029999949038,0
pointer_move,16212200.4599,0.00890000164509,2
draw_commands,16212200.5393,0.693900000304,0
end_draw,16212201.2332,1.41949999891,0
paint,16212200.5274,2.12549999915,2
input_age_ms,16212208.9169,0.00029999949038,0
pointer_move,16212208.9176,0.011499999091,2
draw_commands,16212209.0252,0.762399999425,0
end_draw,16212209.788,1.15799999982,0
paint,16212209.0117,1.93449999951,2
input_age_ms,16212224.602,0.00029999949038,0
pointer_move,16212224.6026,0.0131000000983,2
draw_commands,16212224.6755,0.591000000015,0
end_draw,16212225.2665,1.01229999959,0
paint,16212224.6666,1.61229999922,2
input_age_ms,16212232.3716,0.00029999949038,0
pointer_move,16212232.3722,0.00710000097752,2
draw_commands,16212232.4323,0.558500001207,0
end_draw,16212232.9909,1.47849999927,0
paint,16212232.4248,2.04480000027,2
input_age_ms,16212240.3979,0.00029999949038,0
pointer_move,16212240.3985,0.0108000002801,2
draw_commands,16212240.4798,0.621499998495,0
end_draw,16212241.1013,1.2519000005,0
paint,16212240.4675,1.88599999994,2
input_age_ms,16212248.5492,0.00029999949038,0
pointer_move,16212248.5506,0.0122999995947,2
draw_commands,16212248.6321,0.649800000712,0
end_draw,16212249.282,1.2435999997,0
paint,16212248.6225,1.90350000001,2
input_age_ms,16212264.1788,0.000199999660254,0
pointer_move,16212264.1793,0.00709999911487,2
draw_commands,16212264.2305,0.548900000751,0
end_draw,16212264.7795,0.93720000051,0
paint,16212264.2251,1.49180000089,2
draw_commands,16212364.9482,0.511800000444,0
end_draw,16212365.4606,1.56310000084,0
paint,16212364.9418,2.0820000004,2
input_age_ms,16212371.7701,0.000300001353025,0
pointer_move,16212371.7709,0.00830000080168,2
draw_commands,16212371.8553,1.09219999984,0
end_draw,16212372.9477,1.43280000053,0
paint,16212371.8403,2.54059999995,2
draw_commands,16212448.5404,0.480699999258,0
end_draw,16212449.0214,0.855299999937,0
paint,16212448.5347,1.34210000001,2
input_age_ms,16212464.2376,0.000199999660254,0
pointer_move,16212464.238,0.00650000013411,2
draw_commands,16212464.2886,0.501399999484,0
end_draw,16212464.79,0.861400000751,0
paint,16212464.2823,1.36930000037,2
input_age_ms,16212472.698,0.00109999999404,0
pointer_move,16212472.7001,0.00670000165701,2
draw_commands,16212472.7786,0.605100000277,0
end_draw,16212473.3839,1.15000000037,0
paint,16212472.771,1.76300000027,2
input_age_ms,16212480.5586,0.000300001353025,0
pointer_move,16212480.5595,0.0077999997884,2
draw_commands,16212480.6212,0.568699998781,0
end_draw,16212481.1899,1.22310000099,0
paint,16212480.6133,1.79980000108,2
input_age_ms,16212488.7212,0.000399999320507,0
pointer_move,16212488.7219,0.00879999995232,2
draw_commands,16212488.8069,0.705499999225,0
end_draw,16212489.5125,1.41449999996,0
paint,16212488.7953,2.13180000149,2
input_age_ms,16212496.4365,0.000199999660254,0
pointer_move,16212496.437,0.00669999979436,2
draw_commands,16212496.4984,0.539299998432,0
end_draw,16212497.0378,1.48770000041,0
paint,16212496.4913,2.03439999931,2
input_age_ms,16212505.2181,0.00100000016391,0
pointer_move,16212505.2196,0.00960000045598,2
draw_commands,16212505.2995,0.663599999622,0
end_draw,16212505.9632,1.41240000166,0
paint,16212505.2899,2.08610000089,2
input_age_ms,16212512.3531,0.000399999320507,0
pointer_move,16212512.3538,0.0077999997884,2
draw_commands,16212512.4121,0.527300000191,0
end_draw,16212512.9394,0.915500000119,0
paint,16212512.4034,1.45160000026,2
input_age_ms,16212522.3784,0.00119999982417,0
pointer_move,16212522.3802,0.0109999999404,2
draw_commands,16212522.5023,0.831399999559,0
end_draw,16212523.3344,1.42259999923,0
paint,16212522.4887,2.26860000007,2
input_age_ms,16212528.3769,9.99998301268e-05,0
pointer_move,16212528.3773,0.0061000008136,2
draw_commands,16212528.4272,0.480499999598,0
end_draw,16212528.9078,0.830800000578,0
paint,16212528.4226,1.31620000117,2
input_age_ms,16212536.2805,0.000499999150634,0
pointer_move,16212536.2815,0.0101999994367,2
draw_commands,16212536.3808,0.779799999669,0
end_draw,16212537.1608,2.2592999991,0
paint,16212536.3694,3.05079999939,2
input_age_ms,16212544.3875,0.000300001353025,0
pointer_move,16212544.3881,0.00720000080764,2
draw_commands,16212544.4466,0.48060000129,0
end_draw,16212544.9273,1.08049999923,0
paint,16212544.4387,1.56939999945,2
input_age_ms,16212552.4327,0.000199999660254,0
pointer_move,16212552.4332,0.00750000029802,2
draw_commands,16212552.4888,0.525499999523,0
end_draw,16212553.0144,1.65609999932,0
paint,16212552.48,2.19089999981,2
input_age_ms,16212560.6596,0.000199999660254,0
pointer_move,16212560.6602,0.0109999999404,2
draw_commands,16212560.7496,0.565399998799,0
end_draw,16212561.3151,0.967000000179,0
paint,16212560.7384,1.54389999993,2
input_age_ms,16212568.468,0.000199999660254,0
pointer_move,16212568.469,0.00839999876916,2
draw_commands,16212568.5369,0.627499999478,0
end_draw,16212569.1646,1.50650000013,0
paint,16212568.5272,2.14429999888,2
input_age_ms,16212576.3533,0.000199999660254,0
pointer_move,16212576.3538,0.00650000013411,2
draw_commands,16212576.4081,0.492100000381,0
end_draw,16212576.9003,0.903799999505,0
paint,16212576.4029,1.40150000155,2
input_age_ms,16212584.4955,0.000499999150634,0
pointer_move,16212584.4968,0.0120999999344,2
draw_commands,16212584.5803,0.701700000092,0
end_draw,16212585.282,1.56320000067,0
paint,16212584.5676,2.27779999934,2
input_age_ms,16212592.4913,0.00029999949038,0
pointer_move,16212592.492,0.00929999910295,2
draw_commands,16212592.56,0.477699998766,0
end_draw,16212593.0378,0.843500001356,0
paint,16212592.5493,1.33210000023,2
input_age_ms,16212600.5027,0.000300001353025,0
pointer_move,16212600.5034,0.00799999944866,2
draw_commands,16212600.5692,0.547900000587,0
end_draw,16212601.1172,1.06010000035,0
paint,16212600.5602,1.61739999987,2
input_age_ms,16212608.4011,0.000199999660254,0
pointer_move,16212608.4015,0.00689999945462,2
draw_commands,16212608.4514,0.467199999839,0
end_draw,16212608.9187,0.868300000206,0
paint,16212608.4467,1.34040000103,2
input_age_ms,16212616.5891,0.000199999660254,0
pointer_move,16212616.5896,0.00929999910295,2
draw_commands,16212616.6575,0.507799999788,0
end_draw,16212617.1654,0.976999999955,0
paint,16212616.6512,1.49139999971,2
input_age_ms,16212624.5246,0.000300001353025,0
pointer_move,16212624.5255,0.00870000012219,2
draw_commands,16212624.5895,0.486899999902,0
end_draw,16212625.0765,0.997399998829,0
paint,16212624.5818,1.49269999936,2
input_age_ms,16212632.8892,0.000199999660254,0
pointer_move,16212632.8897,0.00879999995232,2
draw_commands,16212632.9885,0.497199999169,0
end_draw,16212633.4858,0.851099999622,0
paint,16212632.9797,1.3574000001,2
input_age_ms,16212640.5861,0.00029999949038,0
pointer_move,16212640.5873,0.0131999999285,2
draw_commands,16212640.6662,0.498399998993,0
end_draw,16212641.1647,0.863199999556,0
paint,16212640.6585,1.36959999986,2
input_age_ms,16212648.4456,0.000400001183152,0
pointer_move,16212648.4463,0.00799999944866,2
draw_commands,16212648.5105,0.458799999207,0
end_draw,16212648.9693,0.932700000703,0
paint,16212648.5014,1.40090000071,2
input_age_ms,16212656.4365,0.000600000843406,0
pointer_move,16212656.4374,0.0090999994427,2
draw_commands,16212656.4984,0.482799999416,0
end_draw,16212656.9813,0.793600000441,0
paint,16212656.4927,1.28240000084,2
input_age_ms,16212664.6203,0.000399999320507,0
pointer_move,16212664.6214,0.0120999999344,2
draw_commands,16212664.692,0.534700000659,0
end_draw,16212665.2267,1.21169999987,0
paint,16212664.6832,1.75540000014,2
input_age_ms,16212672.5544,0.000399999320507,0
pointer_move,16212672.5552,0.012800000608,2
draw_commands,16212672.6503,0.681400001049,0
end_draw,16212673.3319,1.17179999873,0
paint,16212672.6409,1.8628999982,2
input_age_ms,16212680.453,0.000199999660254,0
pointer_move,16212680.4535,0.00619999878109,2
draw_commands,16212680.5127,0.51949999854,0
end_draw,16212681.0323,0.980900000781,0
paint,16212680.5041,1.50949999876,2
input_age_ms,16212690.8482,0.000499999150634,0
pointer_move,16212690.849,0.0097000002861,2
draw_commands,16212690.9822,0.533099999651,0
end_draw,16212691.5156,1.45010000095,0
paint,16212690.9761,1.98980000056,2
input_age_ms,16212696.8886,0.000400001183152,0
pointer_move,16212696.8894,0.0395999997854,2
draw_commands,16212697.1003,0.514700001106,0
end_draw,16212697.6152,1.10850000009,0
paint,16212697.0918,1.63219999894,2
input_age_ms,16212705.1201,0.000999998301268,0
pointer_move,16212705.1213,0.0122999995947,2
draw_commands,16212705.2408,0.672999998555,0
end_draw,16212705.9141,1.43489999883,0
paint,16212705.2244,2.12490000017,2
input_age_ms,16212712.8406,0.00029999949038,0
pointer_move,16212712.8413,0.00630000047386,2
draw_commands,16212712.9402,0.476200001314,0
end_draw,16212713.4165,1.1978999991,0
paint,16212712.9339,1.68070000038,2
input_age_ms,16212721.9006,0.000200001522899,0
pointer_move,16212721.9013,0.328199999407,2
draw_commands,16212722.6034,0.718500001356,0
end_draw,16212723.3221,1.50469999947,0
paint,16212722.596,2.23099999875,2
input_age_ms,16212729.7344,0.000599998980761,16
pointer_move,16212729.7354,0.0620999988168,2
draw_commands,16212730.1344,0.520699998364,0
end_draw,16212730.6556,1.41190000065,0
paint,16212730.1259,1.94199999981,2
input_age_ms,16212736.7327,0.000800000503659,0
pointer_move,16212736.7346,0.0476999990642,2
draw_commands,16212736.8717,0.692399999127,0
end_draw,16212737.5644,1.77529999986,0
paint,16212736.8575,2.48249999993,2
input_age_ms,16212745.2242,0.000400001183152,0
pointer_move,16212745.2253,0.00860000029206,2
draw_commands,16212745.4556,0.477599998936,0
end_draw,16212745.9333,1.26470000111,0
paint,16212745.4478,1.75030000135,2
input_age_ms,16212760.5527,0.00029999949038,0
pointer_move,16212760.5533,0.00729999877512,2
draw_commands,16212760.6045,0.506500000134,0
end_draw,16212761.1111,1.55540000089,0
paint,16212760.5989,2.06780000031,2
input_age_ms,16212784.7674,9.99998301268e-05,0
pointer_move,16212784.7678,0.00569999963045,2
draw_commands,16212784.8538,0.524399999529,0
end_draw,16212785.3783,0.855499999598,0
paint,16212784.8479,1.38609999977,2
draw_commands,16212841.4893,1.36400000006,0
end_draw,16212842.8536,2.29860000126,0
paint,16212841.4789,3.67369999923,2
input_age_ms,16212896.1501,0.00109999999404,0
pointer_move,16212896.1519,0.0152999982238,2
draw_commands,16212896.2864,1.29100000113,0
end_draw,16212897.5778,2.1344000008,0
paint,16212896.2748,3.43769999966,2
input_age_ms,16212905.3111,0.00149999931455,0
pointer_move,16212905.3139,0.0505999997258,2
draw_commands,16212906.0593,1.44099999964,0
end_draw,16212907.5006,2.23579999991,0
paint,16212906.0488,3.68789999932,2
input_age_ms,16212912.3724,0.00139999948442,0
pointer_move,16212912.3746,0.0144999995828,2
draw_commands,16212912.502,1.29040000029,0
end_draw,16212913.7927,2.02539999969,0
paint,16212912.4932,3.32529999875,2
input_age_ms,16212920.437,0.000999998301268,0
pointer_move,16212920.4389,0.0167000014335,2
draw_commands,16212920.606,1.53419999965,0
end_draw,16212922.1405,2.3219000008,0
paint,16212920.5901,3.87260000035,2
input_age_ms,16212928.3884,0.00139999948442,0
pointer_move,16212928.3904,0.0161000005901,2
draw_commands,16212928.5448,1.38910000026,0
end_draw,16212929.9344,2.12360000052,0
paint,16212928.5332,3.52500000037,2
input_age_ms,16212936.229,0.000599998980761,0
pointer_move,16212936.2302,0.0132999997586,2
draw_commands,16212936.4371,1.52459999919,0
end_draw,16212937.962,2.4693,0
paint,16212936.3487,4.08330000006,2
input_age_ms,16212944.2386,0.000599998980761,0
pointer_move,16212944.24,0.0161000005901,2
draw_commands,16212944.3727,1.32540000044,0
end_draw,16212945.6983,2.35280000046,0
paint,16212944.3642,3.68730000034,2
input_age_ms,16212952.341,0.00100000016391,0
pointer_move,16212952.343,0.0206000003964,2
draw_commands,16212952.605,1.39790000021,0
end_draw,16212954.0033,2.24609999917,0
paint,16212952.5933,3.65650000051,2
input_age_ms,16212960.2771,0.000900000333786,0
pointer_move,16212960.2791,0.0166999995708,2
draw_commands,16212960.4369,1.5989000015,0
end_draw,16212962.0364,2.31200000085,0
paint,16212960.4245,3.92420000024,2
input_age_ms,16212968.197,0.000499999150634,0
pointer_move,16212968.1986,0.0147000011057,2
draw_commands,16212968.3273,1.34060000069,0
end_draw,16212969.6682,2.60199999996,0
paint,16212968.32,3.95050000027,2
input_age_ms,16212976.2891,0.000399999320507,0
pointer_move,16212976.2901,0.0175000000745,2
draw_commands,16212976.4384,1.79089999944,0
end_draw,16212978.2299,2.78189999983,0
paint,16212976.4285,4.58369999938,2
input_age_ms,16212984.1861,0.00029999949038,0
pointer_move,16212984.1873,0.0145999994129,2
draw_commands,16212984.3211,1.32819999941,0
end_draw,16212985.6496,2.93500000052,0
paint,16212984.3104,4.27470000088,2
input_age_ms,16212992.4859,0.00260000117123,0
pointer_move,16212992.4893,0.0191000010818,2
draw_commands,16212992.6594,2.36000000127,0
end_draw,16212995.0198,3.25339999981,0
paint,16212992.6497,5.62390000001,2
input_age_ms,16213000.2135,0.000399999320507,0
pointer_move,16213000.2147,0.0147999990731,2
draw_commands,16213000.3423,1.35360000096,0
end_draw,16213001.6962,2.36419999972,0
paint,16213000.3329,3.72819999978,2
input_age_ms,16213008.7537,0.000400001183152,0
pointer_move,16213008.7547,0.0176999997348,2
draw_commands,16213008.9128,1.50280000083,0
end_draw,16213010.4158,2.14300000109,0
paint,16213008.9,3.65909999982,2
input_age_ms,16213016.1089,0.000400001183152,0
pointer_move,16213016.1098,0.0127000007778,2
draw_commands,16213016.219,1.01329999976,0
end_draw,16213017.2326,1.67610000074,0
paint,16213016.2112,2.69779999927,2
input_age_ms,16213024.3299,0.000800000503659,0
pointer_move,16213024.3313,0.0145999994129,2
draw_commands,16213024.4361,0.872800000012,0
end_draw,16213025.309,1.37299999967,0
paint,16213024.4285,2.25379999913,2
input_age_ms,16213032.0885,0.00029999949038,0
pointer_move,16213032.0895,0.0121999997646,2
draw_commands,16213032.19,0.840500000864,0
end_draw,16213033.0306,1.45270000026,0
paint,16213032.1816,2.30189999938,2
input_age_ms,16213040.2526,0.00100000016391,0
pointer_move,16213040.2549,0.01600000076,2
draw_commands,16213040.4232,0.891899999231,0
end_draw,16213041.3155,1.47749999911,0
paint,16213040.4125,2.38079999946,2
input_age_ms,16213047.9687,0.000400001183152,0
pointer_move,16213047.9696,0.00940000079572,2
draw_commands,16213048.0426,0.593299999833,0
end_draw,16213048.636,1.0446000006,0
paint,16213048.0374,1.64330000058,2
input_age_ms,16213056.0998,0.00109999999404,0
pointer_move,16213056.102,0.0288999993354,2
draw_commands,16213056.2154,0.623100001365,0
end_draw,16213056.8387,0.991499999538,0
paint,16213056.2082,1.62219999917,2
input_age_ms,16213072.0288,0.000300001353025,0
pointer_move,16213072.0294,0.00839999876916,2
draw_commands,16213072.1109,0.688200000674,0
end_draw,16213072.7993,1.07279999927,0
paint,16213072.1064,1.76590000093,2
pointer_move,16213216.4039,0.00659999996424,2
draw_commands,16213217.4709,0.479100000113,0
end_draw,16213217.9502,0.888699999079,0
paint,16213217.4654,1.37380000018,2
input_age_ms,16213222.1378,0.000399999320507,0
pointer_move,16213222.1385,0.0141000002623,2
draw_commands,16213222.3304,0.618000000715,0
end_draw,16213222.9487,1.45120000094,0
paint,16213222.317,2.08339999989,2
input_age_ms,16213224.7576,0.000599998980761,0
pointer_move,16213224.7584,0.0109999999404,2
draw_commands,16213224.8425,0.732800001279,0
end_draw,16213225.5753,1.09819999896,0
paint,16213224.8312,1.84249999933,2
input_age_ms,16213232.4563,0.000199999660254,0
pointer_move,16213232.4569,0.00599999912083,2
draw_commands,16213232.5062,0.467199999839,0
end_draw,16213232.9735,0.789099998772,0
paint,16213232.5004,1.26250000112,2
input_age_ms,16213240.9008,0.000399999320507,0
pointer_move,16213240.9017,0.012800000608,2
draw_commands,16213241.0072,0.578599998727,0
end_draw,16213241.5858,0.895500000566,0
paint,16213240.9979,1.48359999992,2
input_age_ms,16213249.2092,0.000599998980761,0
pointer_move,16213249.2108,0.0195000004023,2
draw_commands,16213249.3688,1.77790000103,0
end_draw,16213251.1471,4.11490000039,0
paint,16213249.3604,5.90199999884,2
input_age_ms,16213257.4377,0.000900000333786,0
pointer_move,16213257.4391,0.0201000012457,2
draw_commands,16213257.7927,1.52679999918,0
end_draw,16213259.32,2.51019999944,0
paint,16213257.7767,4.0540000014,2
input_age_ms,16213265.2396,0.000599998980761,0
pointer_move,16213265.2408,0.0822999998927,2
draw_commands,16213265.6646,1.04710000008,0
end_draw,16213266.712,1.65370000154,0
paint,16213265.6552,2.71079999954,2
input_age_ms,16213272.7739,0.00029999949038,0
pointer_move,16213272.7744,0.0106000006199,2
draw_commands,16213272.8576,0.686900001019,0
end_draw,16213273.5445,1.41669999994,0
paint,16213272.8461,2.11529999971,2
input_age_ms,16213280.4341,0.00029999949038,0
pointer_move,16213280.4351,0.00870000012219,2
draw_commands,16213280.498,0.512199999765,0
end_draw,16213281.0102,0.94280000031,0
paint,16213280.4898,1.46329999901,2
input_age_ms,16213288.8705,0.00139999948442,0
pointer_move,16213288.8723,0.0138999987394,2
draw_commands,16213288.9757,0.730100000277,0
end_draw,16213289.7062,1.70780000091,0
paint,16213288.9615,2.45289999992,2
input_age_ms,16213296.3521,0.000199999660254,0
pointer_move,16213296.3528,0.00699999928474,2
draw_commands,16213296.4092,0.484600000083,0
end_draw,16213296.8939,1.02769999951,0
paint,16213296.402,1.51979999989,2
input_age_ms,16213304.6692,0.000300001353025,0
pointer_move,16213304.6698,0.00929999910295,2
draw_commands,16213304.7356,0.545099999756,0
end_draw,16213305.2807,1.02850000001,0
paint,16213304.7275,1.58210000023,2
input_age_ms,16213312.3621,0.000600000843406,0
pointer_move,16213312.3629,0.00520000047982,2
draw_commands,16213312.412,0.458799999207,0
end_draw,16213312.8709,0.845200000331,0
paint,16213312.4066,1.30959999934,2
input_age_ms,16213321.6607,0.000599998980761,0
pointer_move,16213321.6615,0.0109000001103,2
draw_commands,16213321.7558,0.643600000069,0
end_draw,16213322.3995,1.10690000094,0
paint,16213321.7435,1.7631000001,2
input_age_ms,16213328.3756,0.00029999949038,0
pointer_move,16213328.3763,0.00600000098348,2
draw_commands,16213328.4207,0.453499998897,0
end_draw,16213328.8743,0.734699999914,0
paint,16213328.4157,1.19350000098,2
input_age_ms,16213336.8423,0.000400001183152,0
pointer_move,16213336.8432,0.0105000007898,2
draw_commands,16213336.9332,0.67679999955,0
end_draw,16213337.6101,1.18340000138,0
paint,16213336.9198,1.87390000001,2
input_age_ms,16213344.5604,0.00029999949038,0
pointer_move,16213344.5609,0.00799999944866,2
draw_commands,16213344.6188,0.485200000927,0
end_draw,16213345.1041,0.973999999464,0
paint,16213344.6124,1.46589999832,2
input_age_ms,16213352.4266,0.000199999660254,0
pointer_move,16213352.4272,0.00879999995232,2
draw_commands,16213352.4874,0.502399999648,0
end_draw,16213352.9899,1.5642999988,0
paint,16213352.4793,2.07510000095,2
input_age_ms,16213360.4948,0.000300001353025,0
pointer_move,16213360.4954,0.0094999987632,2
draw_commands,16213360.5698,0.571799999103,0
end_draw,16213361.1416,1.17490000091,0
paint,16213360.5623,1.75439999998,2
draw_commands,16213409.683,2.44290000014,0
end_draw,16213412.1262,1.93620000035,0
paint,16213409.6727,4.39009999856,2
input_age_ms,16213431.97,0.000199999660254,0
pointer_move,16213431.9706,0.00650000013411,2
draw_commands,16213432.0231,0.445800000802,0
end_draw,16213432.4689,0.803199999034,0
paint,16213432.0183,1.25389999896,2
input_age_ms,16213441.8993,0.00029999949038,0
pointer_move,16213441.9002,0.0986999999732,2
draw_commands,16213442.2374,0.495799999684,0
end_draw,16213442.7333,1.05800000019,0
paint,16213442.2323,1.55920000002,2
input_age_ms,16213448.0991,9.99998301268e-05,0
pointer_move,16213448.0997,0.007199998945,2
draw_commands,16213448.156,0.494200000539,0
end_draw,16213448.6502,0.779699999839,0
paint,16213448.152,1.27809999883,2
input_age_ms,16213456.4535,0.000899998471141,0
pointer_move,16213456.4554,0.020300000906,2
draw_commands,16213456.6374,3.49139999971,0
end_draw,16213460.1294,3.38680000044,0
paint,16213456.626,6.89059999958,2
input_age_ms,16213464.4385,0.000800000503659,0
pointer_move,16213464.4407,0.021099999547,2
draw_commands,16213464.6157,2.12839999981,0
end_draw,16213466.7445,2.47699999996,0
paint,16213464.6059,4.61589999869,2
input_age_ms,16213472.7441,0.000799998641014,0
pointer_move,16213472.7456,0.0165999997407,2
draw_commands,16213472.9082,1.17640000023,0
end_draw,16213474.0849,2.25540000014,0
paint,16213472.8949,3.44570000097,2
input_age_ms,16213480.2387,0.000900000333786,0
pointer_move,16213480.2406,0.0683000013232,2
draw_commands,16213480.4165,0.979900000617,0
end_draw,16213481.3966,1.35749999993,0
paint,16213480.4055,2.3487999998,2
input_age_ms,16213488.353,0.000599998980761,0
pointer_move,16213488.3547,0.0121000017971,2
draw_commands,16213488.4722,0.91589999944,0
end_draw,16213489.3888,1.66079999879,0
paint,16213488.4579,2.59210000001,2
input_age_ms,16213496.0713,0.000600000843406,0
pointer_move,16213496.0732,0.00769999995828,2
draw_commands,16213496.145,0.580900000408,0
end_draw,16213496.726,0.934299999848,0
paint,16213496.1376,1.52290000021,2
input_age_ms,16213504.4567,0.000999998301268,0
pointer_move,16213504.4582,0.0352999996394,2
draw_commands,16213504.6888,0.811800001189,0
end_draw,16213505.5008,1.73039999977,0
paint,16213504.6752,2.55639999919,2
input_age_ms,16213512.0435,0.00029999949038,0
pointer_move,16213512.0441,0.00690000131726,2
draw_commands,16213512.1036,0.482200000435,0
end_draw,16213512.5858,0.883799999952,0
paint,16213512.098,1.37170000002,2
input_age_ms,16213520.8121,0.00129999965429,0
pointer_move,16213520.8144,0.0223999992013,2
draw_commands,16213521.0274,2.40829999931,0
end_draw,16213523.4362,3.64020000026,0
paint,16213521.0088,6.06819999963,2
input_age_ms,16213531.0461,0.000600000843406,0
pointer_move,16213531.0478,0.163399999961,2
draw_commands,16213531.75,1.86500000022,0
end_draw,16213533.6154,3.49610000104,0
paint,16213531.7387,5.37339999899,2
input_age_ms,16213537.5465,0.000600000843406,0
pointer_move,16213537.5482,0.122700000182,2
draw_commands,16213537.8486,1.97220000066,0
end_draw,16213539.8211,2.93709999882,0
paint,16213537.8385,4.92019999959,2
input_age_ms,16213545.1471,0.000500001013279,0
pointer_move,16213545.1489,0.0582999996841,2
draw_commands,16213545.5628,1.34759999998,0
end_draw,16213546.9107,1.94429999962,0
paint,16213545.5562,3.29900000058,2
input_age_ms,16213552.2353,0.000499999150634,0
pointer_move,16213552.2366,0.0127999987453,2
draw_commands,16213552.3491,0.966300001368,0
end_draw,16213553.3158,1.92270000093,0
paint,16213552.3407,2.89829999954,2
input_age_ms,16213561.2063,0.000400001183152,0
pointer_move,16213561.207,0.0513000003994,2
draw_commands,16213561.4368,0.552900001407,0
end_draw,16213561.9898,0.961999999359,0
paint,16213561.4232,1.52879999951,2
input_age_ms,16213568.021,0.000500001013279,0
pointer_move,16213568.022,0.00830000080168,2
draw_commands,16213568.094,0.481300000101,0
end_draw,16213568.5754,0.842399999499,0
paint,16213568.0857,1.33229999989,2
input_age_ms,16213576.0773,0.000200001522899,0
pointer_move,16213576.0782,0.0101000014693,2
draw_commands,16213576.1719,0.596300000325,0
end_draw,16213576.7684,0.979399999604,0
paint,16213576.1648,1.58320000023,2
input_age_ms,16213584.4613,0.00100000016391,0
pointer_move,16213584.4637,0.0217000003904,2
draw_commands,16213584.6515,1.8730999995,0
end_draw,16213586.525,3.38449999876,0
paint,16213584.6385,5.27160000056,2
pointer_move,16213640.5026,0.0173000004143,2
draw_commands,16213641.508,0.533800000325,0
end_draw,16213642.0418,1.24720000103,0
paint,16213641.5022,1.78700000048,2
input_age_ms,16213654.6063,0.00029999949038,63
pointer_move,16213654.6068,0.0080000013113,2
draw_commands,16213654.6725,0.559700001031,0
end_draw,16213655.2323,1.23570000008,0
paint,16213654.664,1.80429999903,2
input_age_ms,16213680.3105,0.00029999949038,0
pointer_move,16213680.3113,0.00689999945462,2
draw_commands,16213680.3627,0.472500000149,0
end_draw,16213680.8353,0.850199999288,0
paint,16213680.3568,1.32890000008,2
input_age_ms,16213689.154,0.000300001353025,0
pointer_move,16213689.1546,0.00699999928474,2
draw_commands,16213689.3649,0.451199999079,0
end_draw,16213689.8162,0.827300000936,0
paint,16213689.3583,1.28529999964,2
input_age_ms,16213696.9348,0.000399999320507,0
pointer_move,16213696.9358,0.00780000165105,2
draw_commands,16213697.2508,0.480599999428,0
end_draw,16213697.7316,1.21299999952,0
paint,16213697.2346,1.71020000055,2
input_age_ms,16213706.525,0.000699998810887,0
pointer_move,16213706.526,0.00599999912083,2
draw_commands,16213706.5964,0.995099999011,0
end_draw,16213707.5916,1.24579999968,0
paint,16213706.5864,2.2517999988,2
input_age_ms,16213712.4088,0.000499999150634,0
pointer_move,16213712.4096,0.00689999945462,2
draw_commands,16213712.4664,0.459600001574,0
end_draw,16213712.9264,0.929700000212,0
paint,16213712.462,1.39440000057,2
input_age_ms,16213722.3869,0.000900000333786,0
pointer_move,16213722.389,0.0122999995947,2
draw_commands,16213722.5144,0.798800000921,0
end_draw,16213723.3136,1.72580000013,0
paint,16213722.492,2.54810000025,2
input_age_ms,16213729.4021,0.00029999949038,0
pointer_move,16213729.4038,0.0120999999344,2
draw_commands,16213729.4842,0.518499998376,0
end_draw,16213730.0029,1.6641999986,0
paint,16213729.478,2.18950000033,2
input_age_ms,16213736.6332,0.000600000843406,0
pointer_move,16213736.6344,0.00859999842942,2
draw_commands,16213736.717,0.754999998957,0
end_draw,16213737.4725,1.4824000001,0
paint,16213736.7041,2.25109999999,2
input_age_ms,16213744.8148,0.000800000503659,0
pointer_move,16213744.8159,0.0077999997884,2
draw_commands,16213744.8881,0.698599999771,0
end_draw,16213745.5868,1.30310000107,0
paint,16213744.876,2.01410000026,2
input_age_ms,16213752.5156,0.000500001013279,0
pointer_move,16213752.5165,0.0077999997884,2
draw_commands,16213752.578,0.542799999937,0
end_draw,16213753.1209,1.49080000073,0
paint,16213752.5687,2.04359999858,2
draw_commands,16213800.7995,0.465900000185,0
end_draw,16213801.2656,0.93209999986,0
paint,16213800.7936,1.40429999866,2
input_age_ms,16213815.9229,0.000199999660254,0
pointer_move,16213815.9237,0.00590000115335,2
draw_commands,16213815.9735,0.445499999449,0
end_draw,16213816.4191,0.768899999559,0
paint,16213815.9695,1.21860000119,2
input_age_ms,16213824.3643,0.000400001183152,0
pointer_move,16213824.3653,0.0543000008911,2
draw_commands,16213824.6388,0.526899999008,0
end_draw,16213825.1658,1.13159999996,0
paint,16213824.6327,1.66500000097,2
input_age_ms,16213832.0596,0.000300001353025,0
pointer_move,16213832.0605,0.00769999995828,2
draw_commands,16213832.1327,0.507400000468,0
end_draw,16213832.6402,0.838500000536,0
paint,16213832.125,1.35449999943,2
input_age_ms,16213840.0689,0.00029999949038,0
pointer_move,16213840.0698,0.00729999877512,2
draw_commands,16213840.1617,0.544600000605,0
end_draw,16213840.7066,0.956199999899,0
paint,16213840.1503,1.51270000078,2
input_age_ms,16213848.8231,0.00029999949038,0
pointer_move,16213848.8244,0.084699999541,2
draw_commands,16213848.9775,0.504000000656,0
end_draw,16213849.4817,1.33050000109,0
paint,16213848.9723,1.83999999985,2
input_age_ms,16213856.1337,0.000399999320507,0
pointer_move,16213856.1344,0.00969999842346,2
draw_commands,16213856.2129,0.57349999994,0
end_draw,16213856.7865,0.932300001383,0
paint,16213856.2071,1.51180000044,2
input_age_ms,16213864.0759,0.000900000333786,0
pointer_move,16213864.0771,0.00879999995232,2
draw_commands,16213864.1537,0.520200001076,0
end_draw,16213864.674,0.976299999282,0
paint,16213864.1463,1.50439999998,2
input_age_ms,16213872.1902,0.000800000503659,0
pointer_move,16213872.192,0.0134999994189,2
draw_commands,16213872.3,0.556399999186,0
end_draw,16213872.8565,1.00779999979,0
paint,16213872.2939,1.5708000008,2
input_age_ms,16213882.0534,0.000599998980761,0
pointer_move,16213882.0551,0.0230000000447,2
draw_commands,16213882.263,1.9916999992,0
end_draw,16213884.255,3.07079999894,0
paint,16213882.2488,5.07719999924,2
input_age_ms,16213888.4453,0.000800000503659,0
pointer_move,16213888.4468,0.0179000012577,2
draw_commands,16213888.6115,1.46910000034,0
end_draw,16213890.081,2.53150000051,0
paint,16213888.5956,4.01720000058,2
input_age_ms,16213896.4341,0.000599998980761,0
pointer_move,16213896.4357,0.0533000007272,2
draw_commands,16213896.8926,0.772299999371,0
end_draw,16213897.6651,1.122299999,0
paint,16213896.8812,1.90629999898,2
input_age_ms,16213904.1899,0.00029999949038,0
pointer_move,16213904.191,0.0122999995947,2
draw_commands,16213904.2923,0.6660999991,0
end_draw,16213904.9585,1.17889999971,0
paint,16213904.2812,1.8563000001,2
input_age_ms,16213912.0189,0.000199999660254,0
pointer_move,16213912.0197,0.0074000004679,2
draw_commands,16213912.0819,0.486399998888,0
end_draw,16213912.5683,0.866700001061,0
paint,16213912.0756,1.35960000008,2
input_age_ms,16213920.7631,0.000900000333786,0
pointer_move,16213920.7648,0.0616000015289,2
draw_commands,16213921.1769,2.41019999981,0
end_draw,16213923.5876,3.47220000066,0
paint,16213921.1639,5.8964000009,2
input_age_ms,16213929.1826,0.000799998641014,0
pointer_move,16213929.1848,0.0409999992698,2
draw_commands,16213930.1403,1.91009999998,0
end_draw,16213932.051,3.0318,0
paint,16213930.1253,4.95800000057,2
input_age_ms,16213936.4216,0.000600000843406,0
pointer_move,16213936.4231,0.0197999998927,2
draw_commands,16213936.5919,2.02039999887,0
end_draw,16213938.6126,4.49289999902,0
paint,16213936.5833,6.52280000038,2
input_age_ms,16213944.5165,0.000800000503659,0
pointer_move,16213944.519,0.0311000011861,2
draw_commands,16213945.2205,1.9422999993,0
end_draw,16213947.1633,3.1138000004,0
paint,16213945.2067,5.07079999894,2
input_age_ms,16213960.5813,0.00109999999404,0
pointer_move,16213960.5835,0.0272000003606,2
draw_commands,16213960.7992,1.96059999987,0
end_draw,16213962.7601,3.0987999998,0
paint,16213960.7824,5.07699999958,2
pointer_move,16214032.5845,0.00940000079572,2
draw_commands,16214033.5283,0.629100000486,0
end_draw,16214034.1576,1.10850000009,0
paint,16214033.5218,1.74450000003,2
input_age_ms,16214039.0905,0.000499999150634,0
pointer_move,16214039.0912,0.0162000004202,2
draw_commands,16214039.2156,0.944099999964,0
end_draw,16214040.16,1.29319999926,0
paint,16214039.199,2.25440000184,2
input_age_ms,16214080.2679,9.99998301268e-05,0
pointer_move,16214080.2683,0.007199998945,2
draw_commands,16214080.3289,0.60339999944,0
end_draw,16214080.9325,1.04400000162,0
paint,16214080.3226,1.65420000069,2
input_age_ms,16214137.3645,0.000800000503659,16
pointer_move,16214137.3661,0.0603000000119,2
draw_commands,16214137.674,2.07089999877,0
end_draw,16214139.7454,3.79449999891,0
paint,16214137.6605,5.88000000082,2
input_age_ms,16214146.1832,0.00139999948442,0
pointer_move,16214146.1862,0.126399999484,2
draw_commands,16214146.9658,1.98429999873,0
end_draw,16214148.9505,3.30790000036,0
paint,16214146.9521,5.30680000037,2
input_age_ms,16214153.9415,0.000799998641014,0
pointer_move,16214153.9433,0.137900000438,2
draw_commands,16214154.4867,2.09620000049,0
end_draw,16214156.5832,3.8898999989,0
paint,16214154.473,6.00070000067,2
input_age_ms,16214162.7809,0.000500001013279,0
pointer_move,16214162.782,0.0209999997169,2
draw_commands,16214162.9597,1.97360000014,0
end_draw,16214164.9336,3.13390000165,0
paint,16214162.9462,5.12179999985,2
input_age_ms,16214169.1312,0.000599998980761,0
pointer_move,16214169.1326,0.0190999992192,2
draw_commands,16214169.2973,2.58620000072,0
end_draw,16214171.884,3.6090000011,0
paint,16214169.2869,6.20669999905,2
input_age_ms,16214177.8372,0.000899998471141,0
pointer_move,16214177.8394,0.151399999857,2
draw_commands,16214179.9438,1.97910000011,0
end_draw,16214181.9234,4.12030000053,0
paint,16214179.9296,6.11469999887,2
input_age_ms,16214189.6052,0.000900000333786,0
pointer_move,16214189.6081,0.0515999998897,2
draw_commands,16214190.884,1.88289999962,0
end_draw,16214192.7675,2.45969999954,0
paint,16214190.8707,4.35690000094,2
input_age_ms,16214195.4104,9.99998301268e-05,0
pointer_move,16214195.4112,0.0118000004441,2
draw_commands,16214195.52,1.25459999964,0
end_draw,16214196.7751,2.19060000032,0
paint,16214195.5116,3.45439999923,2
input_age_ms,16214200.6741,0.000599998980761,0
pointer_move,16214200.6754,0.0801999997348,2
draw_commands,16214200.9816,1.09370000102,0
end_draw,16214202.0756,1.81269999966,0
paint,16214200.9732,2.91549999826,2
input_age_ms,16214208.1187,0.000600000843406,0
pointer_move,16214208.1204,0.0130000002682,2
draw_commands,16214208.2337,0.780999999493,0
end_draw,16214209.0148,1.19670000114,0
paint,16214208.2234,1.98829999939,2
input_age_ms,16214216.3933,0.000599998980761,0
pointer_move,16214216.3942,0.00829999893904,2
draw_commands,16214216.4632,0.654900001362,0
end_draw,16214217.1184,1.09589999914,0
paint,16214216.4554,1.75910000131,2
input_age_ms,16214223.9887,0.00029999949038,0
pointer_move,16214223.9896,0.00789999961853,2
draw_commands,16214224.0615,0.520099999383,0
end_draw,16214224.5816,0.885000001639,0
paint,16214224.0539,1.41290000081,2
input_age_ms,16214231.9744,0.00029999949038,0
pointer_move,16214231.9749,0.00650000013411,2
draw_commands,16214232.0335,0.477699998766,0
end_draw,16214232.5112,1.12240000069,0
paint,16214232.0288,1.60500000045,2
input_age_ms,16214240.0464,0.000700000673532,0
pointer_move,16214240.0475,0.00960000045598,2
draw_commands,16214240.1202,0.515300000086,0
end_draw,16214240.6355,0.968299999833,0
paint,16214240.1143,1.4896000009,2
input_age_ms,16214248.0896,0.000799998641014,0
pointer_move,16214248.091,0.0106000006199,2
draw_commands,16214248.1826,0.630899999291,0
end_draw,16214248.8136,0.966499999166,0
paint,16214248.1719,1.60830000043,2
input_age_ms,16214256.1449,0.000800000503659,0
pointer_move,16214256.147,0.0130000002682,2
draw_commands,16214256.2723,0.726700000465,0
end_draw,16214256.9994,1.19280000031,0
paint,16214256.2561,1.93659999967,2
input_age_ms,16214264.1512,0.000399999320507,0
pointer_move,16214264.1521,0.0116999987513,2
draw_commands,16214264.2984,0.652799999341,0
end_draw,16214264.9513,0.958300000057,0
paint,16214264.2812,1.62850000151,2
input_age_ms,16214272.0739,0.00130000151694,0
pointer_move,16214272.0758,0.00860000029206,2
draw_commands,16214272.1511,0.513299999759,0
end_draw,16214272.6645,0.858400000259,0
paint,16214272.1458,1.37739999965,2
input_age_ms,16214279.9544,0.000200001522899,0
pointer_move,16214279.9549,0.00750000029802,2
draw_commands,16214280.0245,0.509300000966,0
end_draw,16214280.534,0.958799999207,0
paint,16214280.0197,1.47320000082,2
pointer_move,16214376.6522,0.00980000011623,2
draw_commands,16214377.1487,0.628799999133,0
end_draw,16214377.7776,1.12270000018,0
paint,16214377.1427,1.75789999962,2
input_age_ms,16214388.1149,0.00029999949038,0
pointer_move,16214388.1155,0.00900000147521,2
draw_commands,16214388.2061,0.871799999848,0
end_draw,16214389.0781,1.67569999956,0
paint,16214388.1996,2.55450000055,2
input_age_ms,16214408.411,9.99998301268e-05,0
pointer_move,16214408.4115,0.00830000080168,2
draw_commands,16214408.4752,0.591800000519,0
end_draw,16214409.067,0.992800001055,0
paint,16214408.4692,1.59070000052,2
input_age_ms,16214416.1586,9.99998301268e-05,0
pointer_move,16214416.1589,0.00540000014007,2
draw_commands,16214416.2027,0.525000000373,0
end_draw,16214416.7278,1.12949999981,0
paint,16214416.2006,1.65699999966,2
input_age_ms,16214424.5804,0.000300001353025,0
pointer_move,16214424.5811,0.010399999097,2
draw_commands,16214424.6528,0.637400001287,0
end_draw,16214425.2903,1.03089999966,0
paint,16214424.645,1.67650000006,2
input_age_ms,16214433.0531,0.000700000673532,0
pointer_move,16214433.0545,0.0192999988794,2
draw_commands,16214433.2118,2.01050000079,0
end_draw,16214435.2228,3.79150000028,0
paint,16214433.203,5.81190000102,2
input_age_ms,16214441.9181,0.00100000016391,0
pointer_move,16214441.9203,0.027499999851,2
draw_commands,16214442.2126,2.06340000033,0
end_draw,16214444.2766,3.28189999983,0
paint,16214442.2003,5.35869999975,2
input_age_ms,16214450.3174,0.000900000333786,15
pointer_move,16214450.3201,0.248800000176,2
draw_commands,16214451.3434,2.08860000037,0
end_draw,16214453.4327,3.54959999956,0
paint,16214451.3284,5.65459999815,2
input_age_ms,16214458.2934,0.00129999965429,0
pointer_move,16214458.2961,0.0247000008821,2
draw_commands,16214458.6089,2.02960000001,0
end_draw,16214460.6391,3.33809999935,0
paint,16214458.598,5.3796000015,2
input_age_ms,16214467.6776,0.000700000673532,16
pointer_move,16214467.6792,0.0826000012457,2
draw_commands,16214468.1436,2.01989999972,0
end_draw,16214470.1641,3.29099999927,0
paint,16214468.1324,5.32320000045,2
input_age_ms,16214474.1185,0.000600000843406,0
pointer_move,16214474.1203,0.016799999401,2
draw_commands,16214474.2633,1.48850000091,0
end_draw,16214475.7519,2.48249999993,0
paint,16214474.2549,3.97980000079,2
input_age_ms,16214481.6741,0.00029999949038,0
pointer_move,16214481.6752,0.0557000003755,2
draw_commands,16214481.998,1.0745000001,0
end_draw,16214483.0727,1.88010000065,0
paint,16214481.9864,2.96669999883,2
input_age_ms,16214488.9085,0.000399999320507,0
pointer_move,16214488.9093,0.0127000007778,2
draw_commands,16214489.0178,1.10400000028,0
end_draw,16214490.1221,1.80250000022,0
paint,16214489.0025,2.92240000144,2
input_age_ms,16214497.2258,0.00029999949038,0
pointer_move,16214497.2267,0.0328999999911,2
draw_commands,16214497.3991,0.770400000736,0
end_draw,16214498.1696,1.36500000022,0
paint,16214497.3912,2.14350000024,2
input_age_ms,16214505.104,0.000499999150634,0
pointer_move,16214505.1048,0.0128999985754,2
draw_commands,16214505.2197,0.841200001538,0
end_draw,16214506.0611,1.1995000001,0
paint,16214505.204,2.0569000002,2
input_age_ms,16214512.7869,0.000499999150634,0
pointer_move,16214512.7882,0.0157999992371,2
draw_commands,16214512.8911,0.740399999544,0
end_draw,16214513.6318,1.27590000071,0
paint,16214512.882,2.02600000054,2
input_age_ms,16214521.1828,0.000199999660254,0
pointer_move,16214521.1833,0.00989999994636,2
draw_commands,16214521.2515,0.542200000957,0
end_draw,16214521.7938,1.21969999932,0
paint,16214521.2436,1.77030000091,2
input_age_ms,16214528.7659,0.000499999150634,0
pointer_move,16214528.7668,0.0181000009179,2
draw_commands,16214528.8678,0.700400000438,0
end_draw,16214529.5686,1.57429999858,0
paint,16214528.8598,2.28360000066,2
input_age_ms,16214536.5424,0.00119999982417,0
pointer_move,16214536.5439,0.0352999996394,2
draw_commands,16214536.7262,0.814200000837,0
end_draw,16214537.5407,1.44800000079,0
paint,16214536.7114,2.27759999968,2
input_age_ms,16214544.5726,0.00029999949038,0
pointer_move,16214544.5734,0.00850000046194,2
draw_commands,16214544.6664,0.591299999505,0
end_draw,16214545.2579,1.28250000067,0
paint,16214544.6521,1.88849999942,2
input_age_ms,16214552.3103,9.99998301268e-05,0
pointer_move,16214552.3107,0.00580000132322,2
draw_commands,16214552.3538,0.47889999859,0
end_draw,16214552.8328,1.24609999917,0
paint,16214552.3496,1.72959999926,2
input_age_ms,16214560.3646,9.99998301268e-05,0
pointer_move,16214560.3649,0.00630000047386,2
draw_commands,16214560.4195,0.533399999142,0
end_draw,16214560.9529,0.967299999669,0
paint,16214560.412,1.5084999986,2
input_age_ms,16214568.6695,0.00029999949038,0
pointer_move,16214568.6701,0.00760000012815,2
draw_commands,16214568.929,0.509800000116,0
end_draw,16214569.439,1.50690000132,0
paint,16214568.9244,2.02199999988,2
input_age_ms,16214575.9438,0.000599998980761,0
pointer_move,16214575.9449,0.00929999910295,2
draw_commands,16214576.0189,0.499300001189,0
end_draw,16214576.5183,0.869099998847,0
paint,16214576.0105,1.3770999983,2
input_age_ms,16214593.7052,0.00160000100732,0
pointer_move,16214593.7079,0.281999999657,2
draw_commands,16214594.8084,3.29780000076,0
end_draw,16214598.1066,3.37040000036,0
paint,16214594.7904,6.68709999882,2
input_age_ms,16214609.1082,0.000699998810887,0
pointer_move,16214609.1101,0.0761000011116,2
draw_commands,16214609.9219,2.11019999906,0
end_draw,16214612.0327,3.12959999964,0
paint,16214609.9082,5.25459999964,2
input_age_ms,16214616.3342,0.000599998980761,0
pointer_move,16214616.3357,0.0197000000626,2
draw_commands,16214616.5003,1.7909000013,0
end_draw,16214618.2915,3.54160000011,0
paint,16214616.4928,5.34070000052,2
input_age_ms,16214626.3781,0.00129999965429,0
pointer_move,16214626.3813,0.124299999326,2
draw_commands,16214627.0655,2.07529999875,0
end_draw,16214629.1412,3.67049999908,0
paint,16214627.0517,5.76040000096,2
input_age_ms,16214633.047,0.000399999320507,0
pointer_move,16214633.048,0.0169999990612,2
draw_commands,16214633.2029,1.76559999958,0
end_draw,16214634.9687,3.3433000017,0
paint,16214633.1961,5.11639999971,2
input_age_ms,16214640.7291,0.000800000503659,0
pointer_move,16214640.7311,0.0515000000596,2
draw_commands,16214641.1366,2.07139999978,0
end_draw,16214643.2085,3.33129999973,0
paint,16214641.1245,5.41589999944,2
input_age_ms,16214648.2415,0.000500001013279,0
pointer_move,16214648.2425,0.0152000002563,2
draw_commands,16214648.3781,1.33999999985,0
end_draw,16214649.7183,2.21729999967,0
paint,16214648.3688,3.56750000082,2
input_age_ms,16214656.6106,0.000900000333786,0
pointer_move,16214656.612,0.0194000005722,2
draw_commands,16214656.7853,1.21629999951,0
end_draw,16214658.0021,2.38399999961,0
paint,16214656.7702,3.61629999988,2
input_age_ms,16214664.1299,0.000500001013279,0
pointer_move,16214664.1314,0.0129000004381,2
draw_commands,16214664.2337,0.874500000849,0
end_draw,16214665.1084,1.45830000006,0
paint,16214664.2246,2.34219999984,2
input_age_ms,16214672.2021,0.000500001013279,0
pointer_move,16214672.203,0.0129000004381,2
draw_commands,16214672.3114,0.92699999921,0
end_draw,16214673.2385,1.62539999932,0
paint,16214672.2992,2.56499999948,2
input_age_ms,16214688.3523,0.000300001353025,0
pointer_move,16214688.353,0.0125999990851,2
draw_commands,16214688.4237,0.5625,0
end_draw,16214688.9863,1.36019999906,0
paint,16214688.4174,1.92949999869,2
input_age_ms,16214696.0093,0.000300001353025,0
pointer_move,16214696.0101,0.00910000130534,2
draw_commands,16214696.0834,0.531600000337,0
end_draw,16214696.6151,0.969100000337,0
paint,16214696.0761,1.5083000008,2
input_age_ms,16214704.3209,0.00029999949038,0
pointer_move,16214704.3218,0.0239000003785,2
draw_commands,16214704.4423,0.613400001079,0
end_draw,16214705.0558,0.991399999708,0
paint,16214704.434,1.61359999888,2
input_age_ms,16214711.9793,0.000199999660254,0
pointer_move,16214711.9809,0.00819999910891,2
draw_commands,16214712.0507,0.504499999806,0
end_draw,16214712.5553,0.973500000313,0
paint,16214712.0433,1.48560000025,2
input_age_ms,16214720.3445,0.000199999660254,0
pointer_move,16214720.3457,0.0121999997646,2
draw_commands,16214720.4547,0.705899998546,0
end_draw,16214721.1612,1.61390000023,0
paint,16214720.4415,2.33379999921,2
input_age_ms,16214728.1095,0.000800000503659,0
pointer_move,16214728.1111,0.0140000004321,2
draw_commands,16214728.2113,0.659199999645,0
end_draw,16214728.8709,1.70910000056,0
paint,16214728.2006,2.3797999993,2
input_age_ms,16214736.0765,0.000199999660254,0
pointer_move,16214736.0771,0.0142000000924,2
draw_commands,16214736.1677,0.622999999672,0
end_draw,16214736.7907,1.64430000074,0
paint,16214736.1568,2.27910000086,2
input_age_ms,16214744.0882,0.000300001353025,0
pointer_move,16214744.0888,0.0097000002861,2
draw_commands,16214744.1663,0.518500000238,0
end_draw,16214744.6849,1.09029999934,0
paint,16214744.1594,1.61600000039,2
input_age_ms,16214751.9949,0.000400001183152,0
pointer_move,16214751.996,0.00910000130534,2
draw_commands,16214752.0689,0.48949999921,0
end_draw,16214752.5585,1.39760000072,0
paint,16214752.0624,1.89399999939,2
input_age_ms,16214760.0689,0.000399999320507,0
pointer_move,16214760.0699,0.00809999927878,2
draw_commands,16214760.1407,0.53200000152,0
end_draw,16214760.6727,1.04069999978,0
paint,16214760.1319,1.58190000057,2
input_age_ms,16214768.1045,0.00100000016391,0
pointer_move,16214768.1058,0.0109000001103,2
draw_commands,16214768.2004,0.632099999115,0
end_draw,16214768.8328,1.30899999849,0
paint,16214768.1918,1.95009999909,2
pointer_move,16214770.435,0.0142000000924,2
draw_commands,16214770.8977,0.811599999666,0
end_draw,16214771.7095,1.57479999959,0
paint,16214770.8891,2.39550000057,2
input_age_ms,16214776.7883,0.000399999320507,16
pointer_move,16214776.7893,0.0162000004202,2
draw_commands,16214776.8951,0.802600000054,0
end_draw,16214777.6983,5.43060000055,0
paint,16214776.8762,6.25310000032,2
input_age_ms,16214784.6249,0.000199999660254,0
pointer_move,16214784.6256,0.0129999984056,2
draw_commands,16214784.7104,0.560399999842,0
end_draw,16214785.2709,10.2898999993,0
paint,16214784.6983,10.8628000002,2
input_age_ms,16214795.8798,9.99998301268e-05,15
pointer_move,16214795.8802,0.00569999963045,2
draw_commands,16214795.9334,0.705500001088,0
end_draw,16214796.639,6.25589999929,0
paint,16214795.922,6.97309999913,2
input_age_ms,16214803.7508,0.000399999320507,0
pointer_move,16214803.7525,0.0404000002891,2
draw_commands,16214803.9012,0.616799999028,0
end_draw,16214804.5182,9.34069999866,0
paint,16214803.8925,9.96670000069,2
input_age_ms,16214814.1055,0.00029999949038,0
pointer_move,16214814.1062,0.00889999978244,2
draw_commands,16214814.2429,0.554800000042,0
end_draw,16214814.7979,8.40279999934,0
paint,16214814.2349,8.96600000001,2
input_age_ms,16214825.0246,0.000500001013279,0
pointer_move,16214825.0256,0.0524000003934,2
draw_commands,16214825.2505,0.665400000289,0
end_draw,16214825.9161,9.05330000073,0
paint,16214825.2401,9.72949999943,2
input_age_ms,16214835.2805,0.000499999150634,0
pointer_move,16214835.2815,0.0077999997884,2
draw_commands,16214835.339,0.64090000093,0
end_draw,16214835.98,11.4276000001,0
paint,16214835.3325,12.0754000004,2
input_age_ms,16214865.1681,0.000300001353025,0
pointer_move,16214865.1688,0.010399999097,2
draw_commands,16214865.2595,0.749399999157,0
end_draw,16214866.009,1.18879999965,0
paint,16214865.2431,1.95519999973,2
input_age_ms,16214880.4278,0.000199999660254,0
pointer_move,16214880.4282,0.00769999995828,2
draw_commands,16214880.4949,0.509400000796,0
end_draw,16214881.0044,0.971699999645,0
paint,16214880.4837,1.49259999953,2
input_age_ms,16214888.6907,0.00029999949038,0
pointer_move,16214888.6914,0.0175999999046,2
draw_commands,16214888.8101,0.571999998763,0
end_draw,16214889.3822,0.934399999678,0
paint,16214888.8007,1.51620000042,2
input_age_ms,16214896.2675,0.000199999660254,0
pointer_move,16214896.268,0.00540000014007,2
draw_commands,16214896.3131,0.444399999455,0
end_draw,16214896.7576,0.841399999335,0
paint,16214896.3094,1.28969999962,2
input_age_ms,16214905.471,0.00029999949038,0
pointer_move,16214905.4721,0.0110999997705,2
draw_commands,16214905.5618,0.713500000536,0
end_draw,16214906.2754,1.48290000111,0
paint,16214905.5469,2.2117999997,2
input_age_ms,16214912.6163,0.000199999660254,0
pointer_move,16214912.6167,0.0061000008136,2
draw_commands,16214912.6783,0.51640000008,0
end_draw,16214913.1948,0.959300000221,0
paint,16214912.6705,1.48390000127,2
input_age_ms,16214922.2161,0.000199999660254,0
pointer_move,16214922.2167,0.00849999859929,2
draw_commands,16214922.2957,0.549200000241,0
end_draw,16214922.8449,1.1510999985,0
paint,16214922.2856,1.71070000157,2
input_age_ms,16214928.2893,0.000399999320507,0
pointer_move,16214928.29,0.00600000098348,2
draw_commands,16214928.3332,0.452099999413,0
end_draw,16214928.7853,0.774900000542,0
paint,16214928.3304,1.22990000062,2
input_age_ms,16214936.2691,0.000100001692772,0
pointer_move,16214936.2694,0.00619999878109,2
draw_commands,16214936.3205,0.649500001222,0
end_draw,16214936.97,1.61679999903,0
paint,16214936.3137,2.27339999937,2
input_age_ms,16214944.3705,0.000199999660254,0
pointer_move,16214944.3713,0.00669999979436,2
draw_commands,16214944.4292,0.514800000936,0
end_draw,16214944.944,0.876900000498,0
paint,16214944.4208,1.40020000003,2
input_age_ms,16214952.2589,0.00029999949038,0
pointer_move,16214952.2595,0.00559999980032,2
draw_commands,16214952.3089,0.473600000143,0
end_draw,16214952.7826,1.20019999892,0
paint,16214952.3037,1.67950000055,2
input_age_ms,16214960.313,0.000200001522899,0
pointer_move,16214960.3136,0.00889999978244,2
draw_commands,16214960.3705,0.463700000197,0
end_draw,16214960.8343,0.797499999404,0
paint,16214960.3654,1.26659999974,2
input_age_ms,16214968.4731,0.000200001522899,0
pointer_move,16214968.4754,0.00969999842346,2
draw_commands,16214968.5492,0.559799998999,0
end_draw,16214969.109,1.29850000143,0
paint,16214968.5418,1.86629999988,2
input_age_ms,16214976.3649,0.00029999949038,0
pointer_move,16214976.3655,0.00750000029802,2
draw_commands,16214976.4243,0.504899999127,0
end_draw,16214976.9292,0.848400000483,0
paint,16214976.4146,1.36319999956,2
input_age_ms,16214984.5347,0.000199999660254,0
pointer_move,16214984.5353,0.00750000029802,2
draw_commands,16214984.5948,0.503299999982,0
end_draw,16214985.0982,0.84829999879,0
paint,16214984.5877,1.35879999958,2
input_age_ms,16214992.3822,0.000199999660254,0
pointer_move,16214992.3827,0.0119000002742,2
draw_commands,16214992.4469,0.48409999907,0
end_draw,16214992.931,0.926400000229,0
paint,16214992.4417,1.41579999961,2
input_age_ms,16215000.2519,0.00029999949038,0
pointer_move,16215000.2525,0.00640000030398,2
draw_commands,16215000.3024,0.464199999347,0
end_draw,16215000.7666,0.910500001162,0
paint,16215000.297,1.3805999998,2
input_age_ms,16215008.3881,0.00029999949038,0
pointer_move,16215008.3887,0.00780000165105,2
draw_commands,16215008.4414,0.479499999434,0
end_draw,16215008.9209,0.788200000301,0
paint,16215008.4372,1.27199999988,2
input_age_ms,16215018.222,0.000900000333786,0
pointer_move,16215018.2238,0.0913999993354,2
draw_commands,16215018.5843,2.48249999993,0
end_draw,16215021.0673,4.60830000043,0
paint,16215018.5701,7.10620000027,2
input_age_ms,16215028.0205,0.00100000016391,16
pointer_move,16215028.0228,0.302899999544,2
draw_commands,16215030.9471,3.96729999967,0
end_draw,16215034.9149,4.37509999983,0
paint,16215030.9324,8.35810000077,2
input_age_ms,16215040.0279,0.000900000333786,0
pointer_move,16215040.0297,0.056099999696,2
draw_commands,16215040.2838,2.5008000005,0
end_draw,16215042.7851,3.64430000074,0
paint,16215040.2702,6.15970000066,2
input_age_ms,16215047.0761,0.000700000673532,15
pointer_move,16215047.0777,0.0214999988675,2
draw_commands,16215047.3327,1.9469000008,0
end_draw,16215049.2804,3.19899999909,0
paint,16215047.322,5.15780000016,2
input_age_ms,16215052.9351,0.00029999949038,0
pointer_move,16215052.9362,0.0136999990791,2
draw_commands,16215053.0515,1.76359999925,0
end_draw,16215054.8156,3.29529999942,0
paint,16215053.043,5.06840000115,2
input_age_ms,16215060.8619,0.00100000016391,16
pointer_move,16215060.8637,0.194899998605,2
draw_commands,16215061.5445,1.86249999888,0
end_draw,16215063.4073,2.35730000027,0
paint,16215061.5345,4.23050000146,2
input_age_ms,16215066.2274,0.000200001522899,0
pointer_move,16215066.2279,0.00989999994636,2
draw_commands,16215066.3116,1.05700000003,0
end_draw,16215067.3687,1.79409999959,0
paint,16215066.3075,2.85560000129,2
input_age_ms,16215072.9371,0.000399999320507,0
pointer_move,16215072.9384,0.0158999990672,2
draw_commands,16215073.0547,1.48809999973,0
end_draw,16215074.5431,1.83250000142,0
paint,16215073.0469,3.32909999974,2
input_age_ms,16215080.4591,0.000199999660254,0
pointer_move,16215080.4597,0.00910000130534,2
draw_commands,16215080.5328,0.779500000179,0
end_draw,16215081.3123,2.0064000003,0
paint,16215080.5239,2.79499999993,2
input_age_ms,16215088.8527,0.000399999320507,0
pointer_move,16215088.8534,0.0140000004321,2
draw_commands,16215088.9601,1.40599999949,0
end_draw,16215090.3663,4.17830000073,0
paint,16215088.9447,5.60009999946,2
input_age_ms,16215096.3416,0.000199999660254,0
pointer_move,16215096.3422,0.0074000004679,2
draw_commands,16215096.3996,0.595700001344,0
end_draw,16215096.9954,3.37079999968,0
paint,16215096.3918,3.97460000031,2
input_age_ms,16215104.9221,0.00029999949038,16
pointer_move,16215104.9228,0.0105999987572,2
draw_commands,16215105.018,0.78760000132,0
end_draw,16215105.8057,5.82079999894,0
paint,16215105.0018,6.62490000017,2
input_age_ms,16215112.4647,0.000199999660254,0
pointer_move,16215112.4654,0.00690000131726,2
draw_commands,16215112.527,0.608099998906,0
end_draw,16215113.1354,5.5457000006,0
paint,16215112.5191,6.16220000014,2
input_age_ms,16215122.2407,0.000799998641014,15
pointer_move,16215122.2418,0.0153999999166,2
draw_commands,16215122.3476,0.768999999389,0
end_draw,16215123.1167,7.5625,0
paint,16215122.3347,8.34480000101,2
input_age_ms,16215130.9103,9.99998301268e-05,0
pointer_move,16215130.9106,0.00540000014007,2
draw_commands,16215130.9553,0.637500001118,0
end_draw,16215131.5929,6.25789999962,0
paint,16215130.949,6.9020000007,2
input_age_ms,16215138.2332,9.99998301268e-05,0
pointer_move,16215138.2338,0.0093000009656,2
draw_commands,16215138.3106,0.889800000936,0
end_draw,16215139.2004,8.62769999914,0
paint,16215138.2991,9.52919999883,2
input_age_ms,16215148.0497,0,0
pointer_move,16215148.05,0.00609999895096,2
draw_commands,16215148.0913,0.57300000079,0
end_draw,16215148.6644,6.11920000054,0
paint,16215148.0867,6.69710000046,2
input_age_ms,16215155.0167,0.000199999660254,0
pointer_move,16215155.017,0.00659999996424,2
draw_commands,16215155.0622,0.607999999076,0
end_draw,16215155.6703,7.77960000001,0
paint,16215155.0568,8.39319999889,2
input_age_ms,16215163.6384,9.99998301268e-05,0
pointer_move,16215163.6386,0.00490000098944,2
draw_commands,16215163.6781,0.567400000989,0
end_draw,16215164.2456,7.36930000037,0
paint,16215163.6735,7.94160000049,2
input_age_ms,16215171.8788,0.000100001692772,0
pointer_move,16215171.8791,0.0077999997884,2
draw_commands,16215171.9287,0.649299999699,0
end_draw,16215172.578,7.64699999988,0
paint,16215171.9239,8.30119999871,2
input_age_ms,16215224.395,0.000500001013279,0
pointer_move,16215224.396,0.00879999995232,2
draw_commands,16215224.4603,0.618799999356,0
end_draw,16215225.0792,0.991700001061,0
paint,16215224.452,1.61920000054,2
input_age_ms,16215232.2363,0.000199999660254,0
pointer_move,16215232.2368,0.00640000030398,2
draw_commands,16215232.2864,0.540300000459,0
end_draw,16215232.8268,0.957399999723,0
paint,16215232.2808,1.50349999964,2
input_age_ms,16215248.2537,0.000200001522899,0
pointer_move,16215248.2541,0.00849999859929,2
draw_commands,16215248.3198,0.491499999538,0
end_draw,16215248.8114,1.21649999917,0
paint,16215248.314,1.71420000121,2
input_age_ms,16215256.9121,0.000499999150634,0
pointer_move,16215256.9129,0.0124999992549,2
draw_commands,16215257.0047,0.710900001228,0
end_draw,16215257.7158,1.41579999961,0
paint,16215256.9968,2.13509999961,2
input_age_ms,16215264.4037,0.000199999660254,0
pointer_move,16215264.4041,0.00799999944866,2
draw_commands,16215264.4606,0.539599999785,0
end_draw,16215265.0003,1.12240000069,0
paint,16215264.4538,1.66919999942,2
input_age_ms,16215272.7601,0.000400001183152,0
pointer_move,16215272.7608,0.00870000012219,2
draw_commands,16215272.8742,0.704900000244,0
end_draw,16215273.5797,1.26359999925,0
paint,16215272.8622,1.98139999993,2
input_age_ms,16215280.3139,0.000300001353025,0
pointer_move,16215280.3146,0.00860000029206,2
draw_commands,16215280.3766,0.504000000656,0
end_draw,16215280.8807,0.914300000295,0
paint,16215280.369,1.42619999871,2
input_age_ms,16215289.4277,0.000800000503659,0
pointer_move,16215289.4291,0.0120000001043,2
draw_commands,16215289.5412,0.745499998331,0
end_draw,16215290.2869,1.01319999993,0
paint,16215289.5237,1.77669999935,2
input_age_ms,16215296.3634,0.000300001353025,0
pointer_move,16215296.364,0.00840000063181,2
draw_commands,16215296.4241,0.513299999759,0
end_draw,16215296.9375,0.940600000322,0
paint,16215296.4159,1.46240000054,2
input_age_ms,16215313.0882,0.000600000843406,0
pointer_move,16215313.0897,0.019999999553,2
draw_commands,16215313.254,1.8284999989,0
end_draw,16215315.083,3.00129999965,0
paint,16215313.2443,4.840499999,2
input_age_ms,16215322.9875,0.000399999320507,0
pointer_move,16215322.9886,0.0228999983519,2
draw_commands,16215323.1901,2.65240000002,0
end_draw,16215325.8431,3.61610000022,0
paint,16215323.1752,6.28459999897,2
input_age_ms,16215330.1117,0.000900000333786,0
pointer_move,16215330.1138,0.0204999987036,2
draw_commands,16215330.2911,2.33730000071,0
end_draw,16215332.629,4.55399999954,0
paint,16215330.2769,6.90659999847,2
input_age_ms,16215337.7965,0.000500001013279,0
pointer_move,16215337.7977,0.0234999991953,2
draw_commands,16215337.971,2.59519999847,0
end_draw,16215340.5667,3.89979999885,0
paint,16215337.9586,6.50840000063,2
input_age_ms,16215345.6874,0.000700000673532,0
pointer_move,16215345.6889,0.0220999997109,2
draw_commands,16215345.874,1.91330000013,0
end_draw,16215347.7877,2.91349999979,0
paint,16215345.86,4.84150000103,2
input_age_ms,16215353.0076,0.000700000673532,0
pointer_move,16215353.009,0.0191000010818,2
draw_commands,16215353.1615,1.11550000124,0
end_draw,16215354.2772,2.70639999956,0
paint,16215353.1504,3.83349999972,2
input_age_ms,16215360.8332,0.000700000673532,0
pointer_move,16215360.8342,0.0132999997586,2
draw_commands,16215360.9421,0.95360000059,0
end_draw,16215361.8958,1.58229999989,0
paint,16215360.9296,2.54869999923,2
input_age_ms,16215376.4489,0.000400001183152,0
pointer_move,16215376.4498,0.0106000006199,2
draw_commands,16215376.5411,0.671300001442,0
end_draw,16215377.2125,1.10969999991,0
paint,16215376.5331,1.7893000003,2
input_age_ms,16215400.3099,0.000199999660254,0
pointer_move,16215400.3104,0.00760000012815,2
draw_commands,16215400.3733,0.647100001574,0
end_draw,16215401.0206,1.10290000029,0
paint,16215400.3676,1.75600000098,2
input_age_ms,16215408.5933,0.000500001013279,0
pointer_move,16215408.5942,0.0100999996066,2
draw_commands,16215408.6736,0.667400000617,0
end_draw,16215409.3411,1.12930000015,0
paint,16215408.6651,1.80559999868,2
input_age_ms,16215416.3604,0.00029999949038,0
pointer_move,16215416.3609,0.00899999961257,2
draw_commands,16215416.4302,0.664499999955,0
end_draw,16215417.0948,1.10350000113,0
paint,16215416.4227,1.77579999901,2
input_age_ms,16215424.9443,0.00160000100732,0
pointer_move,16215424.9465,0.0137000009418,2
draw_commands,16215425.0503,0.714399999008,0
end_draw,16215425.7649,1.11999999918,0
paint,16215425.0399,1.84520000033,2
input_age_ms,16215432.6452,0.000400001183152,0
pointer_move,16215432.6458,0.00799999944866,2
draw_commands,16215432.7136,0.609600000083,0
end_draw,16215433.3233,1.14140000008,0
paint,16215432.7064,1.75860000029,2
input_age_ms,16215440.7529,0.000499999150634,0
pointer_move,16215440.754,0.0136999990791,2
draw_commands,16215440.8584,0.775100000203,0
end_draw,16215441.6336,1.17789999954,0
paint,16215440.8512,1.96040000021,2
input_age_ms,16215448.7183,9.99998301268e-05,0
pointer_move,16215448.7187,0.00680000148714,2
draw_commands,16215448.7755,0.667700000107,0
end_draw,16215449.4433,0.949100000784,0
paint,16215448.7687,1.62380000018,2
input_age_ms,16215457.3215,0.000500001013279,0
pointer_move,16215457.3228,0.023500001058,2
draw_commands,16215457.5162,2.25609999895,0
end_draw,16215459.8009,3.84950000048,0
paint,16215457.5016,6.14930000156,2
input_age_ms,16215466.7108,0.00109999999404,16
pointer_move,16215466.7138,0.0845999997109,2
draw_commands,16215467.0463,2.2006000001,0
end_draw,16215469.2471,3.36610000022,0
paint,16215467.0329,5.58070000075,2
input_age_ms,16215489.3887,0.000900000333786,0
pointer_move,16215489.3904,0.01600000076,2
draw_commands,16215489.5386,2.0289000012,0
end_draw,16215491.5679,3.23739999905,0
paint,16215489.5264,5.27979999967,2
input_age_ms,16215504.6436,0.00029999949038,0
pointer_move,16215504.6447,0.0108000002801,2
draw_commands,16215504.7354,0.887799998745,0
end_draw,16215505.6233,2.36420000158,0
paint,16215504.7268,3.26109999977,2
input_age_ms,16215513.1178,0.000700000673532,0
pointer_move,16215513.1189,0.0306000001729,2
draw_commands,16215513.2905,0.715399999171,0
end_draw,16215514.0062,1.39900000021,0
paint,16215513.2836,2.12179999985,2
input_age_ms,16215522.2843,0.000500001013279,0
pointer_move,16215522.285,0.00769999995828,2
draw_commands,16215522.3702,0.74459999986,0
end_draw,16215523.115,1.58029999956,0
paint,16215522.3595,2.33609999903,2
input_age_ms,16215536.2251,9.99998301268e-05,0
pointer_move,16215536.2254,0.00679999962449,2
draw_commands,16215536.275,0.525299999863,0
end_draw,16215536.8005,1.5932,0
paint,16215536.2687,2.12519999966,2
input_age_ms,16215552.1879,0.000200001522899,0
pointer_move,16215552.1886,0.00620000064373,2
draw_commands,16215552.2366,0.459699999541,0
end_draw,16215552.6964,1.13409999944,0
paint,16215552.2308,1.60010000132,2
input_age_ms,16215568.206,0.00029999949038,0
pointer_move,16215568.2066,0.0057000014931,2
draw_commands,16215568.2531,0.461799999699,0
end_draw,16215568.715,0.998600000516,0
paint,16215568.2483,1.46610000171,2
input_age_ms,16215592.5356,0.000100001692772,0
pointer_move,16215592.536,0.00760000012815,2
draw_commands,16215592.5949,0.472599999979,0
end_draw,16215593.0675,0.876399999484,0
paint,16215592.5886,1.3554999996,2
input_age_ms,16215609.0585,0.000500001013279,0
pointer_move,16215609.0594,0.0151000004262,2
draw_commands,16215609.1485,0.594100000337,0
end_draw,16215609.7427,1.05570000038,0
paint,16215609.1352,1.66339999996,2
input_age_ms,16215616.6588,0.000499999150634,0
pointer_move,16215616.6597,0.00959999859333,2
draw_commands,16215616.7313,0.590399999171,0
end_draw,16215617.3218,1.04610000178,0
paint,16215616.7224,1.6456000004,2
input_age_ms,16215624.941,0.000500001013279,0
pointer_move,16215624.9421,0.0142000000924,2
draw_commands,16215625.0506,0.821299999952,0
end_draw,16215625.8719,1.8814000003,0
paint,16215625.0362,2.7173999995,2
input_age_ms,16215640.9021,0.000399999320507,0
pointer_move,16215640.9029,0.0131000000983,2
draw_commands,16215640.9775,0.60000000149,0
end_draw,16215641.5775,1.07459999993,0
paint,16215640.9694,1.68300000019,2
input_age_ms,16215672.3481,0.000200001522899,0
pointer_move,16215672.3485,0.00479999929667,2
draw_commands,16215672.3929,0.509500000626,0
end_draw,16215672.9025,0.961600000039,0
paint,16215672.3869,1.47739999928,2
input_age_ms,16215680.2725,0.000199999660254,0
pointer_move,16215680.273,0.00540000014007,2
draw_commands,16215680.3509,0.5055999998,0
end_draw,16215680.8566,1.14760000072,0
paint,16215680.345,1.65929999948,2
input_age_ms,16215697.7578,0.000399999320507,0
pointer_move,16215697.7588,0.0504999998957,2
draw_commands,16215698.04,0.513200001791,0
end_draw,16215698.5533,1.29569999874,0
paint,16215698.0344,1.81500000134,2
input_age_ms,16215704.9919,0.000399999320507,0
pointer_move,16215704.9926,0.00850000046194,2
draw_commands,16215705.1198,0.730499999598,0
end_draw,16215705.8506,1.33959999867,0
paint,16215705.1082,2.08229999989,2
input_age_ms,16215720.9667,9.99998301268e-05,0
pointer_move,16215720.967,0.0058999992907,2
draw_commands,16215721.0192,0.528899999335,0
end_draw,16215721.5482,1.55800000019,0
paint,16215721.0153,2.09149999917,2
input_age_ms,16215728.5541,0.00150000117719,0
pointer_move,16215728.5563,0.0054999999702,2
draw_commands,16215728.6308,0.552699999884,0
end_draw,16215729.1836,1.23370000161,0
paint,16215728.6233,1.79430000111,2
input_age_ms,16215768.1607,9.99998301268e-05,0
pointer_move,16215768.161,0.00650000013411,2
draw_commands,16215768.2107,0.502800000831,0
end_draw,16215768.7135,0.912699999288,0
paint,16215768.2048,1.42159999907,2
input_age_ms,16215796.6108,0.000600000843406,15
pointer_move,16215796.6124,0.0964999999851,2
draw_commands,16215797.0948,2.24160000123,0
end_draw,16215799.3368,3.43680000119,0
paint,16215797.0806,5.69349999912,2
input_age_ms,16215803.4656,0.000799998641014,0
pointer_move,16215803.4674,0.0982000008225,2
draw_commands,16215803.8824,2.29119999893,0
end_draw,16215806.1742,3.64529999904,0
paint,16215803.8719,5.94800000079,2
input_age_ms,16215810.9872,0.00130000151694,0
pointer_move,16215810.9898,0.0636999998242,2
draw_commands,16215811.5973,1.75679999962,0
end_draw,16215813.3547,2.77130000107,0
paint,16215811.5844,4.54199999943,2
