event,start_ms,duration_ms,value
capture_and_blur,15969264.2881,217.942499999,0
monitor_width,15969482.6471,9.99998301268e-05,3840
monitor_height,15969482.6473,9.99998301268e-05,2160
render_initialize,15969488.4758,345.4224,0
draw_commands,15969833.9999,5.26349999942,0
end_draw,15969839.2636,115.705300001,0
paint,15969488.4757,466.4937,0
show_views,15969482.6471,550.2136,0
input_age_ms,15970033.7314,0.000199999660254,0
pointer_move,15970033.7319,0.07850000076,0
draw_commands,15970040.0845,0.576999999583,0
end_draw,15970040.6619,1.43769999966,0
paint,15970040.0784,2.02169999853,0
input_age_ms,15970176.8586,0.00029999949038,0
pointer_move,15970176.8591,0.00680000148714,0
draw_commands,15970176.9584,0.387199999765,0
end_draw,15970177.3457,1.46770000085,0
paint,15970176.95,1.86400000006,0
input_age_ms,15972126.9012,0.000199999660254,0
pointer_move,15972126.9016,0.0184000004083,0
draw_commands,15972127.2167,0.52469999902,0
end_draw,15972127.7416,1.77070000023,0
paint,15972127.2103,2.30240000039,0
input_age_ms,15978250.4861,0.000800000503659,0
pointer_move,15978250.4872,0.0054999999702,0
draw_commands,15978250.5772,0.346600001678,0
end_draw,15978250.9239,1.05299999937,0
paint,15978250.5701,1.40689999983,0
input_age_ms,15978258.9641,0.000500001013279,0
pointer_move,15978258.9649,0.0251000002027,0
draw_commands,15978259.117,0.460199998692,0
end_draw,15978259.5773,1.03150000051,0
paint,15978259.1095,1.49959999882,0
input_age_ms,15978261.4249,0.00139999948442,16
pointer_move,15978261.4267,0.0194000005722,0
draw_commands,15978261.5406,0.527300000191,0
end_draw,15978262.068,1.31849999912,0
paint,15978261.5296,1.8571000006,0
input_age_ms,15978267.5448,0.00029999949038,0
pointer_move,15978267.5453,0.00720000080764,0
draw_commands,15978267.6555,0.432800000533,0
end_draw,15978268.0883,1.76279999875,0
paint,15978267.6481,2.20340000093,0
input_age_ms,15978279.3644,0.000400001183152,0
pointer_move,15978279.3652,0.0486999992281,0
draw_commands,15978279.635,0.463999999687,0
end_draw,15978280.0992,0.857800001279,0
paint,15978279.6213,1.33619999886,0
input_age_ms,15978443.6807,0.000399999320507,0
pointer_move,15978443.6813,0.00620000064373,0
draw_commands,15978443.7631,0.368300000206,0
end_draw,15978444.1315,0.674799999222,0
paint,15978443.757,1.04960000142,0
input_age_ms,15978451.2675,0.000199999660254,15
pointer_move,15978451.2681,0.0826999992132,0
draw_commands,15978451.5852,0.394899999723,0
end_draw,15978451.9802,0.845000000671,0
paint,15978451.5772,1.24810000136,0
input_age_ms,15978461.2821,0.000300001353025,0
pointer_move,15978461.2826,0.0123999994248,0
draw_commands,15978461.3847,0.350199999288,0
end_draw,15978461.735,0.657999999821,0
paint,15978461.3812,1.01190000027,0
input_age_ms,15978466.6442,0.000899998471141,16
pointer_move,15978466.6453,0.0802999995649,0
draw_commands,15978466.8816,0.400200000033,0
end_draw,15978467.2819,1.03680000082,0
paint,15978466.876,1.44280000031,0
input_age_ms,15978479.0279,0.000200001522899,0
pointer_move,15978479.0377,0.0283000003546,0
draw_commands,15978479.1605,0.537900000811,0
end_draw,15978479.6985,0.582599999383,0
paint,15978479.153,1.12809999846,0
input_age_ms,15978490.497,0.000400001183152,0
pointer_move,15978490.4977,0.00540000014007,0
draw_commands,15978490.5734,0.386600000784,0
end_draw,15978490.9601,0.86469999887,0
paint,15978490.5677,1.25760000013,0
input_age_ms,15978494.1391,0.00029999949038,0
pointer_move,15978494.1398,0.00980000011623,0
draw_commands,15978494.219,0.416799999774,0
end_draw,15978494.6359,1.4020000007,0
paint,15978494.2086,1.82930000126,0
input_age_ms,15978658.8823,0.00029999949038,0
pointer_move,15978658.8828,0.0130000002682,0
draw_commands,15978658.9996,0.376399999484,0
end_draw,15978659.3761,0.73399999924,0
paint,15978658.993,1.11730000004,0
input_age_ms,15978662.2413,0.00249999947846,0
pointer_move,15978662.2471,0.0859000012279,0
draw_commands,15978662.875,0.533600000665,0
end_draw,15978663.4087,0.872399998829,0
paint,15978662.8534,1.42769999988,0
input_age_ms,15978668.3345,0.000399999320507,15
pointer_move,15978668.3352,0.0923999994993,0
draw_commands,15978668.8835,0.589700000361,0
end_draw,15978669.4753,0.976200001314,0
paint,15978668.8759,1.57589999959,0
input_age_ms,15978682.3007,0.000400001183152,0
pointer_move,15978682.3015,0.0251000002027,0
draw_commands,15978682.5336,0.536399999633,0
end_draw,15978683.0703,1.11390000023,0
paint,15978682.5235,1.66090000048,0
input_age_ms,15978684.743,9.99998301268e-05,0
pointer_move,15978684.7436,0.0115000009537,0
draw_commands,15978684.8041,0.382500000298,0
end_draw,15978685.1867,1.21240000054,0
paint,15978684.7979,1.60149999894,0
input_age_ms,15978695.7456,0.000800000503659,0
pointer_move,15978695.7468,0.00960000045598,0
draw_commands,15978695.8488,0.48359999992,0
end_draw,15978696.3325,2.16270000115,0
paint,15978695.832,2.66359999962,0
input_age_ms,15978700.244,0.000499999150634,15
pointer_move,15978700.2456,0.253299999982,0
draw_commands,15978701.4549,0.389299999923,0
end_draw,15978701.8443,0.810200000182,0
paint,15978701.4487,1.20590000041,0
input_age_ms,15978712.0765,0.000599998980761,0
pointer_move,15978712.0773,0.0152000002563,0
draw_commands,15978712.1813,0.457200000063,0
end_draw,15978712.6386,1.49340000004,0
paint,15978712.1699,1.96230000071,0
input_age_ms,15978795.388,0.000199999660254,0
pointer_move,15978795.3884,0.00580000132322,0
draw_commands,15978795.527,0.539899999276,0
end_draw,15978796.0775,1.11469999887,0
paint,15978795.5215,1.67119999975,0
input_age_ms,15978810.5194,0.000199999660254,0
pointer_move,15978810.5199,0.0153000000864,0
draw_commands,15978810.612,0.423000000417,0
end_draw,15978811.0351,1.49239999987,0
paint,15978810.6027,1.92530000024,0
input_age_ms,15978858.2627,0.00029999949038,0
pointer_move,15978858.2633,0.00620000064373,0
draw_commands,15978858.364,0.529699999839,0
end_draw,15978858.8939,1.27880000137,0
paint,15978858.3429,1.83000000007,0
input_age_ms,15978861.7196,0.000400001183152,0
pointer_move,15978861.7204,0.0184000004083,0
draw_commands,15978861.8454,0.559800000861,0
end_draw,15978862.4056,1.45490000024,0
paint,15978861.8324,2.02850000001,0
input_age_ms,15978867.7154,0.000700000673532,0
pointer_move,15978867.7165,0.0410000011325,0
draw_commands,15978867.8793,0.386299999431,0
end_draw,15978868.2658,0.604900000617,0
paint,15978867.8716,0.999099999666,0
input_age_ms,15978875.9254,0.000399999320507,0
pointer_move,15978875.9263,0.0175999999046,0
draw_commands,15978876.0988,0.52690000087,0
end_draw,15978876.626,1.10639999993,0
paint,15978876.0867,1.64599999972,0
input_age_ms,15978879.4322,0.000800000503659,0
pointer_move,15978879.4334,0.0113000012934,0
draw_commands,15978879.5396,0.512000000104,0
end_draw,15978880.0518,3.40049999952,0
paint,15978879.5272,3.92530000024,0
input_age_ms,15978883.7955,0.000300001353025,0
pointer_move,15978883.796,0.0058999992907,0
draw_commands,15978883.8465,0.367699999362,0
end_draw,15978884.2143,2.9421000015,0
paint,15978883.8419,3.31479999982,0
input_age_ms,15978891.7199,0.000399999320507,0
pointer_move,15978891.7208,0.020300000906,0
draw_commands,15978891.9564,0.534600000829,0
end_draw,15978892.4913,1.52199999988,0
paint,15978891.941,2.07269999944,0
input_age_ms,15978895.9585,0.00029999949038,0
pointer_move,15978895.9594,0.0163000002503,0
draw_commands,15978896.1073,0.625800000504,0
end_draw,15978896.7332,7.00249999948,0
paint,15978896.0908,7.64529999904,0
input_age_ms,15978903.964,0.000199999660254,16
pointer_move,15978903.9646,0.0153000000864,0
draw_commands,15978904.0499,0.556499999017,0
end_draw,15978904.6067,6.3945000004,0
paint,15978904.042,6.95949999988,0
input_age_ms,15978911.3931,0.000199999660254,0
pointer_move,15978911.3939,0.0141000002623,0
draw_commands,15978911.4717,0.57870000042,0
end_draw,15978912.0505,10.0470000003,0
paint,15978911.4652,10.6328999996,0
input_age_ms,15978924.1596,0.000599998980761,0
pointer_move,15978924.1604,0.0409000013024,0
draw_commands,15978924.789,0.582999998704,0
end_draw,15978925.3722,3.1977000013,0
paint,15978924.7745,3.79580000043,0
input_age_ms,15978933.6706,0.000499999150634,16
pointer_move,15978933.6727,0.0208999998868,0
input_age_ms,15978934.7979,0.000199999660254,0
pointer_move,15978934.7983,0.0766000002623,0
draw_commands,15978935.1888,0.462500000373,0
end_draw,15978935.6514,4.11900000088,0
paint,15978935.1816,4.5896999985,0
input_age_ms,15978939.9476,0.000400001183152,0
pointer_move,15978939.9483,0.011499999091,0
draw_commands,15978940.02,0.423200000077,0
end_draw,15978940.4433,6.29420000128,0
paint,15978940.0119,6.72589999996,0
input_age_ms,15978948.3127,0.00029999949038,0
pointer_move,15978948.3133,0.0551999993622,0
draw_commands,15978948.5018,0.817499998957,0
end_draw,15978949.3194,7.41370000131,0
paint,15978948.4752,8.25840000063,0
input_age_ms,15978957.1687,0.000199999660254,0
pointer_move,15978957.1694,0.0148000009358,0
draw_commands,15978957.265,0.500799998641,0
end_draw,15978957.7659,7.01609999873,0
paint,15978957.2546,7.52800000086,0
input_age_ms,15978966.0362,0.000199999660254,16
pointer_move,15978966.0367,0.0537000000477,0
input_age_ms,15978966.6226,0.000199999660254,0
pointer_move,15978966.6231,0.0947000011802,0
draw_commands,15978966.8371,0.537100000307,0
end_draw,15978967.3743,7.74590000138,0
paint,15978966.8287,8.29229999892,0
input_age_ms,15978975.3786,9.99998301268e-05,0
pointer_move,15978975.3793,0.00609999895096,0
draw_commands,15978975.4381,0.541599998251,0
end_draw,15978975.9798,6.27809999883,0
paint,15978975.4277,6.83049999923,0
input_age_ms,15978982.8195,0.000300001353025,16
pointer_move,15978982.8205,0.0329999998212,0
draw_commands,15978982.9865,0.518299998716,0
end_draw,15978983.5051,10.4509999994,0
paint,15978982.9716,10.9849999994,0
input_age_ms,15978996.044,0.00029999949038,15
pointer_move,15978996.045,0.0273000001907,0
input_age_ms,15978996.9246,0.000300001353025,0
pointer_move,15978996.9254,0.0902999993414,0
input_age_ms,15978997.8901,9.99998301268e-05,0
pointer_move,15978997.8904,0.0296999998391,0
draw_commands,15978998.179,0.685100000352,0
end_draw,15978998.8642,5.25760000013,0
paint,15978998.1472,5.97479999997,0
input_age_ms,15979004.3044,0.000199999660254,0
pointer_move,15979004.3048,0.00669999979436,0
draw_commands,15979004.3732,0.430300001055,0
end_draw,15979004.8036,7.30329999886,0
paint,15979004.3668,7.7405999992,0
input_age_ms,15979013.0522,0.000399999320507,16
pointer_move,15979013.0532,0.0274000000209,0
input_age_ms,15979013.5392,9.99998301268e-05,0
pointer_move,15979013.5397,0.0154999997467,0
draw_commands,15979013.7983,0.584599999711,0
end_draw,15979014.3841,7.05370000005,0
paint,15979013.789,7.64939999953,0
input_age_ms,15979021.9079,9.99998301268e-05,0
pointer_move,15979021.9097,0.00859999842942,0
draw_commands,15979021.9678,0.48379999958,0
end_draw,15979022.4516,7.24870000035,0
paint,15979021.9599,7.74100000039,0
input_age_ms,15979031.4893,0.000400001183152,16
pointer_move,15979031.4981,0.0416999999434,0
draw_commands,15979031.6748,0.800600001588,0
end_draw,15979032.4758,7.4888000004,0
paint,15979031.6663,8.29909999855,0
input_age_ms,15979041.2041,0.00029999949038,0
pointer_move,15979041.2051,0.0116000007838,0
draw_commands,15979041.3071,0.53230000101,0
end_draw,15979041.8395,5.67409999855,0
paint,15979041.2966,6.21750000119,0
input_age_ms,15979048.0347,9.99998301268e-05,15
pointer_move,15979048.0353,0.0384999997914,0
draw_commands,15979048.2982,0.636199999601,0
end_draw,15979048.9345,9.50899999961,0
paint,15979048.287,10.1570999995,0
input_age_ms,15979058.9688,0.00029999949038,16
pointer_move,15979058.9695,0.0241000000387,0
draw_commands,15979059.1001,0.5783000011,0
end_draw,15979059.6786,6.97399999946,0
paint,15979059.0886,7.56450000033,0
input_age_ms,15979068.9205,0.00230000168085,0
pointer_move,15979068.9254,0.0593999996781,0
input_age_ms,15979069.6783,0.000199999660254,0
pointer_move,15979069.6786,0.00879999995232,0
draw_commands,15979069.7885,0.40730000101,0
end_draw,15979070.196,5.38159999996,0
paint,15979069.7801,5.79780000076,0
input_age_ms,15979076.4064,9.99998301268e-05,15
pointer_move,15979076.407,0.0263000000268,0
draw_commands,15979076.5673,0.439000001177,0
end_draw,15979077.0064,8.15089999884,0
paint,15979076.5554,8.60209999979,0
input_age_ms,15979085.4341,9.99998301268e-05,0
pointer_move,15979085.4344,0.0097000002861,0
draw_commands,15979085.4956,0.439400000498,0
end_draw,15979085.9351,5.88639999926,0
paint,15979085.4904,6.33129999973,0
input_age_ms,15979092.4372,0.000699998810887,16
pointer_move,15979092.4387,0.0196000002325,0
draw_commands,15979092.6119,0.627399999648,0
end_draw,15979093.2397,8.00009999983,0
paint,15979092.6038,8.63659999892,0
input_age_ms,15979101.6864,0.00029999949038,0
pointer_move,15979101.6871,0.0157999992371,0
draw_commands,15979101.7909,0.502399999648,0
end_draw,15979102.294,7.91200000048,0
paint,15979101.7846,8.42159999907,0
input_age_ms,15979110.6692,0.000300001353025,16
pointer_move,15979110.6698,0.0200999993831,0
draw_commands,15979110.7759,1.29519999959,0
end_draw,15979112.0713,11.0601000004,0
paint,15979110.7643,12.3674999997,0
input_age_ms,15979127.3291,0.000199999660254,15
pointer_move,15979127.3305,0.0396000016481,0
draw_commands,15979128.1164,0.772199999541,0
end_draw,15979128.8888,1.10369999893,0
paint,15979128.0977,1.89580000006,0
input_age_ms,15979135.1836,0.000400001183152,0
pointer_move,15979135.185,0.0784999988973,0
input_age_ms,15979136.1094,0.000199999660254,16
pointer_move,15979136.1098,0.023199999705,0
draw_commands,15979138.6771,0.480799999088,0
end_draw,15979139.1582,1.30150000006,0
paint,15979138.6643,1.7957000006,0
input_age_ms,15979141.0961,0.000199999660254,0
pointer_move,15979141.0966,0.00989999994636,0
draw_commands,15979141.295,0.508500000462,0
end_draw,15979141.804,5.84449999966,0
paint,15979141.2793,6.36979999952,0
input_age_ms,15979148.2374,0.00029999949038,0
pointer_move,15979148.2381,0.0090999994427,0
draw_commands,15979148.3212,0.412699999288,0
end_draw,15979148.734,7.88920000009,0
paint,15979148.3118,8.31170000136,0
input_age_ms,15979156.9998,9.99998301268e-05,0
pointer_move,15979157.0002,0.00850000046194,0
draw_commands,15979157.089,0.415699999779,0
end_draw,15979157.5047,5.89740000106,0
paint,15979157.0824,6.32019999996,0
input_age_ms,15979163.9194,0.000200001522899,0
pointer_move,15979163.92,0.00799999944866,0
draw_commands,15979164.0028,0.372599998489,0
end_draw,15979164.3755,9.09530000016,0
paint,15979163.9995,9.47159999982,0
input_age_ms,15979173.801,0.000199999660254,0
pointer_move,15979173.8015,0.0124999992549,0
draw_commands,15979173.8915,0.460899999365,0
end_draw,15979174.3525,7.11670000106,0
paint,15979173.8828,7.58669999987,0
input_age_ms,15979182.1365,0.000400001183152,0
pointer_move,15979182.1372,0.0145999994129,0
input_age_ms,15979182.4522,0.000200001522899,0
pointer_move,15979182.4528,0.0151000004262,0
draw_commands,15979182.573,0.544699998572,0
end_draw,15979183.1179,7.6791999992,0
paint,15979182.5613,8.23629999906,0
input_age_ms,15979191.3015,0.00029999949038,0
pointer_move,15979191.302,0.0093000009656,0
draw_commands,15979191.3772,0.579199999571,0
end_draw,15979191.9565,10.3771000002,0
paint,15979191.3682,10.9658000004,0
input_age_ms,15979204.6351,0.000400001183152,0
pointer_move,15979204.636,0.0730000007898,0
draw_commands,15979204.9949,0.430800000206,0
end_draw,15979205.4258,2.08980000019,0
paint,15979204.9835,2.53250000067,0
input_age_ms,15979212.1092,0.000499999150634,0
pointer_move,15979212.1102,0.0139999985695,0
input_age_ms,15979212.7771,9.99998301268e-05,0
pointer_move,15979212.7774,0.0186999998987,0
draw_commands,15979212.9804,0.518100000918,0
end_draw,15979213.4987,5.11510000005,0
paint,15979212.9474,5.6668999996,0
input_age_ms,15979218.8585,9.99998301268e-05,0
pointer_move,15979218.8588,0.0115000009537,0
draw_commands,15979218.9455,0.425499999896,0
end_draw,15979219.371,7.79930000007,0
paint,15979218.9399,8.23100000061,0
input_age_ms,15979230.7144,0.000499999150634,16
pointer_move,15979230.7155,0.028299998492,0
input_age_ms,15979231.5265,0.000199999660254,0
pointer_move,15979231.5269,0.0150999985635,0
draw_commands,15979231.8837,0.436499999836,0
end_draw,15979232.3203,1.10910000093,0
paint,15979231.8767,1.5530999992,0
input_age_ms,15979238.1273,0.000600000843406,0
pointer_move,15979238.1285,0.0136000011116,0
draw_commands,15979238.4016,0.447200000286,0
end_draw,15979238.8489,4.21480000019,0
paint,15979238.3913,4.68439999968,0
input_age_ms,15979243.7953,0.000199999660254,0
pointer_move,15979243.7966,0.0117000006139,0
draw_commands,15979243.9129,0.935499999672,0
end_draw,15979244.8487,4.99139999971,0
paint,15979243.9026,5.93800000101,0
input_age_ms,15979251.7588,0.000600000843406,0
pointer_move,15979251.7604,0.0293000005186,0
draw_commands,15979251.9774,0.388400001451,0
end_draw,15979252.3659,7.10249999911,0
paint,15979251.9713,7.49739999883,0
input_age_ms,15979260.0633,9.99998301268e-05,0
pointer_move,15979260.0639,0.0125000011176,0
draw_commands,15979260.1701,0.429500000551,0
end_draw,15979260.5997,8.41310000047,0
paint,15979260.1609,8.85229999945,0
input_age_ms,15979269.3627,9.99998301268e-05,0
pointer_move,15979269.3631,0.0159000009298,0
draw_commands,15979269.4565,0.436499999836,0
end_draw,15979269.8936,5.97350000031,0
paint,15979269.4502,6.41749999858,0
input_age_ms,15979276.2596,0.000199999660254,0
pointer_move,15979276.2607,0.0192999988794,0
draw_commands,15979276.3475,0.415500000119,0
end_draw,15979276.7631,9.95580000058,0
paint,15979276.3423,10.3772,0
input_age_ms,15979287.4025,0.00029999949038,0
pointer_move,15979287.4032,0.0127999987453,0
draw_commands,15979287.5044,0.444800000638,0
end_draw,15979287.9493,5.70940000005,0
paint,15979287.4926,6.16650000028,0
input_age_ms,15979294.6651,0.00029999949038,15
pointer_move,15979294.666,0.033900000155,0
draw_commands,15979294.8223,0.500399999321,0
end_draw,15979295.3228,9.39930000156,0
paint,15979294.8123,9.91019999981,0
input_age_ms,15979305.286,0.000199999660254,0
pointer_move,15979305.2864,0.019200000912,0
draw_commands,15979305.4083,0.472800001502,0
end_draw,15979305.8814,5.78209999949,0
paint,15979305.4016,6.26219999976,0
input_age_ms,15979316.3085,0.000500001013279,0
pointer_move,15979316.3097,0.0345000009984,0
input_age_ms,15979316.6664,0.000199999660254,0
pointer_move,15979316.6668,0.0238000005484,0
draw_commands,15979316.8405,0.439199998975,0
end_draw,15979317.2798,4.2564000003,0
paint,15979316.8324,4.70440000109,0
input_age_ms,15979323.1021,0.000199999660254,0
pointer_move,15979323.1027,0.00519999861717,0
draw_commands,15979323.1879,0.405600000173,0
end_draw,15979323.5938,4.63439999893,0
paint,15979323.1798,5.04900000058,0
input_age_ms,15979331.8729,0.000500001013279,0
pointer_move,15979331.8738,0.0206000003964,0
draw_commands,15979332.9368,0.503600001335,0
end_draw,15979333.4406,6.02649999969,0
paint,15979332.9273,6.54040000029,0
input_age_ms,15979340.5101,0.000400001183152,16
pointer_move,15979340.5113,0.0198999997228,0
draw_commands,15979340.728,0.56760000065,0
end_draw,15979341.2957,5.20999999903,0
paint,15979340.7188,5.78759999946,0
input_age_ms,15979347.0357,0.000699998810887,0
pointer_move,15979347.037,0.00989999994636,0
input_age_ms,15979348.9991,0.000400001183152,0
pointer_move,15979349.0002,0.107499999925,0
draw_commands,15979349.602,0.492200000212,0
end_draw,15979350.0943,4.98220000044,0
paint,15979349.5877,5.48929999955,0
input_age_ms,15979355.6827,0.000499999150634,16
pointer_move,15979355.6836,0.00980000011623,0
draw_commands,15979356.0533,0.527899999171,0
end_draw,15979356.5813,6.90660000034,0
paint,15979356.0413,7.4467999991,0
input_age_ms,15979364.0849,0.000200001522899,0
pointer_move,15979364.0856,0.0219000000507,0
input_age_ms,15979364.4531,0.000199999660254,0
pointer_move,15979364.4535,0.0235999990255,0
draw_commands,15979364.6013,0.496500000358,0
end_draw,15979365.0979,7.17329999991,0
paint,15979364.5946,7.67720000073,0
input_age_ms,15979372.4882,9.99998301268e-05,15
pointer_move,15979372.4886,0.0160999987274,0
draw_commands,15979372.5774,0.417799999937,0
end_draw,15979372.9953,5.99079999886,0
paint,15979372.5706,6.41580000147,0
input_age_ms,15979379.5159,9.99998301268e-05,0
pointer_move,15979379.5164,0.00980000011623,0
draw_commands,15979379.597,0.422800000757,0
end_draw,15979380.0199,8.06080000103,0
paint,15979379.5942,8.48670000024,0
input_age_ms,15979388.6121,0.000300001353025,16
pointer_move,15979388.6127,0.016799999401,0
draw_commands,15979388.7192,0.383899999782,0
end_draw,15979389.1032,5.46729999967,0
paint,15979388.7123,5.8599999994,0
input_age_ms,15979395.1799,0.000199999660254,0
pointer_move,15979395.1806,0.0130000002682,0
draw_commands,15979395.2613,0.468100000173,0
end_draw,15979395.7295,8.81460000016,0
paint,15979395.2518,9.29249999858,0
draw_commands,15979459.3628,0.654400000349,0
end_draw,15979460.0174,0.91619999893,0
paint,15979459.356,1.58029999956,1
input_age_ms,15979461.2322,0.000199999660254,0
draw_commands,15979461.2688,0.411700000986,0
end_draw,15979461.6826,0.656399998814,0
paint,15979461.2642,1.07509999909,1
pointer_move,15979461.2331,1.12459999882,1
input_age_ms,15979478.2866,0.000700000673532,0
draw_commands,15979478.3404,0.377400001511,0
end_draw,15979478.7179,0.635299999267,0
paint,15979478.333,1.02039999887,1
pointer_move,15979478.288,1.08660000004,1
input_age_ms,15979498.3657,0.000399999320507,0
draw_commands,15979499.2776,0.359400000423,0
end_draw,15979499.6373,0.568600000814,0
paint,15979499.2689,0.93720000051,1
pointer_move,15979498.3667,1.8571000006,1
input_age_ms,15979510.4518,0.00029999949038,0
draw_commands,15979510.5576,0.488199999556,0
end_draw,15979511.0459,1.1557,0
paint,15979510.5507,1.65130000003,1
pointer_move,15979510.4524,2.27649999969,1
input_age_ms,15979515.3402,0.000300001353025,0
draw_commands,15979515.4944,0.357100000605,0
end_draw,15979515.8518,1.35300000012,0
paint,15979515.4876,1.72709999979,1
pointer_move,15979515.3408,1.89219999872,1
input_age_ms,15979522.683,0.00239999964833,0
draw_commands,15979522.8289,0.371300000697,0
end_draw,15979523.2003,0.58199999854,0
paint,15979522.8213,0.960999999195,1
pointer_move,15979522.686,1.11139999889,1
input_age_ms,15979532.732,0.000499999150634,0
draw_commands,15979533.0192,0.498799998313,0
end_draw,15979533.5182,0.778299998492,0
paint,15979533.0089,1.28769999929,1
pointer_move,15979532.7337,1.58579999954,1
input_age_ms,15979539.2319,0.000600000843406,0
draw_commands,15979539.4521,0.474700000137,0
end_draw,15979539.9269,0.805800000206,0
paint,15979539.437,1.29569999874,1
pointer_move,15979539.2338,1.51800000109,1
input_age_ms,15979546.8465,0.000800000503659,0
draw_commands,15979549.1132,0.467800000682,0
end_draw,15979549.5812,0.770099999383,0
paint,15979549.1033,1.2482000012,1
pointer_move,15979546.8477,3.52820000052,1
input_age_ms,15979554.8837,0.000599998980761,0
draw_commands,15979555.0425,0.399399999529,0
end_draw,15979555.442,0.640499999747,0
paint,15979555.0361,1.04649999924,1
pointer_move,15979554.8847,1.21229999885,1
input_age_ms,15979563.4568,0.000699998810887,0
draw_commands,15979563.8033,0.499799998477,0
end_draw,15979564.3035,3.19569999911,0
paint,15979563.7909,3.70880000107,1
pointer_move,15979563.4582,4.07699999958,1
input_age_ms,15979571.0455,0.000700000673532,0
draw_commands,15979571.242,0.477199999616,0
end_draw,15979571.7194,0.873600000516,0
paint,15979571.227,1.36610000022,1
pointer_move,15979571.0486,1.56479999982,1
input_age_ms,15979578.4737,0.000399999320507,0
draw_commands,15979580.2301,0.490699999034,0
end_draw,15979580.7219,0.89600000158,0
paint,15979580.2168,1.4012000002,1
pointer_move,15979578.4747,3.18249999918,1
input_age_ms,15979581.8496,9.99998301268e-05,0
draw_commands,15979581.931,0.429600000381,0
end_draw,15979582.3607,0.538200000301,0
paint,15979581.9275,0.971499999985,1
pointer_move,15979581.85,1.06719999947,1
input_age_ms,15979586.5099,0.00100000016391,0
draw_commands,15979586.7188,0.871899999678,0
end_draw,15979587.5909,1.40279999934,0
paint,15979586.7057,2.28819999844,1
pointer_move,15979586.5127,2.50739999861,1
input_age_ms,15979594.5647,0.000700000673532,0
draw_commands,15979594.7342,0.759999999776,0
end_draw,15979595.4944,2.53250000067,0
paint,15979594.7182,3.30939999968,1
pointer_move,15979594.5659,3.81780000031,1
input_age_ms,15979598.8002,0.00029999949038,0
draw_commands,15979598.8834,0.575099999085,0
end_draw,15979599.4588,8.0615000017,0
paint,15979598.8759,8.64489999972,1
pointer_move,15979598.8022,8.74859999865,1
input_age_ms,15979607.5949,0,16
draw_commands,15979607.6299,0.520200001076,0
end_draw,15979608.1501,6.61390000023,0
paint,15979607.6217,7.14309999906,1
pointer_move,15979607.5954,7.19629999995,1
input_age_ms,15979615.0168,0.000700000673532,0
draw_commands,15979615.0792,0.449000000954,0
end_draw,15979615.5283,10.9173999988,0
paint,15979615.0719,11.3741999995,1
pointer_move,15979615.0193,11.4563999996,1
input_age_ms,15979626.7545,0.000399999320507,0
draw_commands,15979626.8201,0.575799999759,0
end_draw,15979627.396,9.51700000092,0
paint,15979626.8101,10.1036999989,1
pointer_move,15979626.7555,10.1886,1
input_age_ms,15979637.3059,0.000399999320507,16
draw_commands,15979637.3954,0.504499999806,0
end_draw,15979637.9,6.78449999914,0
paint,15979637.3829,7.30200000107,1
pointer_move,15979637.3068,7.43429999985,1
input_age_ms,15979645.0406,0.000199999660254,0
draw_commands,15979645.1363,0.590400001034,0
end_draw,15979645.7273,9.70760000125,0
paint,15979645.1251,10.3110000007,1
pointer_move,15979645.0413,10.4298,1
input_age_ms,15979655.7087,0.000600000843406,16
draw_commands,15979655.7668,0.581000000238,0
end_draw,15979656.3478,6.42950000055,0
paint,15979655.7583,7.01939999871,1
pointer_move,15979655.7097,7.09800000116,1
input_age_ms,15979663.0215,0.000199999660254,0
draw_commands,15979663.0712,0.474299998954,0
end_draw,15979663.5456,10.1522999983,0
paint,15979663.0645,10.6337000001,1
pointer_move,15979663.0222,11.5720000006,1
input_age_ms,15979674.917,0.000199999660254,0
draw_commands,15979675.0443,0.497500000522,0
end_draw,15979675.542,4.32150000148,0
paint,15979675.0342,4.82990000024,1
pointer_move,15979674.9176,5.03170000017,1
input_age_ms,15979680.1404,9.99998301268e-05,0
draw_commands,15979680.2353,0.520299999043,0
end_draw,15979680.7557,8.50439999998,0
paint,15979680.2286,9.03200000152,1
pointer_move,15979680.141,10.4652999993,1
input_age_ms,15979690.7427,9.99998301268e-05,0
draw_commands,15979690.8622,0.514399999753,0
end_draw,15979691.3767,4.74120000005,0
paint,15979690.8564,5.26180000044,1
pointer_move,15979690.7437,6.49349999987,1
input_age_ms,15979697.9288,9.99998301268e-05,0
draw_commands,15979699.0461,0.456199999899,0
end_draw,15979699.5025,7.61830000021,0
paint,15979699.0385,8.08259999938,1
pointer_move,15979697.9294,9.31240000017,1
input_age_ms,15979708.0054,9.99998301268e-05,0
draw_commands,15979708.154,0.565799999982,0
end_draw,15979708.7201,6.0792999994,0
paint,15979708.145,6.65479999967,1
pointer_move,15979708.0059,7.31350000016,1
input_age_ms,15979717.1811,0.000900000333786,16
draw_commands,15979718.2027,0.434200000018,0
end_draw,15979718.6371,5.87509999983,0
paint,15979718.1946,6.31820000149,1
pointer_move,15979717.1825,7.36310000159,1
input_age_ms,15979724.9236,0.000200001522899,0
draw_commands,15979725.0377,0.483900001273,0
end_draw,15979725.5218,5.74799999967,0
paint,15979725.0296,6.2405999992,1
pointer_move,15979724.9332,6.49330000021,1
input_age_ms,15979731.7688,0.00029999949038,16
draw_commands,15979733.642,0.441199999303,0
end_draw,15979734.0839,6.4366999995,0
paint,15979733.6342,6.88660000078,1
pointer_move,15979731.7696,8.80509999953,1
input_age_ms,15979740.7038,9.99998301268e-05,0
draw_commands,15979740.7642,0.420900000259,0
end_draw,15979741.1854,7.95199999958,0
paint,15979740.7558,8.38200000115,1
pointer_move,15979740.7043,8.77600000054,1
input_age_ms,15979749.7172,0.000199999660254,15
draw_commands,15979749.8929,0.40700000152,0
end_draw,15979750.3,8.20669999905,0
paint,15979749.8835,8.62349999882,1
pointer_move,15979749.7177,8.82019999996,1
input_age_ms,15979758.7297,0.000300001353025,0
draw_commands,15979758.7893,0.48369999975,0
end_draw,15979759.2731,7.07709999941,0
paint,15979758.7801,7.57050000131,1
pointer_move,15979758.7305,7.83550000004,1
input_age_ms,15979767.0328,9.99998301268e-05,16
draw_commands,15979767.1496,0.650900000706,0
end_draw,15979767.8007,7.70110000111,0
paint,15979767.1404,8.36170000024,1
pointer_move,15979767.0335,8.49819999933,1
input_age_ms,15979775.7085,0.000199999660254,0
draw_commands,15979775.7616,0.488799998537,0
end_draw,15979776.2509,9.46089999937,0
paint,15979775.7535,9.95839999989,1
pointer_move,15979775.7104,10.7291999999,1
input_age_ms,15979786.5847,9.99998301268e-05,0
draw_commands,15979786.6712,0.360899999738,0
end_draw,15979787.0322,3.29289999977,0
paint,15979786.6663,3.65899999999,1
pointer_move,15979786.5851,3.75829999894,1
input_age_ms,15979794.4364,0.000600000843406,15
draw_commands,15979796.1038,0.443299999461,0
end_draw,15979796.5474,5.12619999982,0
paint,15979796.0955,5.57850000076,1
pointer_move,15979794.4383,7.95029999875,1
input_age_ms,15979802.7518,0.000799998641014,0
draw_commands,15979802.8365,0.345899999142,0
end_draw,15979803.1825,2.86110000126,0
paint,15979802.8298,3.21399999969,1
pointer_move,15979802.753,3.30700000003,1
input_age_ms,15979810.3008,0.000500001013279,0
draw_commands,15979811.6392,0.391999999061,0
end_draw,15979812.0313,0.711199998856,0
paint,15979811.6315,1.11150000058,1
pointer_move,15979810.3018,2.53500000015,1
input_age_ms,15979813.0235,0.000100001692772,0
draw_commands,15979813.1023,0.341000000015,0
end_draw,15979813.4435,7.72540000081,0
paint,15979813.0978,8.07159999944,1
pointer_move,15979813.0242,8.2098999992,1
input_age_ms,15979821.6613,0.000500001013279,0
draw_commands,15979821.8408,1.33389999904,0
end_draw,15979823.1752,3.68300000019,0
paint,15979821.8322,5.02649999969,1
pointer_move,15979821.6625,5.4020000007,1
input_age_ms,15979831.9161,0.00100000016391,0
draw_commands,15979836.2141,1.59100000001,0
end_draw,15979837.8056,4.82789999992,0
paint,15979836.2029,6.43119999953,1
pointer_move,15979831.9184,14.8026999999,1
input_age_ms,15979849.0286,0.000600000843406,16
draw_commands,15979849.4347,0.895800000057,0
end_draw,15979850.3309,3.89209999889,0
paint,15979849.4232,4.80020000041,1
pointer_move,15979849.0299,5.47039999999,1
input_age_ms,15979854.9064,0.000399999320507,0
draw_commands,15979855.2957,0.691299999133,0
end_draw,15979855.9872,4.14489999972,0
paint,15979855.2877,4.84570000134,1
pointer_move,15979854.9073,5.55890000053,1
input_age_ms,15979862.7592,0.000500001013279,16
draw_commands,15979863.0204,0.541899999604,0
end_draw,15979863.5624,1.19060000032,0
paint,15979863.0132,1.73990000039,1
pointer_move,15979862.7602,2.9888000004,1
input_age_ms,15979866.0959,0.000200001522899,0
draw_commands,15979866.2503,0.497600000352,0
end_draw,15979866.7481,0.985700000077,0
paint,15979866.2464,1.48749999888,1
pointer_move,15979866.0964,2.85669999942,1
input_age_ms,15979869.1729,9.99998301268e-05,0
draw_commands,15979869.2802,0.372399998829,0
end_draw,15979869.6528,1.78430000134,0
paint,15979869.2778,2.159500001,1
pointer_move,15979869.1733,2.28289999999,1
input_age_ms,15979874.6259,0.000599998980761,0
draw_commands,15979875.5708,0.920099999756,0
end_draw,15979876.4914,2.0120000001,0
paint,15979875.5581,2.94569999911,1
pointer_move,15979874.6282,3.99000000022,1
input_age_ms,15979879.4215,0.000200001522899,0
draw_commands,15979879.5993,0.511699998751,0
end_draw,15979880.1111,7.10309999995,0
paint,15979879.5904,7.62430000119,1
pointer_move,15979879.4231,7.81880000047,1
input_age_ms,15979887.464,0.000199999660254,16
draw_commands,15979887.4964,0.344999998808,0
end_draw,15979887.8415,5.61360000074,0
paint,15979887.4925,5.96279999986,1
pointer_move,15979887.4648,6.01339999959,1
input_age_ms,15979893.7061,0.000199999660254,0
draw_commands,15979893.8138,0.411199999973,0
end_draw,15979894.2251,7.91810000129,0
paint,15979893.8089,8.33459999971,1
pointer_move,15979893.7066,8.6015000008,1
input_age_ms,15979902.579,9.99998301268e-05,16
draw_commands,15979902.741,0.357400000095,0
end_draw,15979903.0985,4.30199999921,0
paint,15979902.7357,4.66489999928,1
pointer_move,15979902.5794,4.83720000088,1
input_age_ms,15979907.5716,0.000199999660254,0
draw_commands,15979907.6223,0.560699999332,0
end_draw,15979908.1831,7.80939999968,0
paint,15979907.6174,8.37529999949,1
pointer_move,15979907.572,8.43839999847,1
input_age_ms,15979916.186,0.00029999949038,0
draw_commands,15979916.2375,0.380199998617,0
end_draw,15979916.6179,5.43589999899,0
paint,15979916.2337,5.82039999962,1
pointer_move,15979916.1868,5.8956000004,1
input_age_ms,15979922.4036,9.99998301268e-05,0
draw_commands,15979922.4594,0.347599999979,0
end_draw,15979922.8071,5.08110000007,0
paint,15979922.4537,5.43499999866,1
pointer_move,15979922.404,5.52660000138,1
input_age_ms,15979928.1448,0.000199999660254,0
draw_commands,15979928.2683,0.432599999011,0
end_draw,15979928.701,8.63020000048,0
paint,15979928.2636,9.06790000014,1
pointer_move,15979928.1456,10.1201999988,1
input_age_ms,15979938.4436,0.000199999660254,0
draw_commands,15979938.4831,0.349299998954,0
end_draw,15979938.8326,3.18040000089,0
paint,15979938.4784,3.53580000065,1
pointer_move,15979938.444,3.60909999907,1
input_age_ms,15979946.5841,0.000699998810887,0
draw_commands,15979946.7799,0.435800001025,0
end_draw,15979947.2159,4.20889999904,0
paint,15979946.7709,4.65460000001,1
pointer_move,15979946.5854,4.85840000026,1
input_age_ms,15979954.0684,0.000300001353025,0
draw_commands,15979954.3007,0.359200000763,0
end_draw,15979954.66,2.07120000012,0
paint,15979954.2928,2.43850000016,1
pointer_move,15979954.069,2.67779999971,1
input_age_ms,15979962.0792,0.000400001183152,0
draw_commands,15979962.2752,0.381300000474,0
end_draw,15979962.6566,0.470699999481,0
paint,15979962.2699,0.857400000095,1
pointer_move,15979962.08,1.06179999933,1
input_age_ms,15979973.8262,0.000900000333786,0
draw_commands,15979978.0254,1.63949999958,0
end_draw,15979979.6655,4.55839999951,0
paint,15979978.0133,6.21189999953,1
pointer_move,15979973.8279,14.5676000006,1
input_age_ms,15979989.4867,0.000700000673532,16
draw_commands,15979990.3742,1.78870000131,0
end_draw,15979992.1635,5.32459999993,0
paint,15979990.3614,7.12739999965,1
pointer_move,15979989.4883,12.2226999998,1
input_age_ms,15980002.5719,0.000499999150634,15
draw_commands,15980003.5452,1.37460000068,0
end_draw,15980004.9202,4.81180000119,0
paint,15980003.5354,6.19720000029,1
pointer_move,15980002.5732,7.45449999906,1
input_age_ms,15980010.5658,0.000700000673532,15
draw_commands,15980011.714,2.53600000031,0
end_draw,15980014.2505,7.46890000068,0
paint,15980011.7019,10.0181000009,1
pointer_move,15980010.5676,13.0805999991,1
input_age_ms,15980030.3764,0.000700000673532,32
draw_commands,15980032.5529,0.850700000301,0
end_draw,15980033.4039,3.191300001,0
paint,15980032.5465,4.04900000058,1
pointer_move,15980030.3776,7.69480000064,1
input_age_ms,15980038.3437,0.000300001353025,0
draw_commands,15980038.5437,0.692099999636,0
end_draw,15980039.236,4.06730000116,0
paint,15980038.5349,4.76879999973,1
pointer_move,15980038.3445,5.59329999983,1
input_age_ms,15980044.4442,0.000199999660254,15
draw_commands,15980044.9848,0.559599999338,0
end_draw,15980045.5446,2.27119999938,0
paint,15980044.978,2.83819999918,1
pointer_move,15980044.4447,4.66599999927,1
input_age_ms,15980049.4565,0.000200001522899,15
draw_commands,15980049.646,0.493400000036,0
end_draw,15980050.1396,1.86680000089,0
paint,15980049.6399,2.3666999992,1
pointer_move,15980049.4572,2.65289999917,1
input_age_ms,15980052.3257,0.000199999660254,0
draw_commands,15980052.497,0.429600000381,0
end_draw,15980052.9268,0.536700000986,0
paint,15980052.4932,0.970399999991,1
pointer_move,15980052.3264,1.15619999915,1
input_age_ms,15980058.6295,0.000600000843406,16
draw_commands,15980060.5984,0.548999998719,0
end_draw,15980061.1479,1.2592999991,0
paint,15980060.5877,1.81980000064,1
pointer_move,15980058.631,3.8200000003,1
input_age_ms,15980062.7245,0.000199999660254,0
draw_commands,15980062.8373,0.48399999924,0
end_draw,15980063.3214,0.588700000197,0
paint,15980062.8321,1.07819999941,1
pointer_move,15980062.7252,1.25779999979,1
input_age_ms,15980066.7561,0.000499999150634,0
draw_commands,15980066.9856,0.433799998835,0
end_draw,15980067.4196,3.83770000003,0
paint,15980066.98,4.27749999985,1
pointer_move,15980066.7571,4.5206000004,1
input_age_ms,15980074.2659,0.000599998980761,15
draw_commands,15980076.6635,0.499199999496,0
end_draw,15980077.1629,0.782699998468,0
paint,15980076.6538,1.2918999996,1
pointer_move,15980074.2671,3.69989999942,1
input_age_ms,15980078.2039,0.000199999660254,0
draw_commands,15980078.2765,0.44299999997,0
end_draw,15980078.7197,7.23280000128,0
paint,15980078.2735,7.67940000072,1
pointer_move,15980078.2045,7.77009999938,1
input_age_ms,15980086.0306,0.000199999660254,0
draw_commands,15980086.0679,0.475399998948,0
end_draw,15980086.5433,5.65170000121,0
paint,15980086.0636,6.13199999928,1
pointer_move,15980086.0312,6.20360000059,1
input_age_ms,15980092.4976,0.000800000503659,16
draw_commands,15980092.597,0.602700000629,0
end_draw,15980093.1999,5.89479999989,0
paint,15980092.5853,6.50970000029,1
pointer_move,15980092.499,6.71150000021,1
input_age_ms,15980099.3961,0.000199999660254,0
draw_commands,15980099.6363,0.442200001329,0
end_draw,15980100.0787,6.85290000029,0
paint,15980099.6324,7.29949999973,1
pointer_move,15980099.3966,7.64409999922,1
input_age_ms,15980107.4973,0.000199999660254,16
draw_commands,15980107.6795,0.622399998829,0
end_draw,15980108.3022,5.47470000014,0
paint,15980107.6697,6.10749999993,1
pointer_move,15980107.4979,7.26940000057,1
input_age_ms,15980115.2855,0.000200001522899,0
draw_commands,15980115.4818,0.459900001064,0
end_draw,15980115.9419,6.0708000008,0
paint,15980115.4773,6.53560000099,1
pointer_move,15980115.2861,7.42339999974,1
input_age_ms,15980123.0169,0.000100001692772,0
draw_commands,15980123.1871,0.344299999997,0
end_draw,15980123.5371,3.72749999911,0
paint,15980123.1818,4.0829999987,1
pointer_move,15980123.0175,4.26860000007,1
input_age_ms,15980127.4932,0.000199999660254,0
draw_commands,15980127.5518,0.376400001347,0
end_draw,15980127.9283,7.6473999992,0
paint,15980127.5471,8.02899999917,1
pointer_move,15980127.4937,8.10089999996,1
input_age_ms,15980135.8728,0.000199999660254,0
draw_commands,15980136.0005,0.384100001305,0
end_draw,15980136.3847,4.73599999957,0
paint,15980135.9919,5.12989999913,1
pointer_move,15980135.8733,5.27270000055,1
input_age_ms,15980141.4882,0.000199999660254,16
draw_commands,15980141.6377,0.514799999073,0
end_draw,15980142.1526,5.38800000027,0
paint,15980141.6223,5.91839999892,1
pointer_move,15980141.4888,6.06929999962,1
input_age_ms,15980147.7759,9.99998301268e-05,0
draw_commands,15980147.8832,0.340500000864,0
end_draw,15980148.2238,11.3475000001,0
paint,15980147.88,11.6919,1
pointer_move,15980147.7766,11.879900001,1
input_age_ms,15980160.7294,0.000600000843406,0
draw_commands,15980161.4955,1.6939000003,0
end_draw,15980163.1899,2.21760000102,0
paint,15980161.4831,3.92489999905,1
pointer_move,15980160.7311,5.12089999951,1
input_age_ms,15980175.2757,0.00109999999404,15
draw_commands,15980180.8514,1.32390000112,0
end_draw,15980182.1758,2.92960000038,0
paint,15980180.8373,4.2686999999,1
pointer_move,15980175.2776,10.8184000012,1
input_age_ms,15980196.4108,0.000899998471141,16
draw_commands,15980198.018,1.97470000014,0
end_draw,15980199.9932,4.67619999871,0
paint,15980198.0061,6.66389999911,1
pointer_move,15980196.4126,19.5245000012,1
input_age_ms,15980218.7235,0.000699998810887,31
draw_commands,15980220.2707,1.37659999914,0
end_draw,15980221.6478,4.88759999909,0
paint,15980220.2606,6.27529999986,1
pointer_move,15980218.7256,8.42159999907,1
input_age_ms,15980231.3456,0.000900000333786,32
draw_commands,15980232.7954,1.09869999997,0
end_draw,15980233.8946,1.55489999987,0
paint,15980232.6535,2.79639999941,1
pointer_move,15980231.3479,4.472000001,1
input_age_ms,15980242.1212,0.000699998810887,16
draw_commands,15980242.8779,0.889100000262,0
end_draw,15980243.7674,3.86539999954,0
paint,15980242.8685,4.76459999941,1
pointer_move,15980242.1234,7.7229999993,1
input_age_ms,15980250.5845,0.000399999320507,15
draw_commands,15980251.1899,0.625800000504,0
end_draw,15980251.8159,2.59249999933,0
paint,15980251.1816,3.22699999996,1
pointer_move,15980250.5855,3.93029999919,1
input_age_ms,15980254.6735,9.99998301268e-05,15
draw_commands,15980254.8185,0.343900000677,0
end_draw,15980255.1626,1.58220000006,0
paint,15980254.8148,1.93019999936,1
pointer_move,15980254.6741,2.15479999967,1
input_age_ms,15980256.9789,9.99998301268e-05,0
draw_commands,15980257.0887,0.388299999759,0
end_draw,15980257.4771,2.02300000004,0
paint,15980257.0859,2.41470000148,1
pointer_move,15980256.9794,3.6445000004,1
input_age_ms,15980261.1213,0.000199999660254,16
draw_commands,15980261.3494,0.590900000185,0
end_draw,15980261.9404,1.46249999851,0
paint,15980261.336,2.0671000015,1
pointer_move,15980261.122,2.35089999996,1
input_age_ms,15980263.7192,0.000199999660254,0
draw_commands,15980263.7954,0.409200001508,0
end_draw,15980264.2047,9.23829999939,0
paint,15980263.7919,9.6520000007,1
pointer_move,15980263.7199,10.8845999986,1
input_age_ms,15980274.9037,9.99998301268e-05,0
draw_commands,15980274.9616,0.506500000134,0
end_draw,15980275.4682,4.4188000001,0
paint,15980274.9529,4.93459999934,1
pointer_move,15980274.9045,5.03749999963,1
input_age_ms,15980280.2069,9.99998301268e-05,0
draw_commands,15980280.4026,0.465800000355,0
end_draw,15980280.8687,6.84200000018,0
paint,15980280.3964,7.31449999847,1
pointer_move,15980280.2075,7.51860000007,1
input_age_ms,15980287.9397,9.99998301268e-05,0
draw_commands,15980287.9676,0.351999999955,0
end_draw,15980288.3196,5.95050000027,0
paint,15980287.964,6.30660000071,1
pointer_move,15980287.94,6.35810000077,1
input_age_ms,15980294.5731,9.99998301268e-05,15
draw_commands,15980294.6419,0.524400001392,0
end_draw,15980295.1665,8.21710000001,0
paint,15980294.6311,8.75299999863,1
pointer_move,15980294.5738,8.82990000024,1
input_age_ms,15980303.6462,9.99998301268e-05,0
draw_commands,15980303.7006,0.3694000002,0
end_draw,15980304.0701,5.4199000001,0
paint,15980303.6964,5.79389999993,1
pointer_move,15980303.6468,5.87429999933,1
input_age_ms,15980309.9426,0.000199999660254,16
draw_commands,15980310.1752,0.480100000277,0
end_draw,15980310.6555,8.13379999995,0
paint,15980310.1634,8.62619999982,1
pointer_move,15980309.9434,8.86810000055,1
input_age_ms,15980319.0807,0.000199999660254,0
draw_commands,15980319.2208,0.367000000551,0
end_draw,15980319.588,5.19940000027,0
paint,15980319.2153,5.57260000147,1
pointer_move,15980319.0812,5.76040000096,1
input_age_ms,15980325.2832,0.000199999660254,15
draw_commands,15980326.3082,0.405500000343,0
end_draw,15980326.7139,6.67420000024,0
paint,15980326.3004,7.08789999969,1
pointer_move,15980325.284,8.1230999995,1
input_age_ms,15980333.5595,0.000199999660254,0
draw_commands,15980333.6137,0.331499999389,0
end_draw,15980333.9453,4.74960000068,0
paint,15980333.6099,5.08520000055,1
pointer_move,15980333.56,5.15099999867,1
input_age_ms,15980338.799,9.99998301268e-05,16
draw_commands,15980339.0276,0.463400000706,0
end_draw,15980339.4911,6.58850000054,0
paint,15980339.0206,7.05929999985,1
pointer_move,15980338.7994,8.1361999996,1
input_age_ms,15980347.1214,0.000199999660254,0
draw_commands,15980347.265,0.345899999142,0
end_draw,15980347.611,6.43500000052,0
paint,15980347.261,6.78519999981,1
pointer_move,15980347.122,6.93979999982,1
input_age_ms,15980354.1433,0.000199999660254,0
draw_commands,15980354.1858,0.48900000006,0
end_draw,15980354.6748,4.93450000137,0
paint,15980354.1826,5.4272999987,1
pointer_move,15980354.1437,5.48949999921,1
input_age_ms,15980361.5179,0.000400001183152,0
draw_commands,15980362.3674,0.372800000012,0
end_draw,15980362.7403,5.65540000051,0
paint,15980362.3628,6.03329999931,1
pointer_move,15980361.5186,6.99980000034,1
input_age_ms,15980373.6749,0.000999998301268,15
draw_commands,15980378.9892,1.48599999957,0
end_draw,15980380.4758,5.20309999958,0
paint,15980378.9728,6.70680000074,1
pointer_move,15980373.6768,15.6664000005,1
input_age_ms,15980390.7164,0.000900000333786,16
draw_commands,15980393.5422,1.41970000044,0
end_draw,15980394.9624,5.14680000022,0
paint,15980393.5289,6.58080000058,1
pointer_move,15980390.7188,9.68530000001,1
input_age_ms,15980403.4791,0.000599998980761,32
draw_commands,15980405.0311,1.17680000141,0
end_draw,15980406.2082,4.21030000038,0
paint,15980405.0201,5.39880000055,1
pointer_move,15980403.4803,8.73900000006,1
input_age_ms,15980412.7008,0.000399999320507,16
draw_commands,15980413.0405,0.952600000426,0
end_draw,15980413.9933,2.88089999929,0
paint,15980413.0282,3.84630000032,1
pointer_move,15980412.7018,6.13079999946,1
input_age_ms,15980419.2202,0.000499999150634,15
draw_commands,15980419.5229,0.680800000206,0
end_draw,15980420.2038,3.58880000003,0
paint,15980419.5151,4.27789999917,1
pointer_move,15980419.2212,5.08990000002,1
input_age_ms,15980425.0596,0.000400001183152,15
draw_commands,15980425.3992,0.5625,0
end_draw,15980425.962,0.88530000113,0
paint,15980425.3888,1.45859999955,1
pointer_move,15980425.0605,1.81589999981,1
input_age_ms,15980428.0398,0.000600000843406,0
draw_commands,15980428.1228,0.540300000459,0
end_draw,15980428.6632,0.846799999475,0
paint,15980428.1135,1.3965999987,1
pointer_move,15980428.0411,1.4990000017,1
input_age_ms,15980433.9316,0.000399999320507,16
draw_commands,15980435.354,0.401300000027,0
end_draw,15980435.7555,0.582499999553,0
paint,15980435.3484,0.989799998701,1
pointer_move,15980433.9324,2.42320000008,1
input_age_ms,15980443.705,0.00029999949038,0
draw_commands,15980443.7777,0.427799999714,0
end_draw,15980444.2056,0.681199999526,0
paint,15980443.7688,1.11810000055,1
pointer_move,15980443.7063,1.20040000044,1
input_age_ms,15980546.5145,0.00029999949038,0
draw_commands,15980546.8073,0.334400000051,0
end_draw,15980547.1419,0.478099999949,0
paint,15980546.8025,0.81760000065,1
pointer_move,15980546.5156,1.11810000055,1
input_age_ms,15980563.0673,0.000500001013279,0
draw_commands,15980563.7406,0.410200001672,0
end_draw,15980564.151,0.826799999923,0
paint,15980563.7357,1.24230000004,1
pointer_move,15980563.0681,2.00710000098,1
input_age_ms,15980570.3815,0.000199999660254,0
draw_commands,15980570.9786,0.335700001568,0
end_draw,15980571.3144,0.474199999124,0
paint,15980570.9743,0.814299998805,1
pointer_move,15980570.382,1.42060000077,1
input_age_ms,15980579.0363,0.00029999949038,0
draw_commands,15980579.6165,0.373200001195,0
end_draw,15980579.9898,0.511699998751,0
paint,15980579.611,0.890599999577,1
pointer_move,15980579.0369,1.47969999909,1
input_age_ms,15980586.703,0.000400001183152,0
draw_commands,15980587.213,0.341600000858,0
end_draw,15980587.5547,0.479100000113,0
paint,15980587.2088,0.825100000948,1
pointer_move,15980586.7037,1.34459999949,1
input_age_ms,15980595.1209,0.000400001183152,0
draw_commands,15980595.3271,0.412299999967,0
end_draw,15980595.7395,0.482700001448,0
paint,15980595.3233,0.899000000209,1
pointer_move,15980595.1218,1.1157000009,1
input_age_ms,15980596.4395,0.000199999660254,0
draw_commands,15980596.6285,0.281999999657,0
end_draw,15980596.9106,0.288900000975,0
paint,15980596.6267,0.572899999097,1
pointer_move,15980596.4399,0.772700000554,1
input_age_ms,15980602.3906,0.000300001353025,0
draw_commands,15980602.8402,0.291000001132,0
end_draw,15980603.1313,0.408099999651,0
paint,15980602.8376,0.701899999753,1
pointer_move,15980602.3911,1.16210000031,1
input_age_ms,15980611.2193,0.000700000673532,0
draw_commands,15980611.8344,0.381799999624,0
end_draw,15980612.2163,0.479800000787,0
paint,15980611.8305,0.865600001067,1
pointer_move,15980611.2206,1.48990000039,1
input_age_ms,15980612.9088,9.99998301268e-05,0
draw_commands,15980613.0012,0.287200000137,0
end_draw,15980613.2886,0.287499999627,0
paint,15980612.9997,0.576499998569,1
pointer_move,15980612.9092,0.680200001225,1
input_age_ms,15980618.5746,0.00029999949038,0
draw_commands,15980619.0855,0.287599999458,0
end_draw,15980619.3732,0.40150000155,0
paint,15980619.0832,0.691600000486,1
pointer_move,15980618.5751,1.21330000088,1
input_age_ms,15980627.2577,0.000399999320507,0
draw_commands,15980627.8398,0.363900000229,0
end_draw,15980628.2038,0.615299999714,0
paint,15980627.8345,0.984699999914,1
pointer_move,15980627.2588,1.57550000027,1
input_age_ms,15980629.05,9.99998301268e-05,0
draw_commands,15980629.2571,0.281799999997,0
end_draw,15980629.539,2.80459999852,0
paint,15980629.2556,3.08809999935,1
pointer_move,15980629.0503,4.58860000037,1
input_age_ms,15980634.6368,9.99998301268e-05,0
draw_commands,15980635.0847,0.35020000115,0
end_draw,15980635.435,2.35779999942,0
paint,15980635.0802,2.72110000066,1
pointer_move,15980634.6371,3.1782000009,1
input_age_ms,15980641.9604,0.000399999320507,0
draw_commands,15980644.0335,0.52479999885,0
end_draw,15980644.5586,1.20000000112,0
paint,15980644.009,1.75,1
pointer_move,15980641.9614,4.03689999878,1
input_age_ms,15980646.2438,0.000200001522899,0
draw_commands,15980646.288,0.422100000083,0
end_draw,15980646.7102,5.79429999925,0
paint,15980646.2833,6.22140000015,1
pointer_move,15980646.2445,6.2762000002,1
input_age_ms,15980652.5438,9.99998301268e-05,16
draw_commands,15980652.5675,0.314699999988,0
end_draw,15980652.8822,6.91579999961,0
paint,15980652.5645,7.2341999989,1
pointer_move,15980652.5441,7.34779999964,1
input_age_ms,15980660.1722,0.000199999660254,0
draw_commands,15980660.5914,0.536700000986,0
end_draw,15980661.1282,7.15750000067,0
paint,15980660.5782,7.70760000125,1
pointer_move,15980660.1731,8.91770000011,1
input_age_ms,15980669.7133,9.99998301268e-05,15
draw_commands,15980670.6653,0.357200000435,0
end_draw,15980671.0226,2.46380000003,0
paint,15980670.66,2.82670000009,1
pointer_move,15980669.7137,4.40269999951,1
input_age_ms,15980675.1573,0.000300001353025,0
draw_commands,15980675.3954,0.436300000176,0
end_draw,15980675.8318,3.96229999885,0
paint,15980675.3879,4.40649999864,1
pointer_move,15980675.158,4.66860000044,1
input_age_ms,15980680.0648,9.99998301268e-05,0
draw_commands,15980680.4295,0.371899999678,0
end_draw,15980680.8015,7.57169999927,0
paint,15980680.4263,7.94710000046,1
pointer_move,15980680.0653,9.40519999899,1
input_age_ms,15980690.4627,0.000199999660254,0
draw_commands,15980690.7714,0.367399999872,0
end_draw,15980691.1389,3.12209999934,0
paint,15980690.766,3.49529999867,1
pointer_move,15980690.4631,3.82150000148,1
input_age_ms,15980694.583,0.000499999150634,0
draw_commands,15980694.93,0.357400000095,0
end_draw,15980695.2876,7.80310000107,0
paint,15980694.9263,8.16459999979,1
pointer_move,15980694.5839,8.64889999852,1
input_age_ms,15980703.3278,9.99998301268e-05,15
draw_commands,15980703.5348,0.391599999741,0
end_draw,15980703.9265,5.02529999986,0
paint,15980703.5291,5.42289999872,1
pointer_move,15980703.3283,5.64600000158,1
input_age_ms,15980709.1735,0.000199999660254,0
draw_commands,15980709.4038,0.375500001013,0
end_draw,15980709.7794,7.40499999933,0
paint,15980709.3991,7.7854999993,1
pointer_move,15980709.1739,8.06779999845,1
input_age_ms,15980717.3949,9.99998301268e-05,16
draw_commands,15980717.4672,0.370400000364,0
end_draw,15980717.8377,5.05370000005,0
paint,15980717.4619,5.42970000021,1
pointer_move,15980717.3953,5.55819999985,1
input_age_ms,15980723.1127,9.99998301268e-05,0
draw_commands,15980723.2336,0.360500000417,0
end_draw,15980723.5942,6.80550000072,0
paint,15980723.2288,7.17129999958,1
pointer_move,15980723.1131,7.34910000116,1
input_age_ms,15980730.6933,9.99998301268e-05,16
draw_commands,15980730.7326,0.423700001091,0
end_draw,15980731.1564,6.72679999843,0
paint,15980730.7263,7.1576000005,1
pointer_move,15980730.694,7.31900000013,1
input_age_ms,15980738.1607,0.000199999660254,0
draw_commands,15980738.2481,0.349999999627,0
end_draw,15980738.5982,5.42069999874,0
paint,15980738.2437,5.77550000139,1
pointer_move,15980738.1612,7.11040000059,1
input_age_ms,15980746.4922,0.00029999949038,15
draw_commands,15980747.62,0.387200001627,0
end_draw,15980748.0073,5.76439999975,0
paint,15980747.6161,6.15589999966,1
pointer_move,15980746.4928,7.60360000096,1
input_age_ms,15980755.3854,0.000400001183152,0
draw_commands,15980756.0689,0.338099999353,0
end_draw,15980756.4071,1.68879999965,0
paint,15980756.0635,2.0326000005,1
pointer_move,15980755.3863,2.74650000036,1
input_age_ms,15980762.7042,0.000400001183152,16
draw_commands,15980764.6221,0.358800001442,0
end_draw,15980764.981,0.763100000098,0
paint,15980764.6163,1.12790000066,1
pointer_move,15980762.7055,3.48480000161,1
input_age_ms,15980770.34,0.000800000503659,0
draw_commands,15980770.6099,0.371300000697,0
end_draw,15980770.9813,2.15939999931,0
paint,15980770.603,2.53779999912,1
pointer_move,15980770.3413,2.81660000049,1
input_age_ms,15980779.6322,0.000599998980761,16
draw_commands,15980780.4504,0.373900000006,0
end_draw,15980780.8244,0.691299999133,0
paint,15980780.4454,1.07039999962,1
pointer_move,15980779.6333,2.05169999972,1
input_age_ms,15980781.9883,0.000200001522899,0
draw_commands,15980782.1636,0.286600001156,0
end_draw,15980782.4503,5.60579999909,0
paint,15980782.1618,5.89449999854,1
pointer_move,15980781.9887,6.08269999921,1
input_age_ms,15980788.112,0.000199999660254,0
draw_commands,15980788.1392,0.338700000197,0
end_draw,15980788.478,10.8494000006,0
paint,15980788.1367,11.1908999998,1
pointer_move,15980788.1124,11.2325999998,1
input_age_ms,15980799.8485,0.000199999660254,15
draw_commands,15980800.2204,0.382799999788,0
end_draw,15980800.6033,4.28089999966,0
paint,15980800.2151,4.66930000111,1
pointer_move,15980799.8491,5.05269999988,1
input_age_ms,15980805.3046,9.99998301268e-05,0
draw_commands,15980805.6528,0.345200000331,0
end_draw,15980805.9981,6.18250000104,0
paint,15980805.6483,6.53280000016,1
pointer_move,15980805.305,6.94649999961,1
input_age_ms,15980812.6333,9.99998301268e-05,0
draw_commands,15980812.948,0.543399998918,0
end_draw,15980813.4916,6.71090000123,0
paint,15980812.9349,7.26779999956,1
pointer_move,15980812.6341,7.58510000072,1
input_age_ms,15980820.4966,0.000199999660254,0
draw_commands,15980821.0341,0.34490000084,0
end_draw,15980821.3791,5.85219999962,0
paint,15980821.0293,6.20229999907,1
pointer_move,15980820.5009,7.0159999989,1
input_age_ms,15980829.9314,0.000200001522899,0
draw_commands,15980830.1605,0.346700001508,0
end_draw,15980830.5073,3.88929999992,0
paint,15980830.156,4.2407000009,1
pointer_move,15980829.9319,4.71189999953,1
input_age_ms,15980834.9846,9.99998301268e-05,0
draw_commands,15980835.2033,0.333100000396,0
end_draw,15980835.5365,4.2368999999,0
paint,15980835.2003,4.57330000028,1
pointer_move,15980834.985,4.93580000103,1
input_age_ms,15980844.0496,0.000199999660254,0
draw_commands,15980844.2193,0.468499999493,0
end_draw,15980844.688,1.59810000099,0
paint,15980844.2067,2.07959999889,1
pointer_move,15980844.0503,2.26159999892,1
input_age_ms,15980846.6368,0.00029999949038,0
draw_commands,15980846.9015,0.420400001109,0
end_draw,15980847.3221,7.93640000001,0
paint,15980846.8991,8.35989999957,1
pointer_move,15980846.6376,8.77190000005,1
input_age_ms,15980855.9575,0.000600000843406,16
draw_commands,15980856.1672,1.42210000008,0
end_draw,15980857.5898,5.50609999895,0
paint,15980856.1549,6.94189999998,1
pointer_move,15980855.959,8.95219999924,1
input_age_ms,15980865.3653,0.000400001183152,0
draw_commands,15980868.0038,0.793500000611,0
end_draw,15980868.7976,2.91000000015,0
paint,15980867.9942,3.7137000002,1
pointer_move,15980865.3672,6.70449999906,1
input_age_ms,15980875.3021,0.000499999150634,15
draw_commands,15980875.4993,0.529500000179,0
end_draw,15980876.0289,3.24430000037,0
paint,15980875.4876,3.78619999997,1
pointer_move,15980875.3033,5.37600000016,1
input_age_ms,15980881.2544,0.000700000673532,0
draw_commands,15980881.4951,0.877299999818,0
end_draw,15980882.3729,5.92200000025,0
paint,15980881.4829,6.81230000034,1
pointer_move,15980881.2558,7.17100000009,1
input_age_ms,15980889.3505,0.00029999949038,16
draw_commands,15980890.5461,0.389100000262,0
end_draw,15980890.9354,3.98230000027,0
paint,15980890.5392,4.3786999993,1
pointer_move,15980889.3512,5.60120000131,1
input_age_ms,15980895.2564,0.000199999660254,0
draw_commands,15980895.3258,0.477600000799,0
end_draw,15980895.8036,10.2766999993,0
paint,15980895.3172,10.7632999998,1
pointer_move,15980895.2572,11.7327999994,1
input_age_ms,15980907.2083,0.000199999660254,0
draw_commands,15980907.2999,0.672099998221,0
end_draw,15980907.9721,3.30529999919,0
paint,15980907.2932,3.98440000042,1
pointer_move,15980907.209,4.09659999982,1
input_age_ms,15980911.6843,0.000199999660254,0
draw_commands,15980911.9644,0.406199999154,0
end_draw,15980912.3707,7.44419999979,0
paint,15980911.9578,7.8572999984,1
pointer_move,15980911.6848,8.18739999831,1
input_age_ms,15980921.489,0.00029999949038,0
draw_commands,15980921.676,0.375699998811,0
end_draw,15980922.0518,3.96270000003,0
paint,15980921.6668,4.34830000065,1
pointer_move,15980921.4896,4.55359999835,1
input_age_ms,15980927.8029,0.000400001183152,0
draw_commands,15980927.9067,0.471499999985,0
end_draw,15980928.3783,6.61690000072,0
paint,15980927.8962,7.09970000014,1
pointer_move,15980927.8038,7.24780000001,1
input_age_ms,15980938.1671,0.000400001183152,0
draw_commands,15980938.3155,0.401100000367,0
end_draw,15980938.7167,1.63449999876,0
paint,15980938.3036,2.04769999906,1
pointer_move,15980938.1679,2.1986999996,1
input_age_ms,15980943.7639,0.00029999949038,0
draw_commands,15980943.8782,0.654400000349,0
end_draw,15980944.5328,4.71160000004,0
paint,15980943.8691,5.37549999915,1
pointer_move,15980943.7652,5.49739999883,1
input_age_ms,15980949.3905,9.99998301268e-05,15
draw_commands,15980949.4363,0.357599999756,0
end_draw,15980949.794,4.76480000094,0
paint,15980949.4319,5.12710000016,1
pointer_move,15980949.3908,5.18370000087,1
input_age_ms,15980954.663,0.000199999660254,0
draw_commands,15980954.7065,0.329300001264,0
end_draw,15980955.0359,6.92719999887,0
paint,15980954.7038,7.25970000029,1
pointer_move,15980954.6635,8.28710000031,1
input_age_ms,15980963.5513,0.00029999949038,0
draw_commands,15980963.6816,0.350999999791,0
end_draw,15980964.0328,5.4542999994,0
paint,15980963.6765,5.81079999916,1
pointer_move,15980963.5521,6.64029999822,1
input_age_ms,15980970.339,0.000199999660254,0
draw_commands,15980970.405,0.415000000969,0
end_draw,15980970.8201,4.47409999929,0
paint,15980970.3995,4.89520000108,1
pointer_move,15980970.3395,4.99909999967,1
input_age_ms,15980977.7901,0.00029999949038,0
draw_commands,15980977.9242,0.513100000098,0
end_draw,15980978.4378,7.15909999982,0
paint,15980977.9098,7.68740000017,1
pointer_move,15980977.7908,8.5008000005,1
input_age_ms,15980986.5548,0.000199999660254,0
draw_commands,15980986.5973,0.37519999966,0
end_draw,15980986.9726,3.6707000006,0
paint,15980986.5921,4.05120000057,1
pointer_move,15980986.5553,4.10419999994,1
input_age_ms,15980994.674,0.000799998641014,0
draw_commands,15980994.9401,0.444500001147,0
end_draw,15980995.3847,4.14550000057,0
paint,15980994.9306,4.59979999997,1
pointer_move,15980994.6753,4.87170000002,1
input_age_ms,15980999.6543,9.99998301268e-05,0
draw_commands,15980999.6977,0.354500001296,0
end_draw,15981000.0523,5.05089999922,0
paint,15980999.6944,5.40919999965,1
pointer_move,15980999.6547,5.46519999951,1
input_age_ms,15981005.1446,0,0
draw_commands,15981005.1682,0.316700000316,0
end_draw,15981005.4849,7.70690000057,0
paint,15981005.1652,8.02699999884,1
pointer_move,15981005.1449,8.40709999949,1
input_age_ms,15981014.2511,0.000700000673532,16
draw_commands,15981014.3913,0.55199999921,0
end_draw,15981014.9437,6.45779999904,0
paint,15981014.386,7.01569999941,1
pointer_move,15981014.2522,7.17339999974,1
input_age_ms,15981021.6032,0.00029999949038,0
draw_commands,15981021.652,0.389699999243,0
end_draw,15981022.0418,5.90990000032,0
paint,15981021.6465,6.30599999987,1
pointer_move,15981021.6039,6.41269999929,1
input_age_ms,15981028.3184,0.000200001522899,16
draw_commands,15981028.5616,0.419600000605,0
end_draw,15981028.9813,7.48829999939,0
paint,15981028.5555,7.91429999843,1
pointer_move,15981028.3189,8.16829999909,1
input_age_ms,15981036.5806,0.000199999660254,0
draw_commands,15981036.6209,0.364500001073,0
end_draw,15981036.9855,7.42530000024,0
paint,15981036.6156,7.7957000006,1
pointer_move,15981036.581,8.07880000025,1
input_age_ms,15981044.9531,0.000199999660254,15
draw_commands,15981045.1224,0.423499999568,0
end_draw,15981045.546,5.81020000018,0
paint,15981045.117,6.23939999938,1
pointer_move,15981044.9538,6.41889999993,1
input_age_ms,15981051.447,9.99998301268e-05,0
draw_commands,15981051.4801,0.342100000009,0
end_draw,15981051.8223,5.48819999956,0
paint,15981051.4774,5.83339999989,1
pointer_move,15981051.4478,7.23310000077,1
input_age_ms,15981058.8936,0.00029999949038,16
draw_commands,15981058.9925,0.501099999994,0
end_draw,15981059.4937,4.10560000129,0
paint,15981058.9823,4.61720000021,1
pointer_move,15981058.8945,4.72769999877,1
input_age_ms,15981063.7792,9.99998301268e-05,0
draw_commands,15981063.8302,0.403100000694,0
end_draw,15981064.2335,7.8638000004,0
paint,15981063.8271,8.27040000074,1
pointer_move,15981063.7798,9.15960000083,1
input_age_ms,15981073.6456,9.99998301268e-05,0
draw_commands,15981073.7592,0.351900000125,0
end_draw,15981074.1112,3.88660000078,0
paint,15981073.7548,4.24320000038,1
pointer_move,15981073.6461,4.37120000087,1
input_age_ms,15981078.1478,9.99998301268e-05,0
draw_commands,15981078.1946,0.388700000942,0
end_draw,15981078.5835,7.62920000032,0
paint,15981078.1902,8.02290000021,1
pointer_move,15981078.1483,8.08330000006,1
input_age_ms,15981086.2614,0,0
draw_commands,15981086.2895,0.351999999955,0
end_draw,15981086.6416,7.21910000034,0
paint,15981086.2841,7.57720000111,1
pointer_move,15981086.2616,7.7293999996,1
input_age_ms,15981094.4029,0.000100001692772,16
draw_commands,15981094.5884,0.544799998403,0
end_draw,15981095.1335,6.25329999998,0
paint,15981094.5778,6.80939999968,1
pointer_move,15981094.4036,7.06460000016,1
input_age_ms,15981101.76,9.99998301268e-05,0
draw_commands,15981101.8631,0.657700000331,0
end_draw,15981102.5212,8.75730000064,0
paint,15981101.8554,9.4235999994,1
pointer_move,15981101.7604,9.55020000041,1
input_age_ms,15981111.5491,0.00029999949038,16
draw_commands,15981111.6077,0.592399999499,0
end_draw,15981112.2002,9.59639999829,0
paint,15981111.5968,10.2004000004,1
pointer_move,15981111.5499,11.6035999991,1
input_age_ms,15981123.3427,0.000199999660254,15
draw_commands,15981123.5825,0.394899999723,0
end_draw,15981123.9775,3.81720000133,0
paint,15981123.5759,4.21920000017,1
pointer_move,15981123.3433,4.47829999961,1
input_age_ms,15981127.9947,0.000199999660254,0
draw_commands,15981128.0818,0.44849999994,0
end_draw,15981128.5304,9.29829999991,0
paint,15981128.0758,9.75310000032,1
pointer_move,15981127.9955,9.97179999948,1
input_age_ms,15981138.867,0.000499999150634,0
draw_commands,15981138.974,0.418700000271,0
end_draw,15981139.3929,4.19030000083,0
paint,15981138.9679,4.61569999903,1
pointer_move,15981138.8682,4.75129999965,1
input_age_ms,15981145.8205,0.000900000333786,0
draw_commands,15981145.9653,0.711699999869,0
end_draw,15981146.6772,7.02509999834,0
paint,15981145.9508,7.75170000084,1
pointer_move,15981145.8219,8.50889999978,1
input_age_ms,15981154.435,9.99998301268e-05,0
draw_commands,15981154.6606,0.371300000697,0
end_draw,15981155.032,3.60199999996,0
paint,15981154.6547,3.97980000079,1
pointer_move,15981154.4354,4.23059999943,1
input_age_ms,15981162.3002,0.000499999150634,0
draw_commands,15981162.4647,0.405999999493,0
end_draw,15981162.8708,4.21949999966,0
paint,15981162.4589,4.63159999996,1
pointer_move,15981162.3013,4.80939999968,1
input_age_ms,15981169.7892,0.000199999660254,0
draw_commands,15981169.9237,0.387500001118,0
end_draw,15981170.3113,2.08650000021,0
paint,15981169.9187,2.47919999994,1
pointer_move,15981169.7899,2.62289999984,1
input_age_ms,15981178.1687,0.000399999320507,0
draw_commands,15981179.8241,0.483500000089,0
end_draw,15981180.308,0.637000000104,0
paint,15981179.8168,1.12839999981,1
pointer_move,15981178.1698,2.79339999892,1
input_age_ms,15981181.0878,9.99998301268e-05,0
draw_commands,15981181.1271,0.339199999347,0
end_draw,15981181.4664,5.79630000144,0
paint,15981181.1248,6.1381000001,1
pointer_move,15981181.0882,6.19240000099,1
input_age_ms,15981187.3042,0.000100001692772,0
draw_commands,15981187.3305,0.343500001356,0
end_draw,15981187.674,6.14470000006,0
paint,15981187.3263,6.49289999902,1
pointer_move,15981187.3047,7.61629999988,1
input_age_ms,15981195.2309,0.000199999660254,0
draw_commands,15981195.347,0.447399999946,0
end_draw,15981195.7946,6.49159999937,0
paint,15981195.3426,6.94380000047,1
pointer_move,15981195.2313,7.1342999991,1
input_age_ms,15981202.6732,0.000199999660254,0
draw_commands,15981202.9391,0.356100000441,0
end_draw,15981203.3024,3.98020000011,0
paint,15981202.9348,4.34789999947,1
pointer_move,15981202.6736,4.62470000051,1
input_age_ms,15981209.8054,0.000699998810887,0
draw_commands,15981211.0222,0.472599999979,0
end_draw,15981211.4956,6.46990000084,0
paint,15981211.0089,6.95720000006,1
pointer_move,15981209.8064,9.2993999999,1
input_age_ms,15981219.3485,9.99998301268e-05,0
draw_commands,15981219.747,0.417400000617,0
end_draw,15981220.1645,2.41180000082,0
paint,15981219.7401,2.83669999987,1
pointer_move,15981219.3492,3.2471000012,1
input_age_ms,15981226.5713,0.000700000673532,0
draw_commands,15981226.7085,0.51070000045,0
end_draw,15981227.2196,2.55970000103,0
paint,15981226.697,3.08249999955,1
pointer_move,15981226.5726,3.22499999963,1
input_age_ms,15981229.9479,0.000200001522899,16
draw_commands,15981229.9935,0.35859999992,0
end_draw,15981230.3522,7.42789999954,0
paint,15981229.9881,7.79220000096,1
pointer_move,15981229.9483,7.85009999946,1
input_age_ms,15981237.8234,0,0
draw_commands,15981237.8483,0.351499998942,0
end_draw,15981238.1999,6.34020000137,0
paint,15981237.845,6.69569999911,1
pointer_move,15981237.8236,6.8125,1
input_age_ms,15981245.0448,9.99998301268e-05,0
draw_commands,15981245.2151,0.515000000596,0
end_draw,15981245.7303,7.57909999974,0
paint,15981245.1991,8.11049999855,1
pointer_move,15981245.0453,8.283400001,1
input_age_ms,15981253.4395,9.99998301268e-05,0
draw_commands,15981253.4825,0.352199999616,0
end_draw,15981253.8348,5.33300000057,0
paint,15981253.4785,5.69040000066,1
pointer_move,15981253.4399,5.75290000066,1
input_age_ms,15981259.3474,0.00029999949038,0
draw_commands,15981259.4126,0.436000000685,0
end_draw,15981259.8487,7.72210000083,0
paint,15981259.4047,8.16630000062,1
pointer_move,15981259.3482,8.23999999836,1
input_age_ms,15981267.6755,9.99998301268e-05,0
draw_commands,15981267.7123,0.35389999859,0
end_draw,15981268.0663,5.30850000121,0
paint,15981267.7082,5.66740000062,1
pointer_move,15981267.6758,5.9282000009,1
input_age_ms,15981274.3568,9.99998301268e-05,0
draw_commands,15981274.5717,0.460300000384,0
end_draw,15981275.0322,3.67300000042,0
paint,15981274.5665,4.13889999874,1
pointer_move,15981274.3575,4.36820000038,1
input_age_ms,15981278.8406,0.000199999660254,0
draw_commands,15981278.8856,0.361999999732,0
end_draw,15981279.2478,7.70480000041,0
paint,15981278.8832,8.06960000098,1
pointer_move,15981278.841,8.1297999993,1
input_age_ms,15981286.9985,0,0
draw_commands,15981287.0255,0.334700001404,0
end_draw,15981287.3602,6.03839999996,0
paint,15981287.0209,6.37800000049,1
pointer_move,15981286.9989,6.42989999987,1
input_age_ms,15981293.6356,0.000399999320507,15
draw_commands,15981293.6997,0.389399999753,0
end_draw,15981294.0892,8.35790000111,0
paint,15981293.6917,8.7555999998,1
pointer_move,15981293.6367,8.82949999906,1
input_age_ms,15981302.5836,9.99998301268e-05,0
draw_commands,15981302.6281,0.387599999085,0
end_draw,15981303.0158,6.08790000156,0
paint,15981302.6236,6.48039999977,1
pointer_move,15981302.5839,6.54559999891,1
input_age_ms,15981309.3345,0.000199999660254,16
draw_commands,15981309.3905,0.489700000733,0
end_draw,15981309.8803,5.82660000026,0
paint,15981309.3799,6.32740000077,1
pointer_move,15981309.3353,6.4550999999,1
input_age_ms,15981315.9615,9.99998301268e-05,0
draw_commands,15981316.0861,0.381099998951,0
end_draw,15981316.4673,7.84569999948,0
paint,15981316.0796,8.23369999975,1
pointer_move,15981315.962,8.37090000138,1
input_age_ms,15981324.6334,0.00029999949038,15
draw_commands,15981324.7259,0.573799999431,0
end_draw,15981325.2999,7.99709999934,0
paint,15981324.7184,8.57890000008,1
pointer_move,15981324.634,8.68360000104,1
input_age_ms,15981333.4397,9.99998301268e-05,0
draw_commands,15981333.4793,0.371300000697,0
end_draw,15981333.8507,5.17469999939,0
paint,15981333.4737,5.55199999921,1
pointer_move,15981333.4401,5.60300000012,1
input_age_ms,15981339.1517,9.99998301268e-05,16
draw_commands,15981339.1958,0.365399999544,0
end_draw,15981339.5613,6.07949999906,0
paint,15981339.1911,6.45000000112,1
pointer_move,15981339.1521,7.26649999991,1
input_age_ms,15981346.5653,0.000199999660254,0
draw_commands,15981346.7651,0.388899998739,0
end_draw,15981347.1541,7.00249999948,0
paint,15981346.7599,7.39709999971,1
pointer_move,15981346.5657,8.78250000067,1
input_age_ms,15981355.5493,0.000199999660254,16
draw_commands,15981355.894,0.503399999812,0
end_draw,15981356.3979,3.97110000066,0
paint,15981355.8853,4.48480000161,1
pointer_move,15981355.5502,6.46790000051,1
input_age_ms,15981363.0824,0.000500001013279,0
draw_commands,15981363.3349,0.381800001487,0
end_draw,15981363.7169,5.90139999986,0
paint,15981363.3307,6.28789999895,1
pointer_move,15981363.084,7.19290000014,1
input_age_ms,15981370.4344,0.000199999660254,0
draw_commands,15981370.5378,0.371300000697,0
end_draw,15981370.9092,3.23919999972,0
paint,15981370.5329,3.61549999937,1
pointer_move,15981370.4348,3.72809999995,1
input_age_ms,15981378.6909,0.000500001013279,0
draw_commands,15981378.9257,0.421800000593,0
end_draw,15981379.3476,0.640799999237,0
paint,15981378.9209,1.06749999896,1
pointer_move,15981378.6931,1.32210000046,1
input_age_ms,15981385.9588,0.000400001183152,16
draw_commands,15981386.1017,0.382699999958,0
end_draw,15981386.4846,1.94319999963,0
paint,15981386.0944,2.33349999972,1
pointer_move,15981385.9596,2.48550000042,1
input_age_ms,15981394.555,0.000700000673532,0
draw_commands,15981394.8363,0.520399998873,0
end_draw,15981395.3568,0.762200001627,0
paint,15981394.8158,1.30330000073,1
pointer_move,15981394.5586,1.58160000108,1
input_age_ms,15981396.4302,0.000200001522899,0
draw_commands,15981396.4797,0.365500001237,0
end_draw,15981396.8453,6.34620000049,0
paint,15981396.4771,6.71460000053,1
pointer_move,15981396.4309,6.77850000001,1
input_age_ms,15981403.2341,0,16
draw_commands,15981403.26,0.341700000688,0
end_draw,15981403.6017,6.23849999905,0
paint,15981403.2556,6.58490000106,1
pointer_move,15981403.2349,6.62949999981,1
input_age_ms,15981410.3121,0.000599998980761,0
draw_commands,15981411.6526,0.554800000042,0
end_draw,15981412.2076,6.69560000114,0
paint,15981411.6383,7.26520000026,1
pointer_move,15981410.3133,8.65909999982,1
input_age_ms,15981419.0949,9.99998301268e-05,15
draw_commands,15981419.2144,0.365499999374,0
end_draw,15981419.58,4.39149999991,0
paint,15981419.2091,4.76249999925,1
pointer_move,15981419.0953,4.90179999918,1
input_age_ms,15981426.7416,0.000400001183152,0
draw_commands,15981426.9483,0.441499998793,0
end_draw,15981427.39,6.28519999981,0
paint,15981426.9255,6.75039999932,1
pointer_move,15981426.7427,8.26429999992,1
input_age_ms,15981435.2445,0.000199999660254,16
draw_commands,15981435.5507,0.490199999884,0
end_draw,15981436.0414,3.4143000003,0
paint,15981435.5402,3.91559999995,1
pointer_move,15981435.2451,4.23079999909,1
input_age_ms,15981441.6444,0.000799998641014,0
draw_commands,15981441.786,0.572399999946,0
end_draw,15981442.3586,3.03230000101,0
paint,15981441.7753,3.61590000056,1
pointer_move,15981441.6461,3.76900000125,1
input_age_ms,15981445.6051,9.99998301268e-05,0
draw_commands,15981445.6897,0.362199999392,0
end_draw,15981446.052,7.48830000125,0
paint,15981445.6853,7.85520000011,1
pointer_move,15981445.6056,7.95270000026,1
input_age_ms,15981453.5844,0,15
draw_commands,15981453.6119,0.358500000089,0
end_draw,15981453.9705,5.2508000005,0
paint,15981453.6083,5.61319999956,1
pointer_move,15981453.5846,5.65640000068,1
input_age_ms,15981459.3822,9.99998301268e-05,0
draw_commands,15981459.4269,0.393000001088,0
end_draw,15981459.82,8.6967999991,0
paint,15981459.4216,9.09540000185,1
pointer_move,15981459.3828,9.15290000103,1
input_age_ms,15981468.6635,9.99998301268e-05,0
draw_commands,15981468.7092,0.360999999568,0
end_draw,15981469.0703,4.97169999965,0
paint,15981468.7043,5.33789999969,1
pointer_move,15981468.6639,5.40420000069,1
input_age_ms,15981474.225,9.99998301268e-05,0
draw_commands,15981474.278,0.409699998796,0
end_draw,15981474.6878,7.12090000138,0
paint,15981474.2756,7.53350000083,1
pointer_move,15981474.2253,9.16800000146,1
input_age_ms,15981483.7413,0.000199999660254,0
draw_commands,15981484.3158,0.384400000796,0
end_draw,15981484.7004,4.79729999974,0
paint,15981484.3088,5.18909999914,1
pointer_move,15981483.7418,6.72079999931,1
input_age_ms,15981490.5886,0.000199999660254,0
draw_commands,15981490.7369,0.346699999645,0
end_draw,15981491.0837,4.51380000077,0
paint,15981490.7316,4.86620000005,1
pointer_move,15981490.5891,5.03509999998,1
input_age_ms,15981495.8015,9.99998301268e-05,0
draw_commands,15981495.8728,0.461699999869,0
end_draw,15981496.3346,9.18790000118,0
paint,15981495.8682,9.65460000001,1
pointer_move,15981495.8021,9.81599999964,1
input_age_ms,15981506.459,0.000199999660254,0
draw_commands,15981506.6578,0.496400000528,0
end_draw,15981507.1544,3.32969999872,0
paint,15981506.645,3.83940000087,1
pointer_move,15981506.4595,4.05519999936,1
input_age_ms,15981510.6873,0.000199999660254,0
draw_commands,15981510.8851,0.495100000873,0
end_draw,15981511.3803,8.51559999958,0
paint,15981510.8781,9.01809999906,1
pointer_move,15981510.6877,9.24540000036,1
input_age_ms,15981519.9917,0.000100001692772,0
draw_commands,15981520.0491,0.417099999264,0
end_draw,15981520.4663,5.3200000003,0
paint,15981520.0442,5.74239999987,1
pointer_move,15981519.9921,5.82139999978,1
input_age_ms,15981526.0499,0.000199999660254,0
draw_commands,15981526.174,0.399299999699,0
end_draw,15981526.5735,7.97240000032,0
paint,15981526.1666,8.37949999981,1
pointer_move,15981526.0506,8.51659999974,1
input_age_ms,15981534.6908,9.99998301268e-05,0
draw_commands,15981534.7322,0.38040000014,0
end_draw,15981535.1127,5.5653999988,0
paint,15981534.7274,5.95100000128,1
pointer_move,15981534.6912,6.02419999987,1
input_age_ms,15981540.9122,9.99998301268e-05,0
draw_commands,15981540.9648,0.476099999622,0
end_draw,15981541.4411,6.27560000122,0
paint,15981540.9608,6.75630000047,1
pointer_move,15981540.9127,6.83810000122,1
input_age_ms,15981547.9549,0.000199999660254,0
draw_commands,15981548.0302,0.463899999857,0
end_draw,15981548.4942,7.89189999923,0
paint,15981548.0238,8.36249999888,1
pointer_move,15981547.9554,8.44940000027,1
input_age_ms,15981556.5212,0.000200001522899,0
draw_commands,15981556.5672,0.364700000733,0
end_draw,15981556.932,6.1632000003,0
paint,15981556.5629,6.53270000033,1
pointer_move,15981556.5218,6.68979999982,1
input_age_ms,15981563.3479,9.99998301268e-05,0
draw_commands,15981563.4312,0.356399999931,0
end_draw,15981563.7877,7.42060000077,0
paint,15981563.4276,7.78130000085,1
pointer_move,15981563.3485,7.88360000029,1
input_age_ms,15981571.3962,0.000300001353025,0
draw_commands,15981571.4536,0.412299999967,0
end_draw,15981571.866,6.2360999994,0
paint,15981571.4461,6.66909999959,1
pointer_move,15981571.397,7.8973999992,1
input_age_ms,15981579.4696,0.000199999660254,0
draw_commands,15981579.5533,0.372399998829,0
end_draw,15981579.9258,6.08290000074,0
paint,15981579.5486,6.46020000055,1
pointer_move,15981579.4701,6.80179999955,1
input_age_ms,15981586.4131,9.99998301268e-05,0
draw_commands,15981586.4927,0.372200001031,0
end_draw,15981586.865,4.3694000002,0
paint,15981586.4886,4.74649999849,1
pointer_move,15981586.4138,4.92109999992,1
input_age_ms,15981593.9758,0.000599998980761,0
draw_commands,15981594.3584,0.420700000599,0
end_draw,15981594.78,5.38020000048,0
paint,15981594.3495,5.81120000035,1
pointer_move,15981593.9787,6.23069999926,1
input_age_ms,15981601.2875,9.99998301268e-05,0
draw_commands,15981601.454,0.354100000113,0
end_draw,15981601.8082,3.75060000084,0
paint,15981601.4482,4.11070000008,1
pointer_move,15981601.288,4.28830000013,1
input_age_ms,15981605.6137,0,16
draw_commands,15981605.6416,0.335599999875,0
end_draw,15981605.9773,5.73170000128,0
paint,15981605.6371,6.07220000029,1
pointer_move,15981605.614,6.11400000006,1
input_age_ms,15981611.8555,9.99998301268e-05,0
draw_commands,15981611.8982,0.377299999818,0
end_draw,15981612.2756,8.05360000022,0
paint,15981611.8953,8.43409999833,1
pointer_move,15981611.856,8.52589999884,1
input_age_ms,15981620.4958,9.99998301268e-05,15
draw_commands,15981620.5741,0.372800000012,0
end_draw,15981620.947,6.34059999883,0
paint,15981620.569,6.71890000068,1
pointer_move,15981620.4962,6.81140000001,1
input_age_ms,15981627.4437,9.99998301268e-05,0
draw_commands,15981627.4897,0.397099999711,0
end_draw,15981627.8869,7.25349999964,0
paint,15981627.4841,7.65660000034,1
pointer_move,15981627.4444,7.71340000071,1
input_age_ms,15981635.2359,0.000199999660254,0
draw_commands,15981635.2785,0.366800000891,0
end_draw,15981635.6454,5.92769999988,0
paint,15981635.2742,6.29920000024,1
pointer_move,15981635.2363,6.40919999965,1
input_age_ms,15981643.0816,0.00100000016391,0
draw_commands,15981643.2721,0.427500000224,0
end_draw,15981643.6998,3.22670000046,0
paint,15981643.2624,3.66440000013,1
pointer_move,15981643.0833,3.86659999937,1
input_age_ms,15981647.118,9.99998301268e-05,0
draw_commands,15981647.1669,0.425900001079,0
end_draw,15981647.5929,8.69879999943,0
paint,15981647.1608,9.13159999996,1
pointer_move,15981647.119,10.911799999,1
input_age_ms,15981658.1025,0.000100001692772,0
draw_commands,15981658.1855,0.614500001073,0
end_draw,15981658.8001,3.71129999869,0
paint,15981658.1728,4.33889999986,1
pointer_move,15981658.1038,4.49129999988,1
input_age_ms,15981662.7402,9.99998301268e-05,0
draw_commands,15981662.84,0.368100000545,0
end_draw,15981663.2082,7.52180000022,0
paint,15981662.8373,7.89319999889,1
pointer_move,15981662.7407,8.03569999896,1
input_age_ms,15981670.8024,9.99998301268e-05,15
draw_commands,15981670.8547,0.338800000027,0
end_draw,15981671.1936,6.09579999931,0
paint,15981670.8503,6.43990000151,1
pointer_move,15981670.8027,6.52539999969,1
input_age_ms,15981677.5957,0.000300001353025,0
draw_commands,15981677.6581,0.588400000706,0
end_draw,15981678.2466,8.14939999953,0
paint,15981677.6486,8.74759999849,1
pointer_move,15981677.5965,8.82210000046,1
input_age_ms,15981686.5665,0.000199999660254,16
draw_commands,15981686.6152,0.370500000194,0
end_draw,15981686.9859,5.33840000071,0
paint,15981686.6101,5.7145000007,1
pointer_move,15981686.567,5.79199999943,1
input_age_ms,15981692.7964,0.000199999660254,0
draw_commands,15981692.8876,0.4533000011,0
end_draw,15981693.341,4.93129999936,0
paint,15981692.8774,5.39530000091,1
pointer_move,15981692.7969,5.56909999996,1
input_age_ms,15981698.4808,0.000200001522899,0
draw_commands,15981698.5588,0.365299999714,0
end_draw,15981698.9242,7.80709999986,0
paint,15981698.5548,8.17699999921,1
pointer_move,15981698.4818,8.30840000138,1
input_age_ms,15981706.9093,0.000199999660254,0
draw_commands,15981706.9952,0.365100000054,0
end_draw,15981707.3604,5.27769999951,0
paint,15981706.991,5.6473999992,1
pointer_move,15981706.9099,5.77009999938,1
input_age_ms,15981712.7603,9.99998301268e-05,0
draw_commands,15981712.8009,0.365600001067,0
end_draw,15981713.1666,7.7053999994,0
paint,15981712.7981,8.07409999892,1
pointer_move,15981712.7608,8.12969999947,1
input_age_ms,15981737.9722,0.00029999949038,0
draw_commands,15981738.2023,0.365300001577,0
end_draw,15981738.5678,0.848500000313,0
paint,15981738.1943,1.222000001,1
pointer_move,15981737.9728,1.46970000118,1
input_age_ms,15981744.9032,0.000499999150634,0
draw_commands,15981744.9744,0.390999998897,0
end_draw,15981745.3656,0.847500000149,0
paint,15981744.9637,1.24939999916,1
pointer_move,15981744.9043,1.33640000038,1
input_age_ms,15981756.7308,0.000400001183152,0
draw_commands,15981760.0711,0.649599999189,0
end_draw,15981760.721,1.0709999986,0
paint,15981760.0615,1.73120000027,1
pointer_move,15981756.7317,5.10319999978,1
input_age_ms,15981762.1212,0.00029999949038,0
draw_commands,15981762.2099,0.680400000885,0
end_draw,15981762.8906,1.08510000072,0
paint,15981762.203,1.77290000021,1
pointer_move,15981762.1221,1.89210000075,1
input_age_ms,15981771.3037,0.00029999949038,0
draw_commands,15981771.9244,0.445599999279,0
end_draw,15981772.3702,0.758999999613,0
paint,15981771.9167,1.2126000002,1
pointer_move,15981771.3043,1.84599999897,1
input_age_ms,15981779.3508,0.000800000503659,16
draw_commands,15981779.7443,0.52160000056,0
end_draw,15981780.2661,0.97889999859,0
paint,15981779.738,1.50699999928,1
pointer_move,15981779.3652,1.9355999995,1
input_age_ms,15981786.142,0.00029999949038,0
draw_commands,15981786.5582,0.544199999422,0
end_draw,15981787.1026,0.688899999484,0
paint,15981786.548,1.2435999997,1
pointer_move,15981786.1427,1.66699999943,1
input_age_ms,15982443.0801,0.000199999660254,656
draw_commands,15982443.4967,0.368100000545,0
end_draw,15982443.865,0.67119999975,0
paint,15982443.4913,1.04509999976,1
pointer_move,15982443.0806,1.47629999928,1
input_age_ms,15982444.7743,0.000199999660254,0
draw_commands,15982444.8803,0.35329999961,0
end_draw,15982445.2338,0.483200000599,0
paint,15982444.8769,0.840199999511,1
pointer_move,15982444.7749,0.960899999365,1
input_age_ms,15982448.2789,0.000200001522899,0
draw_commands,15982448.3744,0.381200000644,0
end_draw,15982448.7557,0.626600001007,0
paint,15982448.3702,1.01219999976,1
pointer_move,15982448.2798,1.12089999951,1
input_age_ms,15982456.3707,0.000399999320507,0
draw_commands,15982456.4468,0.598100000992,0
end_draw,15982457.045,0.974799999967,0
paint,15982456.4333,1.5867999997,1
pointer_move,15982456.3723,1.6884999983,1
input_age_ms,15982464.2999,0.00149999931455,0
draw_commands,15982464.3978,0.510099999607,0
end_draw,15982464.9081,0.932900000364,0
paint,15982464.3845,1.45669999905,1
pointer_move,15982464.3022,1.56629999913,1
input_age_ms,15982472.7523,0.000399999320507,0
draw_commands,15982473.0029,0.469799999148,0
end_draw,15982473.4732,0.75019999966,0
paint,15982472.9922,1.23139999993,1
pointer_move,15982472.7533,1.49269999936,1
input_age_ms,15982480.6947,0.000499999150634,0
draw_commands,15982480.933,0.486600000411,0
end_draw,15982481.4202,0.720900001004,0
paint,15982480.9227,1.21849999949,1
pointer_move,15982480.6957,1.47430000082,1
input_age_ms,15982488.4336,0.000800000503659,0
draw_commands,15982488.8539,0.412000000477,0
end_draw,15982489.2661,0.841799998656,0
paint,15982488.8453,1.2631000001,1
pointer_move,15982488.435,1.75,1
input_age_ms,15982496.2987,0.000400001183152,0
draw_commands,15982496.4326,0.453499998897,0
end_draw,15982496.8862,0.758000001311,0
paint,15982496.4245,1.21980000101,1
pointer_move,15982496.3,1.36649999954,1
input_age_ms,15982504.4037,0.000199999660254,0
draw_commands,15982504.5074,0.586400000378,0
end_draw,15982505.094,1.01809999906,0
paint,15982504.4978,1.61449999921,1
pointer_move,15982504.4048,1.73249999993,1
input_age_ms,15982512.5269,0.000599998980761,0
draw_commands,15982512.6179,0.597299998626,0
end_draw,15982513.2154,0.625700000674,0
paint,15982512.6041,1.23719999939,1
pointer_move,15982512.5291,1.33199999854,1
input_age_ms,15982520.2864,0.000400001183152,0
draw_commands,15982520.3575,0.382600000128,0
end_draw,15982520.7402,0.615599999204,0
paint,15982520.3476,1.00819999911,1
pointer_move,15982520.2871,1.08520000055,1
input_age_ms,15982528.2452,0.00029999949038,0
draw_commands,15982528.3429,0.383799999952,0
end_draw,15982528.7268,0.524100000039,0
paint,15982528.3376,0.913399999961,1
pointer_move,15982528.2465,1.01999999955,1
input_age_ms,15982536.2999,0.00029999949038,0
draw_commands,15982536.4967,0.370899999514,0
end_draw,15982536.8677,0.63040000014,0
paint,15982536.4889,1.0092999991,1
pointer_move,15982536.3007,1.21279999986,1
input_age_ms,15982544.2852,0.000399999320507,0
draw_commands,15982544.3527,0.393500000238,0
end_draw,15982544.7464,0.513599999249,0
paint,15982544.3475,0.912499999627,1
pointer_move,15982544.286,0.990799998865,1
input_age_ms,15982552.1749,0.000599998980761,0
draw_commands,15982552.2454,0.355899998918,0
end_draw,15982552.6014,0.478300001472,0
paint,15982552.2388,0.841000000015,1
pointer_move,15982552.1761,0.919399999082,1
input_age_ms,15982560.3977,0.00029999949038,0
draw_commands,15982560.4658,0.442199999467,0
end_draw,15982560.9081,0.553700000048,0
paint,15982560.4602,1.00169999897,1
pointer_move,15982560.3985,1.07940000109,1
input_age_ms,15982568.1124,0.000399999320507,0
draw_commands,15982568.1706,0.402899999171,0
end_draw,15982568.5736,0.479900000617,0
paint,15982568.163,0.890499999747,1
pointer_move,15982568.1131,0.955700000748,1
input_age_ms,15982576.3229,0.000700000673532,0
draw_commands,15982576.4056,0.451099999249,0
end_draw,15982576.857,0.548699999228,0
paint,15982576.3937,1.01219999976,1
pointer_move,15982576.3244,1.09940000065,1
input_age_ms,15982584.1186,0.000400001183152,0
draw_commands,15982584.2017,0.35339999944,0
end_draw,15982584.5553,0.541800001636,0
paint,15982584.1947,0.902499999851,1
pointer_move,15982584.1193,0.992699999362,1
input_age_ms,15982608.4621,0.000600000843406,0
draw_commands,15982608.5323,0.489700000733,0
end_draw,15982609.0222,0.563599999994,0
paint,15982608.5226,1.06329999864,1
pointer_move,15982608.4632,1.14540000074,1
input_age_ms,15982616.2364,0.000399999320507,0
draw_commands,15982616.3155,0.485700000077,0
end_draw,15982616.8014,0.688200000674,0
paint,15982616.3029,1.18680000119,1
pointer_move,15982616.2374,1.26839999855,1
input_age_ms,15982785.8633,0.000700000673532,0
draw_commands,15982786.1607,1.0316999983,0
end_draw,15982787.1927,1.25809999928,0
paint,15982786.1486,2.30239999853,1
pointer_move,15982785.8651,2.83960000053,1
input_age_ms,15982792.7128,0.000399999320507,0
draw_commands,15982792.8383,0.640899999067,0
end_draw,15982793.4794,0.849799999967,0
paint,15982792.8266,1.50269999914,1
pointer_move,15982792.7138,1.66000000015,1
input_age_ms,15982801.277,0.00029999949038,0
draw_commands,15982801.4727,0.324200000614,0
end_draw,15982801.797,0.479699999094,0
paint,15982801.4668,0.809899998829,1
pointer_move,15982801.2775,1.0175999999,1
input_age_ms,15982808.4205,0.000300001353025,16
draw_commands,15982808.499,0.496400000528,0
end_draw,15982808.9956,0.571699999273,0
paint,15982808.4914,1.07610000111,1
pointer_move,15982808.4211,1.1707000006,1
input_age_ms,15982817.0745,0.000199999660254,0
draw_commands,15982817.2514,0.377000000328,0
end_draw,15982817.6285,0.720200000331,0
paint,15982817.2446,1.10419999994,1
pointer_move,15982817.075,1.29030000046,1
input_age_ms,15982824.3094,0.000199999660254,0
draw_commands,15982824.7141,0.548600001261,0
end_draw,15982825.2637,0.766500001773,0
paint,15982824.7086,1.32180000097,1
pointer_move,15982824.31,1.74379999936,1
input_age_ms,15982832.6653,0.000199999660254,0
draw_commands,15982832.7396,0.354099998251,0
end_draw,15982833.0939,0.504599999636,0
paint,15982832.7347,0.86409999989,1
pointer_move,15982832.6659,0.951400000602,1
input_age_ms,15982840.2101,9.99998301268e-05,0
draw_commands,15982840.4065,0.30719999969,0
end_draw,15982840.7138,0.418400000781,0
paint,15982840.4032,0.729100000113,1
pointer_move,15982840.2104,0.936200000346,1
input_age_ms,15982848.3144,0.000399999320507,0
draw_commands,15982848.5699,0.345799999312,0
end_draw,15982848.9158,0.467199999839,0
paint,15982848.5639,0.819199999794,1
pointer_move,15982848.3151,1.08240000159,1
input_age_ms,15982856.7029,0.000500001013279,0
draw_commands,15982857.0519,0.838200001046,0
end_draw,15982857.8904,1.15450000018,0
paint,15982857.0468,1.99849999882,1
pointer_move,15982856.7041,2.3964000009,1
input_age_ms,15982864.9588,0.000600000843406,0
draw_commands,15982865.0884,0.804700000212,0
end_draw,15982865.8932,0.915299998596,0
paint,15982865.0777,1.73100000061,1
pointer_move,15982864.9603,1.8842999991,1
input_age_ms,15982872.8941,0.000500001013279,0
draw_commands,15982873.0401,0.335899999365,0
end_draw,15982873.3762,0.495899999514,0
paint,15982873.0312,0.841000000015,1
pointer_move,15982872.8949,0.992499999702,1
input_age_ms,15982880.396,0.000199999660254,0
draw_commands,15982880.6354,0.343100000173,0
end_draw,15982880.9786,0.444000000134,0
paint,15982880.6291,0.793600000441,1
pointer_move,15982880.3965,1.04009999894,1
input_age_ms,15982888.1551,0.000200001522899,0
draw_commands,15982888.2028,0.313999999315,0
end_draw,15982888.5169,0.43730000034,0
paint,15982888.2,0.754200000316,1
pointer_move,15982888.1555,0.814099999145,1
input_age_ms,15982896.3945,0.000399999320507,0
draw_commands,15982896.5293,0.434699999169,0
end_draw,15982896.9642,0.589800000191,0
paint,15982896.5231,1.03099999949,1
pointer_move,15982896.3953,1.1780999992,1
input_age_ms,15982904.3544,0.00029999949038,0
draw_commands,15982904.4701,0.332100000232,0
end_draw,15982904.8023,0.489899998531,0
paint,15982904.4647,0.827600000426,1
pointer_move,15982904.355,0.951299998909,1
input_age_ms,15982912.2902,0.00029999949038,0
draw_commands,15982912.52,0.359400000423,0
end_draw,15982912.8795,0.491599999368,0
paint,15982912.516,0.855200000107,1
pointer_move,15982912.2907,1.09579999931,1
input_age_ms,15982920.0885,0.000199999660254,0
draw_commands,15982920.1387,0.299600001425,0
end_draw,15982920.4384,0.394500000402,0
paint,15982920.1357,0.697300000116,1
pointer_move,15982920.0889,0.757999999449,1
input_age_ms,15982928.6284,0.000500001013279,0
draw_commands,15982928.9153,0.551099998876,0
end_draw,15982929.4665,0.561700001359,0
paint,15982928.8982,1.13010000065,1
pointer_move,15982928.6293,1.41819999926,1
input_age_ms,15982936.2072,0.000199999660254,0
draw_commands,15982936.2572,0.357400000095,0
end_draw,15982936.6147,0.429199999198,0
paint,15982936.2521,0.791799999774,1
pointer_move,15982936.2078,0.850199999288,1
input_age_ms,15982944.3981,0.000700000673532,0
draw_commands,15982944.5014,0.522600000724,0
end_draw,15982945.0242,0.901100000367,0
paint,15982944.4857,1.44050000049,1
pointer_move,15982944.3992,1.55929999985,1
input_age_ms,15982952.2202,0.000399999320507,0
draw_commands,15982952.2857,0.37529999949,0
end_draw,15982952.6611,0.533199999481,0
paint,15982952.2796,0.914899999276,1
pointer_move,15982952.2208,0.990000000224,1
input_age_ms,15982960.3023,0.000199999660254,0
draw_commands,15982960.4178,0.435100000352,0
end_draw,15982960.853,0.670800000429,0
paint,15982960.4135,1.11040000059,1
pointer_move,15982960.3034,1.24049999937,1
input_age_ms,15982968.7201,0.000699998810887,0
draw_commands,15982969.0792,0.896099999547,0
end_draw,15982969.9756,1.14069999941,0
paint,15982969.0701,2.04639999941,1
pointer_move,15982968.7216,2.43879999965,1
input_age_ms,15982976.6237,0.00119999982417,0
draw_commands,15982976.724,0.536700000986,0
end_draw,15982977.2609,0.573899999261,0
paint,15982976.716,1.11979999952,1
pointer_move,15982976.6256,1.23269999959,1
input_age_ms,15982984.3194,0.000400001183152,0
draw_commands,15982984.4798,0.352499999106,0
end_draw,15982984.8324,0.474300000817,0
paint,15982984.4728,0.83400000073,1
pointer_move,15982984.3201,1.00129999965,1
input_age_ms,15982992.3113,0.000499999150634,0
draw_commands,15982992.39,0.397599998862,0
end_draw,15982992.7877,0.563599999994,0
paint,15982992.3825,0.968899998814,1
pointer_move,15982992.3121,1.05829999968,1
input_age_ms,15983000.2297,0.000300001353025,0
draw_commands,15983000.3315,0.357599999756,0
end_draw,15983000.6967,0.48909999989,0
paint,15983000.3247,0.861099999398,1
pointer_move,15983000.2304,0.970000000671,1
input_age_ms,15983008.2647,0.000400001183152,0
draw_commands,15983008.3244,0.420499999076,0
end_draw,15983008.745,0.71390000172,0
paint,15983008.3159,1.14340000041,1
pointer_move,15983008.2655,1.21890000068,1
input_age_ms,15983016.204,0.000399999320507,0
draw_commands,15983016.2631,0.361600000411,0
end_draw,15983016.6248,0.524900000542,0
paint,15983016.2565,0.893300000578,1
pointer_move,15983016.2047,0.959799999371,1
input_age_ms,15983024.3522,0.000199999660254,0
draw_commands,15983024.5065,0.404799999669,0
end_draw,15983024.9114,0.677799999714,0
paint,15983024.4992,1.09009999968,1
pointer_move,15983024.3526,1.26249999925,1
input_age_ms,15983032.3584,0.00029999949038,0
draw_commands,15983032.4216,0.373200001195,0
end_draw,15983032.795,0.513800000772,0
paint,15983032.4138,0.895100001246,1
pointer_move,15983032.3591,0.964700000361,1
input_age_ms,15983040.2407,0.000199999660254,0
draw_commands,15983040.2929,0.310300000012,0
end_draw,15983040.6033,0.43779999949,0
paint,15983040.2894,0.751800000668,1
pointer_move,15983040.2412,0.814799999818,1
input_age_ms,15983048.2871,0.000499999150634,0
draw_commands,15983048.4161,0.356700001284,0
end_draw,15983048.7729,0.440799999982,0
paint,15983048.4103,0.803500000387,1
pointer_move,15983048.2879,0.939999999478,1
input_age_ms,15983056.3037,0.000600000843406,0
draw_commands,15983056.5416,0.33400000073,0
end_draw,15983056.8757,0.503799999133,0
paint,15983056.5358,0.843799998984,1
pointer_move,15983056.3046,1.09169999883,1
input_age_ms,15983064.3972,0.000199999660254,0
draw_commands,15983064.5991,0.335800001398,0
end_draw,15983064.935,0.44849999994,0
paint,15983064.5929,0.790699999779,1
pointer_move,15983064.3978,1.00009999983,1
input_age_ms,15983072.2954,0.000200001522899,0
draw_commands,15983072.4871,0.286399999633,0
end_draw,15983072.7736,0.350099999458,0
paint,15983072.4853,0.638499999419,1
pointer_move,15983072.2958,0.841699998826,1
input_age_ms,15983080.1595,0.000200001522899,0
draw_commands,15983080.2227,0.352199999616,0
end_draw,15983080.575,0.50540000014,0
paint,15983080.2182,0.862299999222,1
pointer_move,15983080.16,0.936100000516,1
input_age_ms,15983088.2705,0.000199999660254,0
draw_commands,15983088.4953,0.338199999183,0
end_draw,15983088.8337,0.443400001153,0
paint,15983088.4911,0.786100000143,1
pointer_move,15983088.2715,1.02019999921,1
input_age_ms,15983144.2178,0.00029999949038,0
draw_commands,15983144.3419,0.353900000453,0
end_draw,15983144.6959,0.543099999428,0
paint,15983144.337,0.90210000053,1
pointer_move,15983144.2185,1.04079999961,1
input_age_ms,15983152.3535,0.000300001353025,0
draw_commands,15983152.487,0.346599999815,0
end_draw,15983152.8337,0.46410000138,0
paint,15983152.4818,0.816100001335,1
pointer_move,15983152.354,0.958799999207,1
input_age_ms,15983160.3463,0.000599998980761,0
draw_commands,15983160.4364,0.430500000715,0
end_draw,15983160.8671,0.451999999583,0
paint,15983160.4273,0.891899999231,1
pointer_move,15983160.3478,0.986899999902,1
input_age_ms,15983168.9466,0.000600000843406,0
draw_commands,15983169.3941,1.24840000086,0
end_draw,15983170.643,1.36710000038,0
paint,15983169.3872,2.62319999933,1
pointer_move,15983168.9482,3.12390000001,1
input_age_ms,15983177.808,0.00100000016391,0
draw_commands,15983178.0986,1.39949999936,0
end_draw,15983179.4986,1.68789999932,0
paint,15983178.0851,3.10229999945,1
pointer_move,15983177.8098,3.44489999861,1
input_age_ms,15983184.6733,0.000700000673532,0
draw_commands,15983184.8286,1.16229999997,0
end_draw,15983185.9912,1.27569999918,0
paint,15983184.817,2.45010000095,1
pointer_move,15983184.6745,2.63100000098,1
input_age_ms,15983192.4436,0.000499999150634,0
draw_commands,15983192.6561,0.438599999994,0
end_draw,15983193.0949,0.856999998912,0
paint,15983192.6458,1.3060999997,1
pointer_move,15983192.4451,1.52859999985,1
input_age_ms,15983200.3774,0.000199999660254,0
draw_commands,15983200.5967,0.345100000501,0
end_draw,15983200.942,0.478800000623,0
paint,15983200.5901,0.830700000748,1
pointer_move,15983200.3779,1.05749999918,1
input_age_ms,15983208.6506,0.000700000673532,0
draw_commands,15983208.7372,0.89120000042,0
end_draw,15983209.6287,0.636099999771,0
paint,15983208.7244,1.54089999944,1
pointer_move,15983208.6517,1.64510000125,1
input_age_ms,15983216.473,0.000400001183152,0
draw_commands,15983216.7098,0.376300001517,0
end_draw,15983217.0862,0.549599999562,0
paint,15983216.7008,0.935100000352,1
pointer_move,15983216.4739,1.1771000009,1
input_age_ms,15983224.3033,9.99998301268e-05,0
draw_commands,15983224.4438,0.374199999496,0
end_draw,15983224.8181,0.714099999517,0
paint,15983224.4389,1.09350000136,1
pointer_move,15983224.304,1.25300000049,1
input_age_ms,15983232.4506,0.00029999949038,0
draw_commands,15983232.6648,0.394899999723,0
end_draw,15983233.0599,0.622800000012,0
paint,15983232.6551,1.02770000137,1
pointer_move,15983232.4514,1.24749999866,1
input_age_ms,15983240.3737,0.00029999949038,0
draw_commands,15983240.4474,0.35339999944,0
end_draw,15983240.801,0.68249999918,0
paint,15983240.4415,1.04199999943,1
pointer_move,15983240.3748,1.15819999948,1
input_age_ms,15983248.4465,0.00029999949038,0
draw_commands,15983248.6525,0.340299999341,0
end_draw,15983248.9929,0.527799999341,0
paint,15983248.6462,0.874600000679,1
pointer_move,15983248.4471,1.08739999868,1
input_age_ms,15983256.2636,0.000200001522899,0
draw_commands,15983256.4897,0.337999999523,0
end_draw,15983256.8278,0.542199999094,0
paint,15983256.4831,0.886899998412,1
pointer_move,15983256.2641,1.12129999883,1
input_age_ms,15983264.4441,0.000800000503659,0
draw_commands,15983264.6879,0.429100001231,0
end_draw,15983265.1171,0.636599998921,0
paint,15983264.673,1.08079999872,1
pointer_move,15983264.4454,1.3245000001,1
input_age_ms,15983272.4001,0.000599998980761,0
draw_commands,15983272.4786,0.424400001764,0
end_draw,15983272.9031,0.633999999613,0
paint,15983272.4694,1.06780000031,1
pointer_move,15983272.4016,1.15340000018,1
input_age_ms,15983280.2912,0.000199999660254,0
draw_commands,15983280.5029,0.344200000167,0
end_draw,15983280.8472,0.447599999607,0
paint,15983280.4957,0.799200000241,1
pointer_move,15983280.2917,1.01830000058,1
input_age_ms,15983288.2739,9.99998301268e-05,0
draw_commands,15983288.472,0.305600000545,0
end_draw,15983288.7777,0.411000000313,0
paint,15983288.4687,0.720100000501,1
pointer_move,15983288.2743,0.927999999374,1
input_age_ms,15983296.3609,0.000199999660254,0
draw_commands,15983296.5663,0.348400000483,0
end_draw,15983296.9148,0.432300001383,0
paint,15983296.5597,0.78750000149,1
pointer_move,15983296.3614,1.00079999864,1
input_age_ms,15983304.3615,0.000199999660254,0
draw_commands,15983304.5448,0.324099998921,0
end_draw,15983304.869,0.464399999008,0
paint,15983304.5394,0.794099999592,1
pointer_move,15983304.362,0.986500000581,1
input_age_ms,15983312.4099,0.000199999660254,0
draw_commands,15983312.6532,0.351699998602,0
end_draw,15983313.005,0.441299999133,0
paint,15983312.6468,0.799599999562,1
pointer_move,15983312.4106,1.05070000142,1
input_age_ms,15983320.3365,0.000199999660254,0
draw_commands,15983320.5469,0.319499999285,0
end_draw,15983320.8665,0.478199999779,0
paint,15983320.5417,0.803099999204,1
pointer_move,15983320.337,1.02209999971,1
input_age_ms,15983328.3713,0.000199999660254,0
draw_commands,15983328.5787,0.340299999341,0
end_draw,15983328.9191,0.450699999928,0
paint,15983328.5745,0.795399999246,1
pointer_move,15983328.3718,1.01209999993,1
input_age_ms,15983336.3273,0.000200001522899,0
draw_commands,15983336.528,0.312899999321,0
end_draw,15983336.841,0.439099999145,0
paint,15983336.5237,0.756500000134,1
pointer_move,15983336.3277,0.966399999335,1
input_age_ms,15983344.3604,0.000799998641014,0
draw_commands,15983344.5032,0.394600000232,0
end_draw,15983344.8979,0.585799999535,0
paint,15983344.4948,0.98900000006,1
pointer_move,15983344.3617,1.14169999957,1
input_age_ms,15983352.3885,0.000199999660254,0
draw_commands,15983352.5148,0.340600000694,0
end_draw,15983352.8555,0.503599999472,0
paint,15983352.509,0.85020000115,1
pointer_move,15983352.3889,0.985999999568,1
input_age_ms,15983360.3347,0.000300001353025,0
draw_commands,15983360.575,0.432200001553,0
end_draw,15983361.0073,0.715900000185,0
paint,15983360.5655,1.15799999982,1
pointer_move,15983360.3352,1.40629999898,1
input_age_ms,15983368.9025,0.000800000503659,0
draw_commands,15983369.2611,1.35850000009,0
end_draw,15983370.6201,1.5859999992,0
paint,15983369.2493,2.95720000006,1
pointer_move,15983368.9044,3.3666999992,1
input_age_ms,15983377.1633,0.000900000333786,0
draw_commands,15983377.474,1.31489999965,0
end_draw,15983378.7894,1.69150000066,0
paint,15983377.4623,3.01889999956,1
pointer_move,15983377.1653,3.7079999987,1
input_age_ms,15983384.7043,0.000700000673532,0
draw_commands,15983385.0652,0.928500000387,0
end_draw,15983385.9941,1.34449999966,0
paint,15983385.0549,2.28399999999,1
pointer_move,15983384.7059,2.67109999992,1
input_age_ms,15983392.5252,0.000499999150634,0
draw_commands,15983392.7922,0.628200000152,0
end_draw,15983393.4207,0.990399999544,0
paint,15983392.7831,1.62839999981,1
pointer_move,15983392.5266,2.10890000127,1
input_age_ms,15983400.4549,0.000199999660254,0
draw_commands,15983400.6912,0.347800001502,0
end_draw,15983401.0391,0.486299999058,0
paint,15983400.6823,0.843200000003,1
pointer_move,15983400.4554,1.08430000022,1
input_age_ms,15983408.4776,0.000399999320507,0
draw_commands,15983408.5409,0.379000000656,0
end_draw,15983408.92,0.536800000817,0
paint,15983408.5354,0.921500001103,1
pointer_move,15983408.4783,0.996200000867,1
input_age_ms,15983416.3964,0.000199999660254,0
draw_commands,15983416.6323,0.387000000104,0
end_draw,15983417.0194,0.516499999911,0
paint,15983416.626,0.910000000149,1
pointer_move,15983416.3973,1.15290000103,1
input_age_ms,15983424.3146,9.99998301268e-05,0
draw_commands,15983424.5175,0.338899999857,0
end_draw,15983424.8565,0.661199999973,0
paint,15983424.5159,1.0020999983,1
pointer_move,15983424.3149,1.23190000094,1
input_age_ms,15983432.2606,0.000399999320507,0
draw_commands,15983432.3246,0.346499999985,0
end_draw,15983432.6712,0.44800000079,0
paint,15983432.3186,0.800699999556,1
pointer_move,15983432.2613,0.871799999848,1
input_age_ms,15983440.259,0.000199999660254,0
draw_commands,15983440.4579,0.260799998417,0
end_draw,15983440.7188,0.30749999918,0
paint,15983440.4565,0.569900000468,1
pointer_move,15983440.2594,0.78039999865,1
input_age_ms,15983448.3776,0.000300001353025,15
draw_commands,15983448.5789,0.345899999142,0
end_draw,15983448.9249,0.479499999434,0
paint,15983448.5728,0.831700000912,1
pointer_move,15983448.3782,1.04030000046,1
input_age_ms,15983456.2002,0.000199999660254,0
draw_commands,15983456.4227,0.304299999028,0
end_draw,15983456.7271,0.589199999347,0
paint,15983456.4205,0.89620000124,1
pointer_move,15983456.2006,1.20409999974,1
input_age_ms,15983464.4628,0.000199999660254,16
draw_commands,15983464.6909,0.340199999511,0
end_draw,15983465.0312,0.44280000031,0
paint,15983464.6836,0.790500000119,1
pointer_move,15983464.4634,1.02459999919,1
input_age_ms,15983472.3231,0.000199999660254,0
draw_commands,15983472.5301,0.374600000679,0
end_draw,15983472.9048,0.690799999982,0
paint,15983472.5242,1.07139999978,1
pointer_move,15983472.3236,1.30420000106,1
input_age_ms,15983480.3554,0.000199999660254,0
draw_commands,15983480.5533,0.344299999997,0
end_draw,15983480.8977,0.43759999983,0
paint,15983480.5476,0.78780000098,1
pointer_move,15983480.3558,0.993800001219,1
input_age_ms,15983489.6874,0.00029999949038,0
draw_commands,15983489.8284,0.289299998432,0
end_draw,15983490.1178,0.392700001597,0
paint,15983489.8256,0.685000000522,1
pointer_move,15983489.6879,0.836300000548,1
input_age_ms,15983496.2374,0.000199999660254,0
draw_commands,15983496.4501,0.349700000137,0
end_draw,15983496.7999,0.46269999817,0
paint,15983496.4459,0.816899999976,1
pointer_move,15983496.2379,1.03989999928,1
input_age_ms,15983505.4193,0.000300001353025,0
draw_commands,15983505.6935,0.338000001386,0
end_draw,15983506.0316,0.570000000298,0
paint,15983505.6873,0.914400000125,1
pointer_move,15983505.4199,1.19879999943,1
input_age_ms,15983512.4473,0.000599998980761,0
draw_commands,15983512.5317,0.396299999207,0
end_draw,15983512.9281,0.476100001484,0
paint,15983512.5175,0.886700000614,1
pointer_move,15983512.4484,0.971999999136,1
input_age_ms,15983521.2445,0.000199999660254,0
draw_commands,15983521.4315,0.328799998388,0
end_draw,15983521.7604,0.509000001475,0
paint,15983521.4266,0.842900000513,1
pointer_move,15983521.2451,1.0402999986,1
input_age_ms,15983528.7627,0.00229999981821,0
draw_commands,15983528.8915,0.409700000659,0
end_draw,15983529.3013,0.519099999219,0
paint,15983528.8754,0.945100000128,1
pointer_move,15983528.7656,1.07469999976,1
input_age_ms,15983536.2607,0.00029999949038,0
draw_commands,15983536.3162,0.37490000017,0
end_draw,15983536.6912,0.47520000115,0
paint,15983536.3086,0.857900001109,1
pointer_move,15983536.2613,0.919600000605,1
input_age_ms,15983544.7652,0.000499999150634,0
draw_commands,15983545.0022,0.441199999303,0
end_draw,15983545.4435,0.557500001043,0
paint,15983544.9919,1.00919999927,1
pointer_move,15983544.7661,1.25100000016,1
input_age_ms,15983552.3881,0.000199999660254,0
draw_commands,15983552.6297,0.331900000572,0
end_draw,15983552.9617,0.452199999243,0
paint,15983552.6264,0.78760000132,1
pointer_move,15983552.3886,1.04250000045,1
input_age_ms,15983560.9371,0.000399999320507,0
draw_commands,15983561.0516,0.412599999458,0
end_draw,15983561.4643,0.763500001281,0
paint,15983561.0453,1.18260000087,1
pointer_move,15983560.9379,1.31540000066,1
input_age_ms,15983568.4509,0.00029999949038,0
draw_commands,15983568.6885,0.333300000057,0
end_draw,15983569.0219,0.522700000554,0
paint,15983568.6827,0.861999999732,1
pointer_move,15983568.4516,1.10859999992,1
input_age_ms,15983576.3073,0.000199999660254,0
draw_commands,15983576.5934,0.368499999866,0
end_draw,15983576.962,0.51640000008,0
paint,15983576.5903,0.888199999928,1
pointer_move,15983576.3078,1.18689999916,1
input_age_ms,15983584.2268,0.000399999320507,0
draw_commands,15983584.3571,0.340199999511,0
end_draw,15983584.6974,0.490900000557,0
paint,15983584.3502,0.838200001046,1
pointer_move,15983584.2278,0.974299998954,1
input_age_ms,15983592.3514,0.000300001353025,0
draw_commands,15983592.6575,0.382399998605,0
end_draw,15983593.04,0.642800001428,0
paint,15983592.651,1.03209999949,1
pointer_move,15983592.3521,1.35360000096,1
input_age_ms,15983600.3788,0.000200001522899,0
draw_commands,15983600.5823,0.341299999505,0
end_draw,15983600.9237,0.473100000992,0
paint,15983600.5764,0.820499999449,1
pointer_move,15983600.3793,1.03140000068,1
input_age_ms,15983609.0223,0.000300001353025,0
draw_commands,15983609.2864,0.343499999493,0
end_draw,15983609.63,0.556299999356,0
paint,15983609.2809,0.905600000173,1
pointer_move,15983609.023,1.17909999937,1
input_age_ms,15983616.4022,0.000699998810887,0
draw_commands,15983616.6404,0.411800000817,0
end_draw,15983617.0525,0.761499999091,0
paint,15983616.6302,1.18389999866,1
pointer_move,15983616.4035,1.43009999953,1
input_age_ms,15983624.2161,0.000199999660254,0
draw_commands,15983624.2658,0.39140000008,0
end_draw,15983624.6575,0.656999999657,0
paint,15983624.2607,1.05409999937,1
pointer_move,15983624.2166,1.12199999951,1
input_age_ms,15983632.3549,0.00029999949038,0
draw_commands,15983632.557,0.332000000402,0
end_draw,15983632.8891,0.452099999413,0
paint,15983632.5523,0.788999998942,1
pointer_move,15983632.3555,0.999600000679,1
input_age_ms,15983640.1968,0.000200001522899,0
draw_commands,15983640.2379,0.321200000122,0
end_draw,15983640.5592,0.457100000232,0
paint,15983640.2351,0.781200001016,1
pointer_move,15983640.1971,0.833699999377,1
input_age_ms,15983648.3683,0.000199999660254,0
draw_commands,15983648.5711,0.342000000179,0
end_draw,15983648.9132,0.433799998835,0
paint,15983648.5662,0.780900001526,1
pointer_move,15983648.3687,0.993000000715,1
input_age_ms,15983656.1844,0.00029999949038,0
draw_commands,15983656.2455,0.354900000617,0
end_draw,15983656.6006,0.530700000003,0
paint,15983656.2402,0.89120000042,1
pointer_move,15983656.185,0.963199999183,1
input_age_ms,15983664.9559,0.000699998810887,0
draw_commands,15983665.235,0.37470000051,0
end_draw,15983665.6098,0.679600000381,0
paint,15983665.2276,1.06189999916,1
pointer_move,15983664.9575,1.3498999998,1
input_age_ms,15983672.2036,0.000499999150634,0
draw_commands,15983672.345,0.331599999219,0
end_draw,15983672.6768,0.487999999896,0
paint,15983672.34,0.824899999425,1
pointer_move,15983672.2044,0.975899999961,1
input_age_ms,15983680.2712,0.000300001353025,0
draw_commands,15983680.4661,0.343399999663,0
end_draw,15983680.8096,0.44280000031,0
paint,15983680.4594,0.793099999428,1
pointer_move,15983680.2717,0.99450000003,1
input_age_ms,15983689.2438,0.000300001353025,0
draw_commands,15983689.5723,0.33400000073,0
end_draw,15983689.9065,0.462099999189,0
paint,15983689.5671,0.80159999989,1
pointer_move,15983689.2448,1.14030000009,1
input_age_ms,15983696.8968,0.000499999150634,0
draw_commands,15983697.3233,0.362600000575,0
end_draw,15983697.686,0.888599999249,0
paint,15983697.3164,1.25829999894,1
pointer_move,15983696.8978,1.7126000002,1
input_age_ms,15983704.3679,0.000499999150634,0
draw_commands,15983704.5797,0.378200000152,0
end_draw,15983704.958,0.537399999797,0
paint,15983704.5731,0.922399999574,1
pointer_move,15983704.3688,1.15050000139,1
input_age_ms,15983712.7909,0.000300001353025,0
draw_commands,15983713.2567,0.353600000963,0
end_draw,15983713.6104,0.68759999983,0
paint,15983713.2516,1.0465000011,1
pointer_move,15983712.7915,1.61199999973,1
input_age_ms,15983720.721,0.00029999949038,0
draw_commands,15983720.9908,0.354799998924,0
end_draw,15983721.3457,0.549300000072,0
paint,15983720.9845,0.91059999913,1
pointer_move,15983720.7216,1.1911999993,1
input_age_ms,15983728.4775,0.000300001353025,0
draw_commands,15983728.7058,0.363099999726,0
end_draw,15983729.069,0.449699999765,0
paint,15983728.6999,0.818900000304,1
pointer_move,15983728.4783,1.05640000105,1
input_age_ms,15983736.2909,9.99998301268e-05,0
draw_commands,15983736.5556,0.340099999681,0
end_draw,15983736.8958,0.537900000811,0
paint,15983736.5514,0.882400000468,1
pointer_move,15983736.2913,1.15909999982,1
input_age_ms,15983744.3935,0.000199999660254,0
draw_commands,15983744.6832,0.341900000349,0
end_draw,15983745.0252,0.444599999115,0
paint,15983744.6782,0.791599998251,1
pointer_move,15983744.3939,1.09260000102,1
input_age_ms,15983752.396,9.99998301268e-05,0
draw_commands,15983752.6675,0.309499999508,0
end_draw,15983752.9771,0.5055999998,0
paint,15983752.663,0.819799998775,1
pointer_move,15983752.3964,1.10329999961,1
input_age_ms,15983760.4508,0.000399999320507,0
draw_commands,15983760.5056,0.40180000104,0
end_draw,15983760.9076,1.15110000037,0
paint,15983760.4985,1.56119999848,1
pointer_move,15983760.4515,1.64189999923,1
input_age_ms,15983768.6521,0.000699998810887,0
draw_commands,15983768.8071,1.02490000054,0
end_draw,15983769.8324,1.3105999995,0
paint,15983768.7981,2.34520000033,1
pointer_move,15983768.6535,2.53969999962,1
input_age_ms,15983776.6301,0.00119999982417,0
draw_commands,15983776.9488,0.636900000274,0
end_draw,15983777.5859,0.806500000879,0
paint,15983776.9393,1.45319999941,1
pointer_move,15983776.6319,1.79719999991,1
input_age_ms,15983784.4673,0.00029999949038,0
draw_commands,15983784.5955,0.350400000811,0
end_draw,15983784.9461,0.51090000011,0
paint,15983784.5877,0.86950000003,1
pointer_move,15983784.4677,1.00389999896,1
input_age_ms,15983792.6387,0.000300001353025,15
draw_commands,15983792.9455,0.338700000197,0
end_draw,15983793.2843,0.4589000009,0
paint,15983792.9394,0.803899999708,1
pointer_move,15983792.6396,1.15610000119,1
input_age_ms,15983800.271,0.000600000843406,0
draw_commands,15983800.3872,0.399499999359,0
end_draw,15983800.7869,0.769199999049,0
paint,15983800.3787,1.17750000022,1
pointer_move,15983800.2719,1.30470000021,1
input_age_ms,15983808.7987,0.000200001522899,0
draw_commands,15983808.8642,0.396800000221,0
end_draw,15983809.2612,0.644600000232,0
paint,15983808.8552,1.05069999956,1
pointer_move,15983808.7992,1.12889999896,1
input_age_ms,15983816.2279,0.000399999320507,0
draw_commands,15983816.2923,0.408599998802,0
end_draw,15983816.7011,0.586100000888,0
paint,15983816.2854,1.0019000005,1
pointer_move,15983816.2288,1.07609999925,1
input_age_ms,15983824.3335,0.000400001183152,0
draw_commands,15983824.427,0.440900001675,0
end_draw,15983824.868,0.771499998868,0
paint,15983824.4172,1.22240000032,1
pointer_move,15983824.3344,1.33139999956,1
input_age_ms,15983832.3346,0.00109999999404,0
draw_commands,15983832.4408,0.482799999416,0
end_draw,15983832.9237,0.779600000009,0
paint,15983832.4223,1.28110000119,1
pointer_move,15983832.3368,1.38849999942,1
input_age_ms,15983840.2386,0.000399999320507,0
draw_commands,15983840.299,0.416699999943,0
end_draw,15983840.7158,0.776499999687,0
paint,15983840.2902,1.20219999924,1
pointer_move,15983840.2395,1.29130000062,1
input_age_ms,15983848.4299,0.000900000333786,0
draw_commands,15983848.7439,0.361000001431,0
end_draw,15983849.105,0.625399999321,0
paint,15983848.7373,0.993200000376,1
pointer_move,15983848.4313,1.31560000032,1
input_age_ms,15983856.455,0.000399999320507,0
draw_commands,15983856.6683,0.4234000016,0
end_draw,15983857.0918,0.624099999666,0
paint,15983856.6598,1.05629999936,1
pointer_move,15983856.4561,1.28160000034,1
input_age_ms,15983864.4027,0.000199999660254,0
draw_commands,15983864.5252,0.40190000087,0
end_draw,15983864.9273,0.607400000095,0
paint,15983864.517,1.01769999973,1
pointer_move,15983864.4034,1.14859999903,1
input_age_ms,15983872.3248,0.000800000503659,0
draw_commands,15983872.3974,0.404200000688,0
end_draw,15983872.8017,0.524800000712,0
paint,15983872.3895,0.93730000034,1
pointer_move,15983872.3263,1.01640000008,1
input_age_ms,15983880.1976,0.000199999660254,0
draw_commands,15983880.2575,0.354599999264,0
end_draw,15983880.6122,0.461900001392,0
paint,15983880.2518,0.822399999946,1
pointer_move,15983880.1986,0.89110000059,1
input_age_ms,15983888.1406,9.99998301268e-05,0
draw_commands,15983888.1871,0.315299998969,0
end_draw,15983888.5025,0.385099999607,0
paint,15983888.1842,0.70350000076,1
pointer_move,15983888.1409,0.760799998417,1
input_age_ms,15983896.4767,0.000499999150634,0
draw_commands,15983896.5706,0.53780000098,0
end_draw,15983897.1085,0.905600000173,0
paint,15983896.5659,1.44840000011,1
pointer_move,15983896.4776,1.56389999948,1
input_age_ms,15983904.3754,0.000300001353025,0
draw_commands,15983904.4757,0.402599999681,0
end_draw,15983904.8784,0.550200000405,0
paint,15983904.4655,0.963499998674,1
pointer_move,15983904.3761,1.07440000027,1
input_age_ms,15983912.2509,0.000499999150634,0
draw_commands,15983912.3136,0.466099999845,0
end_draw,15983912.7799,0.664300000295,0
paint,15983912.3075,1.13680000044,1
pointer_move,15983912.2519,1.21079999954,1
input_age_ms,15983920.2382,0.000199999660254,0
draw_commands,15983920.3247,0.330700000748,0
end_draw,15983920.6555,0.521399999037,0
paint,15983920.3199,0.857400000095,1
pointer_move,15983920.2387,0.956599999219,1
input_age_ms,15983928.28,0.000500001013279,0
draw_commands,15983928.4402,0.405500000343,0
end_draw,15983928.8459,0.678700000048,0
paint,15983928.4315,1.09339999966,1
pointer_move,15983928.2811,1.26380000077,1
input_age_ms,15983936.2181,0.00029999949038,0
draw_commands,15983936.2752,0.349400000647,0
end_draw,15983936.6247,0.444699998945,0
paint,15983936.2699,0.799599999562,1
pointer_move,15983936.2188,0.865899998695,1
input_age_ms,15983944.2205,0.000199999660254,0
draw_commands,15983944.2763,0.368799999356,0
end_draw,15983944.6452,0.475700000301,0
paint,15983944.2719,0.849199999124,1
pointer_move,15983944.221,0.916899999604,1
input_age_ms,15983952.1403,0.000199999660254,0
draw_commands,15983952.1921,0.325899999589,0
end_draw,15983952.5181,0.447899999097,0
paint,15983952.1882,0.777899999171,1
pointer_move,15983952.1407,0.839999999851,1
input_age_ms,15983960.1449,0.000199999660254,0
draw_commands,15983960.2097,0.410400001332,0
end_draw,15983960.6203,0.742699999362,0
paint,15983960.2048,1.15890000015,1
pointer_move,15983960.1454,1.24219999835,1
input_age_ms,15983968.7687,0.000600000843406,0
draw_commands,15983968.8544,0.453099999577,0
end_draw,15983969.3076,0.628199998289,0
paint,15983968.8419,1.09410000034,1
pointer_move,15983968.7702,1.18370000087,1
input_age_ms,15983976.5609,0.000199999660254,0
draw_commands,15983976.6237,0.394099999219,0
end_draw,15983977.0179,0.710599999875,0
paint,15983976.6164,1.11230000108,1
pointer_move,15983976.5614,1.1969000008,1
input_age_ms,15983984.3273,0.000300001353025,0
draw_commands,15983984.5718,0.347900001332,0
end_draw,15983984.9198,0.492000000551,0
paint,15983984.5642,0.847599999979,1
pointer_move,15983984.3278,1.09889999963,1
input_age_ms,15983992.4448,0.000599998980761,0
draw_commands,15983992.5431,0.392900001258,0
end_draw,15983992.9361,0.775599999353,0
paint,15983992.5301,1.18260000087,1
pointer_move,15983992.4461,1.30370000005,1
input_age_ms,15984000.2967,0.000199999660254,0
draw_commands,15984000.4991,0.337899999693,0
end_draw,15984000.8371,0.468900000677,0
paint,15984000.4942,0.811899999157,1
pointer_move,15984000.2972,1.02260000072,1
input_age_ms,15984008.3628,0.000399999320507,0
draw_commands,15984008.4355,0.423399999738,0
end_draw,15984008.8592,0.650899998844,0
paint,15984008.4278,1.08270000108,1
pointer_move,15984008.3635,1.17139999941,1
input_age_ms,15984016.2219,0.000700000673532,0
draw_commands,15984016.2789,0.381100000814,0
end_draw,15984016.6602,0.455299999565,0
paint,15984016.2742,0.841299999505,1
pointer_move,15984016.2232,0.908999999985,1
input_age_ms,15984024.0843,0.000199999660254,0
draw_commands,15984024.1385,0.318500000983,0
end_draw,15984024.4571,0.667299998924,0
paint,15984024.1348,0.989700000733,1
pointer_move,15984024.0848,1.06550000049,1
input_age_ms,15984032.2433,0.00029999949038,0
draw_commands,15984032.2978,0.363799998537,0
end_draw,15984032.6618,0.426199998707,0
paint,15984032.2937,0.794399999082,1
pointer_move,15984032.2441,0.8591999989,1
input_age_ms,15984040.126,0.000199999660254,0
draw_commands,15984040.1889,0.351200001314,0
end_draw,15984040.5403,0.513000000268,0
paint,15984040.1835,0.869800001383,1
pointer_move,15984040.1265,0.943600000814,1
input_age_ms,15984048.844,0.00119999982417,0
draw_commands,15984049.0918,1.43539999984,0
end_draw,15984050.5278,2.1232000012,0
paint,15984049.0827,3.56870000064,1
pointer_move,15984048.8462,4.46299999952,1
input_age_ms,15984056.7921,0.000600000843406,0
draw_commands,15984057.0879,0.893600000069,0
end_draw,15984057.9818,1.34950000048,0
paint,15984057.0789,2.25259999931,1
pointer_move,15984056.7935,2.58999999985,1
input_age_ms,15984064.9736,0.000499999150634,0
draw_commands,15984065.2695,0.825899999589,0
end_draw,15984066.0956,1.03959999979,0
paint,15984065.2574,1.87810000032,1
pointer_move,15984064.9747,2.21010000072,1
input_age_ms,15984072.3564,0.000399999320507,0
draw_commands,15984072.4313,0.470200000331,0
end_draw,15984072.902,0.593499999493,0
paint,15984072.4259,1.06970000081,1
pointer_move,15984072.3571,1.16069999896,1
input_age_ms,15984080.3015,0.000399999320507,0
draw_commands,15984080.3682,0.44280000031,0
end_draw,15984080.8111,0.760499998927,0
paint,15984080.3636,1.20819999836,1
pointer_move,15984080.3022,1.84860000014,1
input_age_ms,15984088.8312,0.000500001013279,0
draw_commands,15984088.9984,1.30489999987,0
end_draw,15984090.3038,1.71380000003,0
paint,15984088.9892,3.0289000012,1
pointer_move,15984088.8327,3.29690000042,1
input_age_ms,15984097.2002,0.000699998810887,0
draw_commands,15984098.0274,1.10190000013,0
end_draw,15984099.1296,1.46949999966,0
paint,15984098.0166,2.58280000091,1
pointer_move,15984097.2018,3.44710000046,1
input_age_ms,15984104.5681,0.00029999949038,0
draw_commands,15984104.7434,0.769400000572,0
end_draw,15984105.5131,0.901899999008,0
paint,15984104.735,1.68020000122,1
pointer_move,15984104.5691,1.88089999929,1
input_age_ms,15984112.4679,0.000499999150634,0
draw_commands,15984112.6726,0.56220000051,0
end_draw,15984113.2349,0.940100001171,0
paint,15984112.6634,1.51190000027,1
pointer_move,15984112.4689,1.78209999949,1
input_age_ms,15984120.2527,0.000400001183152,0
draw_commands,15984120.4289,0.437900001183,0
end_draw,15984120.867,0.56259999983,0
paint,15984120.4218,1.00789999962,1
pointer_move,15984120.2537,1.1921000015,1
input_age_ms,15984128.7202,0.000199999660254,0
draw_commands,15984128.9449,0.36969999969,0
end_draw,15984129.3147,0.490700000897,0
paint,15984128.9414,0.86409999989,1
pointer_move,15984128.7207,1.0998999998,1
input_age_ms,15984136.1404,0.000199999660254,0
draw_commands,15984136.1761,0.293999999762,0
end_draw,15984136.4703,0.327299999073,0
paint,15984136.1741,0.623600000516,1
pointer_move,15984136.1407,0.670400001109,1
input_age_ms,15984147.3474,0.000699998810887,0
draw_commands,15984147.7653,1.09219999984,0
end_draw,15984148.8578,1.21870000102,0
paint,15984147.7555,2.32120000012,1
pointer_move,15984147.3488,2.77610000037,1
input_age_ms,15984152.5592,0.00029999949038,0
draw_commands,15984152.6494,0.709900001064,0
end_draw,15984153.3596,0.790699999779,0
paint,15984152.6443,1.50609999895,1
pointer_move,15984152.5599,1.62369999848,1
input_age_ms,15984161.58,0.000800000503659,0
draw_commands,15984161.757,1.03490000032,0
end_draw,15984162.792,0.995100000873,0
paint,15984161.7481,2.03910000063,1
pointer_move,15984161.5818,2.24259999953,1
input_age_ms,15984168.407,0.000500001013279,0
draw_commands,15984168.5093,0.611700000241,0
end_draw,15984169.1212,0.833199998364,0
paint,15984168.5015,1.45300000161,1
pointer_move,15984168.4079,1.57499999925,1
input_age_ms,15984177.0136,0.000400001183152,0
draw_commands,15984177.6782,0.498699998483,0
end_draw,15984178.1772,0.736199999228,0
paint,15984177.6739,1.23959999904,1
pointer_move,15984177.0143,1.92280000076,1
input_age_ms,15984186.6494,0.000700000673532,0
draw_commands,15984186.9551,0.511800000444,0
end_draw,15984187.467,0.439500000328,0
paint,15984186.9455,0.961200000718,1
pointer_move,15984186.6514,1.26960000023,1
input_age_ms,15984192.4868,0.000700000673532,0
draw_commands,15984192.613,0.949999999255,0
end_draw,15984193.5632,0.778299998492,0
paint,15984192.5991,1.74250000156,1
pointer_move,15984192.4885,1.87239999883,1
input_age_ms,15984200.9582,0.000800000503659,0
draw_commands,15984201.1427,1.26910000108,0
end_draw,15984202.4123,1.43349999934,0
paint,15984201.1342,2.71190000139,1
pointer_move,15984200.9599,2.94880000129,1
input_age_ms,15984211.301,0.00109999999404,0
draw_commands,15984211.9497,1.17139999941,0
end_draw,15984213.1214,1.20659999922,0
paint,15984211.9395,2.38879999891,1
pointer_move,15984211.3034,3.35599999875,1
input_age_ms,15984217.5467,9.99998301268e-05,0
draw_commands,15984217.7591,0.313100000843,0
end_draw,15984218.0723,0.402899999171,0
paint,15984217.7569,0.718399999663,1
pointer_move,15984217.5471,0.941899999976,1
input_age_ms,15984224.8691,0.000899998471141,0
draw_commands,15984225.373,1.68769999966,0
end_draw,15984227.0612,1.44129999913,0
paint,15984225.3594,3.14350000024,1
pointer_move,15984224.8711,3.68840000033,1
input_age_ms,15984233.837,0.000500001013279,0
draw_commands,15984234.5114,0.755700001493,0
end_draw,15984235.2674,0.969299999997,0
paint,15984234.5011,1.73579999991,1
pointer_move,15984233.8381,2.4338000007,1
input_age_ms,15984240.4155,0.000499999150634,0
draw_commands,15984240.5122,0.607499999925,0
end_draw,15984241.12,1.04630000144,0
paint,15984240.5036,1.66310000047,1
pointer_move,15984240.4166,1.79810000025,1
input_age_ms,15984248.1533,0.000199999660254,0
draw_commands,15984248.2047,0.335299998522,0
end_draw,15984248.5401,0.459099998698,0
paint,15984248.2006,0.798699999228,1
pointer_move,15984248.1538,0.859899999574,1
input_age_ms,15984256.7775,0.000600000843406,0
draw_commands,15984257.0172,1.44189999998,0
end_draw,15984258.4596,1.9514000006,0
paint,15984257.0041,3.40739999898,1
pointer_move,15984256.779,3.83130000159,1
input_age_ms,15984265.7,0.000700000673532,0
draw_commands,15984268.5261,0.694900000468,0
end_draw,15984269.2213,1.22519999929,0
paint,15984268.5173,1.92960000038,1
pointer_move,15984265.7013,4.78959999979,1
input_age_ms,15984272.5652,0.000600000843406,0
draw_commands,15984272.7971,0.567199999467,0
end_draw,15984273.3645,0.913399999961,0
paint,15984272.7907,1.48740000091,1
pointer_move,15984272.5666,1.74469999969,1
input_age_ms,15984280.2927,0.000399999320507,0
draw_commands,15984280.3854,0.511500000954,0
end_draw,15984280.8971,0.763299999759,0
paint,15984280.3768,1.28369999863,1
pointer_move,15984280.294,1.39169999957,1
input_age_ms,15984288.6757,0.000600000843406,0
draw_commands,15984288.7992,0.960200000554,0
end_draw,15984289.7598,1.13519999944,0
paint,15984288.7892,2.10610000044,1
pointer_move,15984288.6769,2.26370000094,1
input_age_ms,15984296.4102,0.000500001013279,0
draw_commands,15984296.5299,0.75510000065,0
end_draw,15984297.2853,0.866700001061,0
paint,15984296.5233,1.628800001,1
pointer_move,15984296.4112,1.77539999969,1
input_age_ms,15984304.4284,0.000499999150634,0
draw_commands,15984304.5739,0.709400000051,0
end_draw,15984305.2835,0.82890000008,0
paint,15984304.5672,1.54540000111,1
pointer_move,15984304.4294,1.71619999968,1
input_age_ms,15984312.9434,0.000900000333786,0
draw_commands,15984313.2488,1.33139999956,0
end_draw,15984314.5806,1.83069999889,0
paint,15984313.2251,3.18670000136,1
pointer_move,15984312.9453,3.81909999996,1
input_age_ms,15984321.6789,0.000800000503659,0
draw_commands,15984322.0046,0.95350000076,0
end_draw,15984322.9585,1.30030000024,0
paint,15984321.9943,2.26479999907,1
pointer_move,15984321.6807,2.62459999882,1
input_age_ms,15984328.919,0.000600000843406,0
draw_commands,15984329.8338,0.717700000852,0
end_draw,15984330.5518,0.799000000581,0
paint,15984329.8264,1.52459999919,1
pointer_move,15984328.9204,2.46420000121,1
input_age_ms,15984336.3692,0.000399999320507,0
draw_commands,15984336.6049,0.569099999964,0
end_draw,15984337.1742,0.675200000405,0
paint,15984336.5969,1.252700001,1
pointer_move,15984336.3704,1.50100000016,1
input_age_ms,15984344.4177,0.00029999949038,0
draw_commands,15984344.5122,0.55709999986,0
end_draw,15984345.0695,0.685700001195,0
paint,15984344.5076,1.24770000018,1
pointer_move,15984344.4184,1.36180000007,1
input_age_ms,15984352.2136,0.00029999949038,0
draw_commands,15984352.2805,0.394099999219,0
end_draw,15984352.6748,0.543400000781,0
paint,15984352.2754,0.94280000031,1
pointer_move,15984352.2142,1.02089999989,1
input_age_ms,15984360.2459,0.000300001353025,0
draw_commands,15984360.3644,0.354500001296,0
end_draw,15984360.7191,0.435999998823,0
paint,15984360.3596,0.795600000769,1
pointer_move,15984360.2464,0.923899998888,1
input_age_ms,15984368.785,0.000800000503659,0
draw_commands,15984368.9701,1.3432,0
end_draw,15984370.3138,1.5008000005,0
paint,15984368.9606,2.85429999977,1
pointer_move,15984368.7869,3.09189999849,1
input_age_ms,15984376.9479,0.00109999999404,0
draw_commands,15984377.197,1.6099999994,0
end_draw,15984378.8073,1.18610000052,0
paint,15984377.1838,2.80989999883,1
pointer_move,15984376.9502,3.16949999891,1
input_age_ms,15984384.5807,0.000499999150634,0
draw_commands,15984384.7503,0.83370000124,0
end_draw,15984385.5843,1.04539999925,0
paint,15984384.727,1.90300000086,1
pointer_move,15984384.5819,2.08499999903,1
input_age_ms,15984392.3026,0.000700000673532,0
draw_commands,15984392.3794,0.535299999639,0
end_draw,15984392.9149,1.08480000123,0
paint,15984392.3667,1.63320000097,1
pointer_move,15984392.304,1.73280000128,1
input_age_ms,15984400.2467,0.00029999949038,0
draw_commands,15984400.3108,0.373000001535,0
end_draw,15984400.6839,0.549300000072,0
paint,15984400.3036,0.929600000381,1
pointer_move,15984400.2475,1.00169999897,1
input_age_ms,15984408.3618,0.000199999660254,0
draw_commands,15984408.433,0.499199999496,0
end_draw,15984408.9322,0.754100000486,0
paint,15984408.4239,1.26279999875,1
pointer_move,15984408.3623,1.34810000099,1
input_age_ms,15984416.2699,0.000400001183152,0
draw_commands,15984416.3201,0.359300000593,0
end_draw,15984416.6796,0.450400000438,0
paint,15984416.3166,0.813400000334,1
pointer_move,15984416.2706,0.873700000346,1
input_age_ms,15984425.1396,0.000700000673532,0
draw_commands,15984425.4326,1.35559999943,0
end_draw,15984426.7887,2.08740000054,0
paint,15984425.4196,3.45739999972,1
pointer_move,15984425.1414,4.45800000057,1
input_age_ms,15984433.1756,0.000900000333786,16
draw_commands,15984433.379,1.49399999902,0
end_draw,15984434.8734,3.97279999964,0
paint,15984433.3654,5.48180000111,1
pointer_move,15984433.1774,6.37969999947,1
input_age_ms,15984442.4769,0.000800000503659,0
draw_commands,15984442.8764,1.76600000076,0
end_draw,15984444.6429,1.75850000046,0
paint,15984442.8598,3.54220000096,1
pointer_move,15984442.4791,3.99410000071,1
input_age_ms,15984449.0374,0.00109999999404,15
draw_commands,15984449.3908,1.30290000141,0
end_draw,15984450.6942,1.7965000011,0
paint,15984449.3811,3.1099999994,1
pointer_move,15984449.0397,3.70560000092,1
input_age_ms,15984457.7023,0.000800000503659,0
draw_commands,15984458.3761,1.59979999997,0
end_draw,15984459.9763,1.81689999998,0
paint,15984458.3635,3.4299999997,1
pointer_move,15984457.7043,4.16080000065,1
input_age_ms,15984464.8894,0.00100000016391,16
draw_commands,15984465.0647,1.53720000014,0
end_draw,15984466.6025,1.64420000091,0
paint,15984465.0532,3.19389999844,1
pointer_move,15984464.8918,3.52390000038,1
input_age_ms,15984473.4314,0.000800000503659,0
draw_commands,15984473.7042,0.985200000927,0
end_draw,15984474.6898,1.80990000069,0
paint,15984473.6939,2.80619999953,1
pointer_move,15984473.4332,3.11280000024,1
input_age_ms,15984480.4895,0.000600000843406,16
draw_commands,15984480.6877,0.797500001267,0
end_draw,15984481.4855,0.923499999568,0
paint,15984480.675,1.73479999974,1
pointer_move,15984480.4909,1.9590999987,1
input_age_ms,15984488.1904,0.000399999320507,0
draw_commands,15984488.2871,0.375599998981,0
end_draw,15984488.6628,0.492400001734,0
paint,15984488.281,0.874300001189,1
pointer_move,15984488.1912,0.978500001132,1
input_age_ms,15984496.1598,0.000599998980761,0
draw_commands,15984496.2197,0.340800000355,0
end_draw,15984496.5606,0.462100001052,0
paint,15984496.2158,0.80709999986,1
pointer_move,15984496.1607,0.876799998805,1
input_age_ms,15984504.22,0.000599998980761,0
draw_commands,15984504.3071,0.41039999947,0
end_draw,15984504.7176,0.514400001615,0
paint,15984504.2949,0.93740000017,1
pointer_move,15984504.2211,1.02929999866,1
input_age_ms,15984512.298,0.000399999320507,0
draw_commands,15984512.3945,0.437899999321,0
end_draw,15984512.8327,0.645400000736,0
paint,15984512.3844,1.09379999898,1
pointer_move,15984512.2988,1.19859999977,1
input_age_ms,15984520.1891,0.000200001522899,0
draw_commands,15984520.2395,0.352100001648,0
end_draw,15984520.5917,0.441800000146,0
paint,15984520.2344,0.799200000241,1
pointer_move,15984520.1897,0.858200000599,1
input_age_ms,15984528.2698,0.000199999660254,0
draw_commands,15984528.4591,0.344499999657,0
end_draw,15984528.8037,0.441899999976,0
paint,15984528.4543,0.791400000453,1
pointer_move,15984528.2703,0.989799998701,1
input_age_ms,15984536.211,0.000200001522899,0
draw_commands,15984536.2707,0.330900000408,0
end_draw,15984536.6017,0.483199998736,0
paint,15984536.2654,0.819499999285,1
pointer_move,15984536.2115,0.888000000268,1
input_age_ms,15984544.3267,0.00029999949038,0
draw_commands,15984544.3932,0.408699998632,0
end_draw,15984544.802,0.451200000942,0
paint,15984544.3864,0.866900000721,1
pointer_move,15984544.3273,0.941800000146,1
input_age_ms,15984552.1994,0.00029999949038,0
draw_commands,15984552.248,0.325600000098,0
end_draw,15984552.5737,0.407999999821,0
paint,15984552.2446,0.737199999392,1
pointer_move,15984552.2,0.795400001109,1
input_age_ms,15984560.8293,0.000800000503659,0
draw_commands,15984561.0344,1.37609999999,0
end_draw,15984562.411,2.34400000051,0
paint,15984561.0226,3.73299999908,1
pointer_move,15984560.8309,5.059799999,1
input_age_ms,15984569.9867,0.00119999982417,0
draw_commands,15984570.8175,1.24209999852,0
end_draw,15984572.0601,1.50320000015,0
paint,15984570.8067,2.75689999945,1
pointer_move,15984569.9892,3.64330000058,1
input_age_ms,15984577.0259,0.000899998471141,0
draw_commands,15984577.2648,1.70660000108,0
end_draw,15984578.9718,1.87530000135,0
paint,15984577.2528,3.59489999898,1
pointer_move,15984577.0281,4.37820000015,1
input_age_ms,15984585.0597,0.000800000503659,0
draw_commands,15984585.3013,1.52339999937,0
end_draw,15984586.8253,1.5998999998,0
paint,15984585.2888,3.13670000061,1
pointer_move,15984585.0625,3.43150000088,1
input_age_ms,15984592.8172,0.000900000333786,0
draw_commands,15984593.0212,1.84450000152,0
end_draw,15984594.8661,1.82789999992,0
paint,15984593.0074,3.68730000034,1
pointer_move,15984592.8193,3.97220000066,1
input_age_ms,15984600.98,0.00100000016391,0
draw_commands,15984601.2605,1.54729999974,0
end_draw,15984602.8082,2.82860000059,0
paint,15984601.2474,4.38999999873,1
pointer_move,15984600.9823,4.72910000011,1
input_age_ms,15984609.2615,0.00100000016391,0
draw_commands,15984609.9911,1.47699999996,0
end_draw,15984611.4687,2.04560000077,0
paint,15984609.9757,3.5393000003,1
pointer_move,15984609.264,4.30949999951,1
input_age_ms,15984744.1957,0.000300001353025,0
draw_commands,15984744.3426,0.330400001258,0
end_draw,15984744.6731,0.598500000313,0
paint,15984744.3383,0.933399999514,1
pointer_move,15984744.1964,1.09410000034,1
draw_commands,15984752.8441,0.321299999952,0
end_draw,15984753.1655,0.484200000763,0
paint,15984752.8392,0.810600001365,1
pointer_move,15984752.7146,0.950500000268,1
draw_commands,15984754.8572,0.450799999759,0
end_draw,15984755.3081,3.43359999917,0
paint,15984754.8554,3.88680000044,2
input_age_ms,15984760.4528,0.000499999150634,0
pointer_move,15984760.4538,0.0077999997884,2
draw_commands,15984760.5169,0.57870000042,0
end_draw,15984761.0957,2.50500000082,0
paint,15984760.5096,3.09139999934,2
input_age_ms,15984874.7402,0.000800000503659,0
pointer_move,15984874.7417,0.0379000008106,2
draw_commands,15984875.3611,2.43329999968,0
end_draw,15984877.7949,2.96790000051,0
paint,15984875.3478,5.41559999995,2
input_age_ms,15984882.2122,0.000599998980761,0
pointer_move,15984882.2136,0.0583999995142,2
draw_commands,15984882.5205,1.90359999985,0
end_draw,15984884.4246,2.81760000065,0
paint,15984882.5104,4.7321000006,2
input_age_ms,15984892.4649,0.000900000333786,0
pointer_move,15984892.4667,0.0498999990523,2
draw_commands,15984892.8226,2.0307,0
end_draw,15984894.8539,2.46559999883,0
paint,15984892.809,4.51090000011,2
input_age_ms,15984898.0004,0.000600000843406,0
pointer_move,15984898.0016,0.0427000001073,2
draw_commands,15984898.2418,1.38119999878,0
end_draw,15984899.6236,1.60840000026,0
paint,15984898.2328,2.99950000085,2
input_age_ms,15984905.5097,0.000399999320507,0
pointer_move,15984905.5105,0.0852999985218,2
draw_commands,15984905.7045,0.629099998623,0
end_draw,15984906.3337,0.834900001064,0
paint,15984905.6973,1.47140000015,2
input_age_ms,15984912.5458,0.000599998980761,0
pointer_move,15984912.5467,0.0133999995887,2
draw_commands,15984912.6504,0.481100000441,0
end_draw,15984913.1316,0.971000000834,0
paint,15984912.6448,1.45830000006,2
input_age_ms,15984920.4901,0.00029999949038,0
pointer_move,15984920.4906,0.0104000009596,2
draw_commands,15984920.6001,0.491200000048,0
end_draw,15984921.0913,1.13670000061,0
paint,15984920.5951,1.63299999945,2
input_age_ms,15984929.1595,0.000500001013279,0
pointer_move,15984929.1605,0.0133000016212,2
draw_commands,15984929.2954,0.654699999839,0
end_draw,15984929.9502,0.982899999246,0
paint,15984929.2832,1.64990000054,2
input_age_ms,15984937.9394,0.000699998810887,0
pointer_move,15984937.9409,0.0328000001609,2
draw_commands,15984938.2318,1.34200000018,0
end_draw,15984939.5741,1.61319999956,0
paint,15984938.2216,2.96590000018,2
input_age_ms,15984945.1185,0.000600000843406,0
pointer_move,15984945.1197,0.0362999998033,2
draw_commands,15984945.2889,0.856100000441,0
end_draw,15984946.1452,1.1427000016,0
paint,15984945.2835,2.00459999964,2
input_age_ms,15984953.0233,0.000400001183152,0
pointer_move,15984953.024,0.0978999994695,2
draw_commands,15984953.4713,0.508999999613,0
end_draw,15984953.9804,0.786700000986,0
paint,15984953.4642,1.30300000124,2
input_age_ms,15984960.6254,0.000300001353025,0
pointer_move,15984960.6263,0.0170000009239,2
draw_commands,15984960.7484,0.476299999282,0
end_draw,15984961.2248,0.688100000843,0
paint,15984960.7438,1.16920000128,2
input_age_ms,15984968.9497,0.000700000673532,0
pointer_move,15984968.9508,0.0138000007719,2
draw_commands,15984969.0517,0.785500001162,0
end_draw,15984969.8373,1.0148999989,0
paint,15984969.0419,1.81049999967,2
input_age_ms,15984976.9294,0.00029999949038,0
pointer_move,15984976.93,0.0153000000864,2
draw_commands,15984977.019,0.514200000092,0
end_draw,15984977.5332,0.861300000921,0
paint,15984977.0105,1.38409999944,2
input_age_ms,15984984.7246,0.000199999660254,0
pointer_move,15984984.7251,0.018200000748,2
draw_commands,15984984.8489,0.581399999559,0
end_draw,15984985.4304,1.06219999865,0
paint,15984984.8419,1.65079999901,2
input_age_ms,15984993.2077,0.000400001183152,0
pointer_move,15984993.2083,0.00950000062585,2
draw_commands,15984993.288,0.532800000161,0
end_draw,15984993.8209,0.740599999204,0
paint,15984993.2816,1.28009999916,2
input_age_ms,15985001.1258,0.00029999949038,0
pointer_move,15985001.1266,0.0154000017792,2
draw_commands,15985001.3078,0.597599999979,0
end_draw,15985001.9056,0.875599998981,0
paint,15985001.2986,1.48280000128,2
input_age_ms,15985011.1168,0.000899998471141,16
pointer_move,15985011.1185,0.0636999998242,2
draw_commands,15985011.5473,1.88910000026,0
end_draw,15985013.4369,3.3796000015,0
paint,15985011.535,5.28229999915,2
input_age_ms,15985019.5756,0.000599998980761,0
pointer_move,15985019.5771,0.348500000313,2
draw_commands,15985020.6537,1.35570000112,0
end_draw,15985022.0097,1.83909999952,0
paint,15985020.6442,3.20479999855,2
input_age_ms,15985025.7864,0.000600000843406,0
pointer_move,15985025.7874,0.012800000608,2
draw_commands,15985025.9396,1.3518000003,0
end_draw,15985027.2916,2.58320000023,0
paint,15985025.93,3.94519999996,2
input_age_ms,15985033.0346,0.000199999660254,0
pointer_move,15985033.0351,0.0473999995738,2
draw_commands,15985033.1841,0.483099998906,0
end_draw,15985033.6673,0.74489999935,0
paint,15985033.1774,1.23489999957,2
input_age_ms,15985040.4878,0.000199999660254,0
pointer_move,15985040.4881,0.00879999995232,2
draw_commands,15985040.5424,0.423899998888,0
end_draw,15985040.9664,0.704099999741,0
paint,15985040.5407,1.12990000099,2
draw_commands,15985185.2503,0.461500000209,0
end_draw,15985185.7119,1.26510000043,0
paint,15985185.2449,1.73230000027,2
input_age_ms,15985232.0904,0.000300001353025,0
draw_commands,15985232.1316,0.460799999535,0
end_draw,15985232.5925,0.683600001037,0
paint,15985232.1261,1.15000000037,2
pointer_move,15985232.0909,1.20019999892,2
input_age_ms,15985240.2887,0.000199999660254,0
draw_commands,15985240.5092,0.449400000274,0
end_draw,15985240.9587,0.986800000072,0
paint,15985240.5034,1.4422999993,2
pointer_move,15985240.2893,1.68759999983,2
input_age_ms,15985249.371,0.000700000673532,0
draw_commands,15985249.7596,0.485799999908,0
end_draw,15985250.2456,0.731399999931,0
paint,15985249.7547,1.22230000049,2
pointer_move,15985249.3722,1.62010000087,2
input_age_ms,15985256.3026,0.000199999660254,0
draw_commands,15985256.5389,0.452400000766,0
end_draw,15985256.9914,0.685399999842,0
paint,15985256.5373,1.13959999941,2
pointer_move,15985256.303,1.39070000127,2
input_age_ms,15985264.4208,0.00029999949038,0
draw_commands,15985264.6404,0.571699999273,0
end_draw,15985265.2122,0.942099999636,0
paint,15985264.6343,1.52020000108,2
pointer_move,15985264.4214,1.74930000119,2
input_age_ms,15985272.3709,0.000300001353025,0
draw_commands,15985272.5942,0.452800000086,0
end_draw,15985273.0472,0.68769999966,0
paint,15985272.5897,1.14519999921,2
pointer_move,15985272.3714,1.37849999964,2
input_age_ms,15985281.6577,0.000399999320507,0
draw_commands,15985281.8061,0.485700000077,0
end_draw,15985282.2919,0.686000000685,0
paint,15985281.8009,1.1771000009,2
pointer_move,15985281.6583,1.33449999988,2
input_age_ms,15985288.2794,0.000199999660254,0
draw_commands,15985288.3515,0.436499999836,0
end_draw,15985288.7881,0.648399999365,0
paint,15985288.3484,1.08819999918,2
pointer_move,15985288.2798,1.17109999992,2
input_age_ms,15985299.781,0.000199999660254,0
draw_commands,15985299.928,0.472100000829,0
end_draw,15985300.4002,0.793800000101,0
paint,15985299.9221,1.27209999971,2
pointer_move,15985299.7816,1.43280000053,2
input_age_ms,15985304.4094,0.000400001183152,0
draw_commands,15985304.5988,0.472300000489,0
end_draw,15985305.0712,0.702500000596,0
paint,15985304.5918,1.1819000002,2
pointer_move,15985304.4101,1.37800000049,2
input_age_ms,15985313.4846,0.00029999949038,0
draw_commands,15985313.7772,0.515599999577,0
end_draw,15985314.2929,0.737600000575,0
paint,15985313.7707,1.25989999995,2
pointer_move,15985313.4852,1.56109999865,2
input_age_ms,15985320.3292,0.000400001183152,0
draw_commands,15985320.5681,0.449500000104,0
end_draw,15985321.0177,0.683100000024,0
paint,15985320.5645,1.13639999926,2
pointer_move,15985320.3299,1.38709999993,2
input_age_ms,15985329.1936,0.000599998980761,0
draw_commands,15985329.4582,0.550799999386,0
end_draw,15985330.0091,0.813799999654,0
paint,15985329.449,1.3740000017,2
pointer_move,15985329.1949,1.64419999905,2
input_age_ms,15985337.0407,0.000600000843406,0
draw_commands,15985337.4958,1.80650000088,0
end_draw,15985339.3028,2.77470000088,0
paint,15985337.4867,4.59129999951,2
pointer_move,15985337.0424,5.11459999904,2
input_age_ms,15985345.99,0.00119999982417,0
draw_commands,15985346.7024,1.43489999883,0
end_draw,15985348.1376,2.05660000071,0
paint,15985346.6918,3.50269999914,2
pointer_move,15985345.9923,4.24120000005,2
input_age_ms,15985352.6153,0.000400001183152,0
draw_commands,15985352.8716,0.995999999344,0
end_draw,15985353.8678,1.39890000038,0
paint,15985352.8656,2.40130000003,2
pointer_move,15985352.6163,2.67740000039,2
input_age_ms,15985360.9169,0.000500001013279,0
draw_commands,15985361.2793,0.742699999362,0
end_draw,15985362.0222,1.04270000011,0
paint,15985361.2745,1.79050000012,2
pointer_move,15985360.9179,2.17109999992,2
input_age_ms,15985368.4938,0.000200001522899,0
draw_commands,15985368.7156,0.587899999693,0
end_draw,15985369.3037,0.850199999288,0
paint,15985368.7119,1.44209999964,2
pointer_move,15985368.4944,1.67909999937,2
input_age_ms,15985376.5253,0.000199999660254,0
draw_commands,15985376.78,0.488400001079,0
end_draw,15985377.2685,0.775499999523,0
paint,15985376.7733,1.27099999972,2
pointer_move,15985376.5263,1.5362999998,2
input_age_ms,15985384.3423,0.000199999660254,0
draw_commands,15985384.5509,0.49990000017,0
end_draw,15985385.0509,0.791699999943,0
paint,15985384.5444,1.29830000177,2
pointer_move,15985384.3428,1.51609999873,2
input_age_ms,15985392.5768,0.00029999949038,0
draw_commands,15985392.7966,0.482200000435,0
end_draw,15985393.2789,0.842700000852,0
paint,15985392.7906,1.33110000007,2
pointer_move,15985392.5773,1.56460000016,2
input_age_ms,15985400.3785,0.000199999660254,0
draw_commands,15985400.5819,0.466000000015,0
end_draw,15985401.048,0.702899999917,0
paint,15985400.577,1.17400000058,2
pointer_move,15985400.3793,1.38590000011,2
input_age_ms,15985408.434,0.000399999320507,0
draw_commands,15985408.4989,0.565199999139,0
end_draw,15985409.0642,0.809699999169,0
paint,15985408.4926,1.3814000003,2
pointer_move,15985408.4347,1.4626000002,2
input_age_ms,15985416.2319,0.000200001522899,0
draw_commands,15985416.3499,0.449799999595,0
end_draw,15985416.7998,0.658100001514,0
paint,15985416.3471,1.11079999991,2
pointer_move,15985416.2325,1.23900000006,2
input_age_ms,15985424.3172,0.000199999660254,0
draw_commands,15985424.5542,0.567000001669,0
end_draw,15985425.1213,0.970699999481,0
paint,15985424.5497,1.54260000028,2
pointer_move,15985424.3177,1.79829999991,2
input_age_ms,15985432.3303,0.000300001353025,16
draw_commands,15985432.5508,0.471499999985,0
end_draw,15985433.0224,0.715700000525,0
paint,15985432.5442,1.19400000013,2
pointer_move,15985432.3311,1.42129999958,2
input_age_ms,15985448.3351,0.000199999660254,15
draw_commands,15985448.5384,0.447499999776,0
end_draw,15985448.986,0.656000001356,0
paint,15985448.5349,1.10720000044,2
pointer_move,15985448.3355,1.32049999945,2
input_age_ms,15985456.3101,0.000199999660254,0
draw_commands,15985456.5369,0.46789999865,0
end_draw,15985457.0049,0.750800000504,0
paint,15985456.5318,1.22399999946,2
pointer_move,15985456.3106,1.46090000123,2
input_age_ms,15985472.3524,0.000200001522899,0
draw_commands,15985472.5973,0.452899999917,0
end_draw,15985473.0503,0.727900000289,0
paint,15985472.592,1.18630000018,2
pointer_move,15985472.3529,1.43979999982,2
input_age_ms,15985512.5737,0.000700000673532,0
draw_commands,15985512.7315,0.454199999571,0
end_draw,15985513.1858,0.784200001508,0
paint,15985512.7265,1.2435999997,2
pointer_move,15985512.5746,1.53209999949,2
input_age_ms,15985520.303,0.000600000843406,0
draw_commands,15985520.5412,0.457299999893,0
end_draw,15985520.9986,0.725800000131,0
paint,15985520.5362,1.18820000067,2
pointer_move,15985520.3039,1.4366999995,2
input_age_ms,15985528.7571,0.000200001522899,0
draw_commands,15985528.8581,0.536199999973,0
end_draw,15985529.3948,1.02080000006,0
paint,15985528.8528,1.56309999898,2
pointer_move,15985528.7576,1.67840000056,2
input_age_ms,15985536.3375,0.000199999660254,0
draw_commands,15985536.4053,0.457200000063,0
end_draw,15985536.8626,0.637899998575,0
paint,15985536.4011,1.09950000048,2
pointer_move,15985536.338,1.17779999971,2
input_age_ms,15985544.7624,0.000500001013279,0
draw_commands,15985544.8747,0.491699999198,0
end_draw,15985545.3664,1.21110000089,0
paint,15985544.8708,1.70680000074,2
pointer_move,15985544.7633,1.83249999955,2
input_age_ms,15985552.3111,0.00029999949038,0
draw_commands,15985552.5495,0.479399999604,0
end_draw,15985553.0292,0.719099998474,0
paint,15985552.5437,1.20470000058,2
pointer_move,15985552.3119,1.45560000092,2
input_age_ms,15985560.4387,0.00029999949038,0
draw_commands,15985560.7916,0.570100000128,0
end_draw,15985561.3619,1.13859999925,0
paint,15985560.7867,1.71440000087,2
pointer_move,15985560.4398,2.08620000072,2
input_age_ms,15985568.3477,0.00029999949038,0
draw_commands,15985568.5798,0.467499999329,0
end_draw,15985569.0474,0.726700000465,0
paint,15985568.5741,1.19999999925,2
pointer_move,15985568.3484,1.4411999993,2
input_age_ms,15985576.2803,0.00029999949038,0
draw_commands,15985576.3452,0.545700000599,0
end_draw,15985576.8911,0.855200000107,0
paint,15985576.339,1.4076000005,2
pointer_move,15985576.2809,1.49930000119,2
input_age_ms,15985584.3428,0.000199999660254,0
draw_commands,15985584.5628,0.482000000775,0
end_draw,15985585.0449,0.699100000784,0
paint,15985584.5588,1.18530000001,2
pointer_move,15985584.3433,1.4151000008,2
input_age_ms,15985592.1822,0.000199999660254,0
draw_commands,15985592.2442,0.534799998626,0
end_draw,15985592.7793,1.11809999868,0
paint,15985592.237,1.66070000082,2
pointer_move,15985592.1828,1.73859999888,2
input_age_ms,15985600.4055,0.00029999949038,0
draw_commands,15985600.6116,0.47319999896,0
end_draw,15985601.0849,0.741299999878,0
paint,15985600.6052,1.22110000066,2
pointer_move,15985600.4061,1.4375,2
input_age_ms,15985608.3921,0.000399999320507,0
draw_commands,15985608.5084,0.662399999797,0
end_draw,15985609.171,0.893500000238,0
paint,15985608.4997,1.56489999965,2
pointer_move,15985608.3928,1.69979999959,2
input_age_ms,15985616.3099,0.00029999949038,0
draw_commands,15985616.5201,0.485400000587,0
end_draw,15985617.0056,0.754499999806,0
paint,15985616.5143,1.24589999951,2
pointer_move,15985616.3105,1.46499999985,2
input_age_ms,15985624.2712,0.000200001522899,0
draw_commands,15985624.5028,0.560399999842,0
end_draw,15985625.0633,0.907599998638,0
paint,15985624.4977,1.47389999963,2
pointer_move,15985624.2717,1.72089999914,2
input_age_ms,15985632.3618,0.000199999660254,0
draw_commands,15985632.5975,0.459499999881,0
end_draw,15985633.0571,0.718100000173,0
paint,15985632.593,1.18229999952,2
pointer_move,15985632.3623,1.42769999988,2
input_age_ms,15985640.1685,0.000799998641014,0
draw_commands,15985640.2455,0.476199999452,0
end_draw,15985640.7218,0.952899999917,0
paint,15985640.2392,1.4357000012,2
pointer_move,15985640.1695,1.53439999931,2
input_age_ms,15985648.4043,0.00029999949038,0
draw_commands,15985648.645,0.521099999547,0
end_draw,15985649.1662,0.829399999231,0
paint,15985648.6366,1.35909999907,2
pointer_move,15985648.405,1.60680000111,2
input_age_ms,15985656.4872,0.000500001013279,0
draw_commands,15985656.7066,0.489500001073,0
end_draw,15985657.1962,0.892799999565,0
paint,15985656.7016,1.38749999925,2
pointer_move,15985656.4882,1.62990000099,2
input_age_ms,15985664.5783,0.000200001522899,0
draw_commands,15985664.9509,0.493200000376,0
end_draw,15985665.4442,2.5139000006,0
paint,15985664.9437,3.01469999924,2
pointer_move,15985664.5788,3.40259999968,2
input_age_ms,15985672.5929,0.000399999320507,0
draw_commands,15985672.7259,1.0390000008,0
end_draw,15985673.7653,1.72269999981,0
paint,15985672.7135,2.77489999868,2
pointer_move,15985672.5946,2.92940000072,2
input_age_ms,15985680.7292,0.000499999150634,0
draw_commands,15985681.0382,0.584899999201,0
end_draw,15985681.6232,1.24260000139,0
paint,15985681.0291,1.8367999997,2
pointer_move,15985680.7302,2.1623999998,2
input_age_ms,15985688.3802,0.000599998980761,0
draw_commands,15985688.4411,0.542899999768,0
end_draw,15985688.9841,1.00910000131,0
paint,15985688.4325,1.56080000103,2
pointer_move,15985688.3813,1.70490000024,2
input_age_ms,15985696.3181,0.00029999949038,0
draw_commands,15985696.5085,0.498399998993,0
end_draw,15985697.0069,0.893400000408,0
paint,15985696.504,1.39639999904,2
pointer_move,15985696.3188,1.59899999946,2
input_age_ms,15985704.2968,0.000499999150634,0
draw_commands,15985704.5962,0.49469999969,0
end_draw,15985705.091,0.786499999464,0
paint,15985704.5891,1.28839999996,2
pointer_move,15985704.2978,1.59750000015,2
input_age_ms,15985713.1344,0.00029999949038,0
draw_commands,15985713.5031,0.470499999821,0
end_draw,15985713.9738,1.06279999949,0
paint,15985713.4983,1.53839999996,2
pointer_move,15985713.135,1.95639999956,2
input_age_ms,15985720.2763,0.00029999949038,0
draw_commands,15985720.4681,0.495400000364,0
end_draw,15985720.9636,0.781700000167,0
paint,15985720.4601,1.28529999964,2
pointer_move,15985720.2769,1.48449999839,2
input_age_ms,15985728.5278,0.000900000333786,0
draw_commands,15985728.6704,0.602600000799,0
end_draw,15985729.2731,0.735600000247,0
paint,15985728.6598,1.34899999946,2
pointer_move,15985728.5294,1.52999999933,2
input_age_ms,15985736.2962,0.000700000673532,0
draw_commands,15985736.5871,0.489800000563,0
end_draw,15985737.077,0.853800000623,0
paint,15985736.5797,1.35119999945,2
pointer_move,15985736.2978,1.65469999984,2
input_age_ms,15985744.552,0.000300001353025,0
draw_commands,15985744.7506,0.551399998367,0
end_draw,15985745.3021,1.15479999967,0
paint,15985744.7409,1.71609999985,2
pointer_move,15985744.553,1.96410000138,2
input_age_ms,15985752.3056,0.00029999949038,0
draw_commands,15985752.5361,0.452600000426,0
end_draw,15985752.9888,0.729299999774,0
paint,15985752.5282,1.18999999948,2
pointer_move,15985752.3064,1.42600000091,2
input_age_ms,15985760.207,0.000399999320507,0
draw_commands,15985760.2755,0.565899999812,0
end_draw,15985760.8417,1.09519999847,0
paint,15985760.2716,1.66559999995,2
pointer_move,15985760.2079,1.76109999977,2
input_age_ms,15985768.4436,0.00029999949038,0
draw_commands,15985768.5732,0.520299999043,0
end_draw,15985769.0936,0.972300000489,0
paint,15985768.5647,1.50170000084,2
pointer_move,15985768.4443,1.6436999999,2
input_age_ms,15985776.39,0.000399999320507,0
draw_commands,15985776.4896,0.98949999921,0
end_draw,15985777.4794,0.92669999972,0
paint,15985776.4736,1.93280000053,2
pointer_move,15985776.3911,2.04639999941,2
input_age_ms,15985784.524,0.000399999320507,0
draw_commands,15985784.6946,0.495200000703,0
end_draw,15985785.1899,0.952600000426,0
paint,15985784.6885,1.45409999974,2
pointer_move,15985784.5248,1.64009999856,2
input_age_ms,15985792.5404,0.000800000503659,15
draw_commands,15985792.62,0.656200001016,0
end_draw,15985793.2763,1.41449999996,0
paint,15985792.6097,2.0811999999,2
pointer_move,15985792.5416,2.22670000046,2
input_age_ms,15985800.2264,0.000200001522899,0
draw_commands,15985800.4917,0.462700000033,0
end_draw,15985800.9546,2.43999999948,0
paint,15985800.4867,2.90799999982,2
pointer_move,15985800.2269,3.18280000053,2
input_age_ms,15985808.8625,0.000499999150634,0
draw_commands,15985808.9644,0.722299998626,0
end_draw,15985809.687,1.62379999831,0
paint,15985808.9456,2.36560000107,2
pointer_move,15985808.8635,2.57939999923,2
input_age_ms,15985816.2585,0.000399999320507,0
draw_commands,15985816.318,0.497999999672,0
end_draw,15985816.8161,0.949400000274,0
paint,15985816.3118,1.45380000025,2
pointer_move,15985816.2595,1.52209999971,2
input_age_ms,15985824.1489,0.00029999949038,0
draw_commands,15985824.2156,0.522900000215,0
end_draw,15985824.7386,1.94639999978,0
paint,15985824.2098,2.47610000148,2
pointer_move,15985824.1495,2.69030000083,2
input_age_ms,15985832.7309,0.000499999150634,0
draw_commands,15985832.8928,1.41160000116,0
end_draw,15985834.3048,1.62170000002,0
paint,15985832.8836,3.04309999943,2
pointer_move,15985832.7321,3.22879999876,2
input_age_ms,15985840.3161,0.000199999660254,0
draw_commands,15985840.3768,0.768699999899,0
end_draw,15985841.1458,2.11319999956,0
paint,15985840.3736,2.88629999943,2
pointer_move,15985840.3167,3.1445000004,2
input_age_ms,15985848.4093,0.000400001183152,0
draw_commands,15985848.4961,0.773400001228,0
end_draw,15985849.2697,1.02150000073,0
paint,15985848.488,1.80330000073,2
pointer_move,15985848.4101,1.90139999986,2
input_age_ms,15985856.2268,0.000199999660254,0
draw_commands,15985856.2763,0.51610000059,0
end_draw,15985856.7925,1.43059999868,0
paint,15985856.2735,1.94980000146,2
pointer_move,15985856.2276,2.02569999918,2
input_age_ms,15985864.3198,0.00029999949038,0
draw_commands,15985864.5597,0.530100001022,0
end_draw,15985865.09,0.912399999797,0
paint,15985864.5522,1.45089999959,2
pointer_move,15985864.3205,1.70200000145,2
input_age_ms,15985872.416,0.000400001183152,0
draw_commands,15985872.4761,0.488500000909,0
end_draw,15985872.9647,1.25729999878,0
paint,15985872.4696,1.75250000134,2
pointer_move,15985872.4168,1.82500000112,2
input_age_ms,15985880.3103,0.000199999660254,0
draw_commands,15985880.5193,0.491499999538,0
end_draw,15985881.0109,0.74489999935,0
paint,15985880.5147,1.24120000005,2
pointer_move,15985880.3114,1.45979999937,2
input_age_ms,15985888.2794,0.000499999150634,0
draw_commands,15985888.4481,0.466599998996,0
end_draw,15985888.9148,1.28749999963,0
paint,15985888.4437,1.75870000012,2
pointer_move,15985888.2807,2.02109999955,2
input_age_ms,15985896.2064,0.000300001353025,0
draw_commands,15985896.2756,0.525800000876,0
end_draw,15985896.8015,0.654400000349,0
paint,15985896.2705,1.18549999967,2
pointer_move,15985896.2074,1.26520000026,2
input_age_ms,15985904.6328,0.000600000843406,0
draw_commands,15985905.1675,1.02290000021,0
end_draw,15985906.1907,1.53879999928,0
paint,15985905.1594,2.57029999979,2
pointer_move,15985904.6344,3.13119999878,2
input_age_ms,15985912.4961,0.000400001183152,0
draw_commands,15985912.5781,0.889000000432,0
end_draw,15985913.4673,1.1939000003,0
paint,15985912.5725,2.08880000003,2
pointer_move,15985912.4969,2.19219999947,2
input_age_ms,15985922.3744,0.000400001183152,0
draw_commands,15985922.6738,0.74499999918,0
end_draw,15985923.4189,0.777499999851,0
paint,15985922.6658,1.53099999949,2
pointer_move,15985922.3758,1.83889999986,2
input_age_ms,15985928.5473,0.000500001013279,0
draw_commands,15985928.648,0.728900000453,0
end_draw,15985929.377,1.01400000043,0
paint,15985928.6367,1.75449999981,2
pointer_move,15985928.5485,1.86390000023,2
input_age_ms,15985936.4591,0.000399999320507,0
draw_commands,15985936.5534,0.661799998954,0
end_draw,15985937.2152,0.963600000367,0
paint,15985936.5376,1.64130000025,2
pointer_move,15985936.4602,1.73949999921,2
input_age_ms,15985944.6008,0.000399999320507,0
draw_commands,15985944.7456,0.716199999675,0
end_draw,15985945.4623,1.2947999984,0
paint,15985944.7335,2.02390000038,2
pointer_move,15985944.6018,2.18989999965,2
input_age_ms,15985952.575,0.000500001013279,0
draw_commands,15985952.8563,0.498999999836,0
end_draw,15985953.3555,0.989600000903,0
paint,15985952.8485,1.49670000002,2
pointer_move,15985952.576,1.78959999979,2
input_age_ms,15985960.5547,0.00029999949038,0
draw_commands,15985960.8981,0.597599999979,0
end_draw,15985961.4958,0.793500000611,0
paint,15985960.8917,1.39790000021,2
pointer_move,15985960.5556,1.75039999932,2
input_age_ms,15985968.2594,0.000399999320507,0
draw_commands,15985968.3224,0.541100000963,0
end_draw,15985968.8636,1.03819999844,0
paint,15985968.3148,1.58720000088,2
pointer_move,15985968.2602,1.66090000048,2
input_age_ms,15985976.6025,0.000300001353025,0
draw_commands,15985976.8603,0.638100000098,0
end_draw,15985977.4985,1.06790000014,0
paint,15985976.8473,1.71949999966,2
pointer_move,15985976.6034,1.98860000074,2
input_age_ms,15985984.3671,0.000499999150634,0
draw_commands,15985984.483,0.595900001004,0
end_draw,15985985.079,0.994200000539,0
paint,15985984.4726,1.60080000013,2
pointer_move,15985984.368,1.72739999928,2
input_age_ms,15985992.4308,0.00149999931455,0
draw_commands,15985992.5271,0.870899999514,0
end_draw,15985993.3981,1.34659999982,0
paint,15985992.5122,2.23290000111,2
pointer_move,15985992.4331,2.34219999984,2
input_age_ms,15986000.3213,0.000399999320507,0
draw_commands,15986000.3992,0.529100000858,0
end_draw,15986000.9285,0.879100000486,0
paint,15986000.3899,1.41770000011,2
pointer_move,15986000.3225,1.50400000066,2
input_age_ms,15986008.4991,0.000600000843406,0
draw_commands,15986008.5932,0.759299999103,0
end_draw,15986009.3526,1.88749999925,0
paint,15986008.5784,2.66219999827,2
pointer_move,15986008.5003,2.77979999967,2
input_age_ms,15986016.3212,0.000700000673532,0
draw_commands,15986016.5837,0.764299999923,0
end_draw,15986017.3481,1.30650000088,0
paint,15986016.5696,2.08540000021,2
pointer_move,15986016.3224,2.35979999974,2
input_age_ms,15986024.2549,0.000300001353025,0
draw_commands,15986024.3373,0.891899999231,0
end_draw,15986025.2297,1.43810000084,0
paint,15986024.3299,2.33839999884,2
pointer_move,15986024.2556,2.44600000046,2
input_age_ms,15986032.2825,0.000499999150634,0
draw_commands,15986032.3547,0.532600000501,0
end_draw,15986032.8874,0.832500001416,0
paint,15986032.3458,1.37420000136,2
pointer_move,15986032.2838,1.45309999958,2
input_age_ms,15986040.2017,0.000399999320507,0
draw_commands,15986040.2556,0.517699999735,0
end_draw,15986040.7734,0.934600001201,0
paint,15986040.248,1.46010000072,2
pointer_move,15986040.2023,1.53200000152,2
input_age_ms,15986048.1961,0.000399999320507,0
draw_commands,15986048.2651,0.503000000492,0
end_draw,15986048.7682,0.731300000101,0
paint,15986048.2589,1.2407000009,2
pointer_move,15986048.1967,1.31750000082,2
input_age_ms,15986056.146,9.99998301268e-05,0
draw_commands,15986056.1923,0.474600000307,0
end_draw,15986056.667,0.64140000008,0
paint,15986056.1885,1.11989999935,2
pointer_move,15986056.1463,1.17720000073,2
input_age_ms,15986064.3417,0.000499999150634,0
draw_commands,15986064.4426,0.569999998435,0
end_draw,15986065.0127,0.752799998969,0
paint,15986064.4076,1.35799999908,2
pointer_move,15986064.3428,1.44059999846,2
input_age_ms,15986072.3259,0.000500001013279,0
draw_commands,15986072.4037,0.498999999836,0
end_draw,15986072.9029,0.785000000149,0
paint,15986072.3948,1.29319999926,2
pointer_move,15986072.3271,1.377700001,2
input_age_ms,15986080.2163,0.000300001353025,0
draw_commands,15986080.28,0.492500001565,0
end_draw,15986080.7726,0.720499999821,0
paint,15986080.2764,1.21680000052,2
pointer_move,15986080.2179,1.28959999979,2
input_age_ms,15986088.08,0.000199999660254,0
draw_commands,15986088.1356,0.48359999992,0
end_draw,15986088.6193,0.691600000486,0
paint,15986088.1308,1.18010000139,2
pointer_move,15986088.0804,1.24569999985,2
input_age_ms,15986096.3848,0.000499999150634,0
draw_commands,15986096.5133,0.513700000942,0
end_draw,15986097.0272,0.750900000334,0
paint,15986096.5075,1.27070000023,2
pointer_move,15986096.3856,1.40869999863,2
input_age_ms,15986104.2718,0.000199999660254,0
draw_commands,15986104.3418,0.469399999827,0
end_draw,15986104.8113,0.70370000042,0
paint,15986104.3378,1.17730000056,2
pointer_move,15986104.2723,1.25889999978,2
input_age_ms,15986112.183,0.000399999320507,0
draw_commands,15986112.2413,0.527900001034,0
end_draw,15986112.7693,0.69849999994,0
paint,15986112.2373,1.23050000146,2
pointer_move,15986112.1838,1.29909999855,2
input_age_ms,15986120.2056,0.000199999660254,0
draw_commands,15986120.2868,0.47339999862,0
end_draw,15986120.7603,0.724300000817,0
paint,15986120.2826,1.20209999941,2
pointer_move,15986120.2061,1.34190000035,2
input_age_ms,15986128.2531,0.000499999150634,0
draw_commands,15986128.421,0.619200000539,0
end_draw,15986129.0406,0.884700000286,0
paint,15986128.4166,1.50879999995,2
pointer_move,15986128.2538,1.69060000032,2
input_age_ms,15986136.5361,0.000900000333786,16
draw_commands,15986136.6728,1.72559999861,0
end_draw,15986138.3987,2.02569999918,0
paint,15986136.662,3.76259999909,2
pointer_move,15986136.5377,3.92350000143,2
input_age_ms,15986144.4538,0.000399999320507,0
draw_commands,15986144.5296,0.634400000796,0
end_draw,15986145.1646,0.92129999958,0
paint,15986144.5241,1.56189999916,2
pointer_move,15986144.4545,1.65429999866,2
input_age_ms,15986152.5593,0.000600000843406,0
draw_commands,15986152.6912,2.06390000135,0
end_draw,15986154.7555,1.58640000038,0
paint,15986152.6815,3.66059999913,2
pointer_move,15986152.5609,3.81799999997,2
input_age_ms,15986160.4864,0.00100000016391,0
draw_commands,15986160.5749,0.58910000138,0
end_draw,15986161.1642,0.855599999428,0
paint,15986160.559,1.4609999992,2
pointer_move,15986160.488,1.5504999999,2
input_age_ms,15986168.1721,0.000399999320507,0
draw_commands,15986168.2194,0.473699999973,0
end_draw,15986168.6931,1.00200000033,0
paint,15986168.2152,1.48000000045,2
pointer_move,15986168.1731,1.53869999945,2
input_age_ms,15986176.3646,0.000499999150634,0
draw_commands,15986176.4408,0.531400000677,0
end_draw,15986176.9724,0.903599999845,0
paint,15986176.4318,1.44419999979,2
pointer_move,15986176.3656,1.53020000085,2
input_age_ms,15986188.0744,0.000900000333786,0
draw_commands,15986188.539,1.91209999844,0
end_draw,15986190.4516,3.16190000065,0
paint,15986188.5269,5.08709999919,2
pointer_move,15986188.0762,5.60890000127,2
input_age_ms,15986194.0791,0.000800000503659,0
draw_commands,15986194.2834,1.64740000106,0
end_draw,15986195.9311,1.89130000025,0
paint,15986194.2724,3.55030000024,2
pointer_move,15986194.0815,3.78959999979,2
input_age_ms,15986201.3532,0.000700000673532,0
draw_commands,15986201.6178,1.50950000063,0
end_draw,15986203.1277,2.38800000027,0
paint,15986201.6074,3.90850000083,2
pointer_move,15986201.3548,4.20079999976,2
input_age_ms,15986208.8311,0.000900000333786,0
draw_commands,15986208.9703,1.1557,0
end_draw,15986210.1265,1.49700000137,0
paint,15986208.9578,2.6660999991,2
pointer_move,15986208.8329,2.82639999874,2
input_age_ms,15986216.4561,0.000499999150634,0
draw_commands,15986216.5794,0.846100000665,0
end_draw,15986217.4256,1.04519999959,0
paint,15986216.5666,1.90429999866,2
pointer_move,15986216.457,2.03869999945,2
input_age_ms,15986224.2223,0.000399999320507,0
draw_commands,15986224.2812,0.754300000146,0
end_draw,15986225.0356,1.41290000081,0
paint,15986224.2767,2.17200000025,2
pointer_move,15986224.223,2.25720000081,2
input_age_ms,15986232.4971,0.000800000503659,0
draw_commands,15986232.5792,0.683900000528,0
end_draw,15986233.2637,1.06450000033,0
paint,15986232.5695,1.75910000131,2
pointer_move,15986232.4985,1.85089999996,2
input_age_ms,15986240.26,0.000399999320507,0
draw_commands,15986240.3223,0.513800000772,0
end_draw,15986240.8362,0.911499999464,0
paint,15986240.3157,1.43209999986,2
pointer_move,15986240.2608,1.51180000044,2
input_age_ms,15986249.4819,0.000700000673532,0
draw_commands,15986249.7027,1.2388000004,0
end_draw,15986250.9418,1.71759999916,0
paint,15986249.692,2.96760000102,2
pointer_move,15986249.4833,3.21419999935,2
input_age_ms,15986256.3545,0.000600000843406,0
draw_commands,15986256.4495,0.855499999598,0
end_draw,15986257.3051,1.67339999974,0
paint,15986256.4438,2.53509999998,2
pointer_move,15986256.3557,2.65920000151,2
input_age_ms,15986264.276,0.000499999150634,0
draw_commands,15986264.3499,0.996300000697,0
end_draw,15986265.3463,1.12529999949,0
paint,15986264.3424,2.12930000015,2
pointer_move,15986264.277,2.32199999876,2
input_age_ms,15986272.2895,0.000700000673532,0
draw_commands,15986272.3862,0.654100000858,0
end_draw,15986273.0404,1.12270000018,0
paint,15986272.3723,1.79089999944,2
pointer_move,15986272.291,1.89740000106,2
input_age_ms,15986280.2363,0.000999998301268,0
draw_commands,15986280.3177,0.588600000367,0
end_draw,15986280.9065,1.04920000024,0
paint,15986280.3074,1.64840000123,2
pointer_move,15986280.2378,1.74679999985,2
input_age_ms,15986288.1908,0.000399999320507,0
draw_commands,15986288.2566,0.582399999723,0
end_draw,15986288.8391,0.916699999943,0
paint,15986288.2468,1.50909999944,2
pointer_move,15986288.1916,1.58229999989,2
input_age_ms,15986296.2299,0.000599998980761,0
draw_commands,15986296.2958,0.636299999431,0
end_draw,15986296.9326,1.09009999968,0
paint,15986296.288,1.73489999957,2
pointer_move,15986296.2309,1.8134999983,2
input_age_ms,15986304.2993,0.000399999320507,0
draw_commands,15986304.4101,0.558399999514,0
end_draw,15986304.9686,1.02630000003,0
paint,15986304.4006,1.59500000067,2
pointer_move,15986304.3001,1.72629999928,2
input_age_ms,15986312.3993,0.000700000673532,0
draw_commands,15986312.4786,0.598300000653,0
end_draw,15986313.077,0.752100000158,0
paint,15986312.4707,1.35840000026,2
pointer_move,15986312.4008,1.44589999877,2
input_age_ms,15986320.1956,9.99998301268e-05,0
draw_commands,15986320.2446,0.443600000814,0
end_draw,15986320.6884,0.615299999714,0
paint,15986320.2419,1.06189999916,2
pointer_move,15986320.1961,1.12189999968,2
input_age_ms,15986328.2652,0.000399999320507,0
draw_commands,15986328.4703,0.664699999616,0
end_draw,15986329.1359,1.13670000061,0
paint,15986328.4628,1.80980000086,2
pointer_move,15986328.2659,2.15389999934,2
input_age_ms,15986336.2654,0.000399999320507,0
draw_commands,15986336.3342,0.529400000349,0
end_draw,15986336.8638,0.798999998719,0
paint,15986336.3243,1.33849999867,2
pointer_move,15986336.2662,1.41310000047,2
input_age_ms,15986344.4323,0.000500001013279,0
draw_commands,15986344.5035,0.532500000671,0
end_draw,15986345.0361,0.719899998978,0
paint,15986344.4977,1.25840000063,2
pointer_move,15986344.4334,1.33840000071,2
input_age_ms,15986352.1719,0.000199999660254,0
draw_commands,15986352.2184,0.473300000653,0
end_draw,15986352.6918,0.601399999112,0
paint,15986352.2155,1.07779999822,2
pointer_move,15986352.1723,1.13550000079,2
input_age_ms,15986360.3073,0.000400001183152,0
draw_commands,15986360.375,0.572200000286,0
end_draw,15986360.9473,0.712099999189,0
paint,15986360.3693,1.29019999877,2
pointer_move,15986360.3083,1.36810000055,2
input_age_ms,15986368.2475,0.000399999320507,0
draw_commands,15986368.3022,0.497299998999,0
end_draw,15986368.7996,0.746899999678,0
paint,15986368.2956,1.25089999847,2
pointer_move,15986368.2482,1.31350000016,2
input_age_ms,15986376.7342,0.000899998471141,0
draw_commands,15986376.9423,2.00420000032,0
end_draw,15986378.9469,2.61649999954,0
paint,15986376.9297,4.63409999944,2
pointer_move,15986376.736,4.89290000126,2
input_age_ms,15986384.7764,0.000700000673532,0
draw_commands,15986384.9631,2.54410000145,0
end_draw,15986387.5075,3.03060000017,0
paint,15986384.9559,5.58259999938,2
pointer_move,15986384.778,6.21889999881,2
input_age_ms,15986393.0249,0.000699998810887,0
draw_commands,15986393.2167,2.64039999992,0
end_draw,15986395.8576,2.95839999989,0
paint,15986393.2028,5.61370000057,2
pointer_move,15986393.0268,5.86079999991,2
input_age_ms,15986400.8083,0.000800000503659,0
draw_commands,15986401.0454,1.93050000072,0
end_draw,15986402.9765,2.66649999842,0
paint,15986401.0331,4.61040000059,2
pointer_move,15986400.8099,4.90240000002,2
input_age_ms,15986417.0108,0.00100000016391,15
draw_commands,15986417.8332,2.01180000044,0
end_draw,15986419.8455,1.84349999949,0
paint,15986417.8205,3.86880000122,2
pointer_move,15986417.0129,4.69479999878,2
input_age_ms,15986432.2346,0.000399999320507,0
draw_commands,15986432.2911,0.496900001541,0
end_draw,15986432.7881,0.828399999067,0
paint,15986432.2854,1.3311999999,2
pointer_move,15986432.2353,1.39939999953,2
input_age_ms,15986440.1181,0.000199999660254,0
draw_commands,15986440.1636,0.462100001052,0
end_draw,15986440.6258,0.675300000235,0
paint,15986440.1596,1.14159999974,2
pointer_move,15986440.1185,1.19810000062,2
input_age_ms,15986448.2292,0.000199999660254,0
draw_commands,15986448.2846,0.648999998346,0
end_draw,15986448.9339,0.936300000176,0
paint,15986448.2798,1.59050000086,2
pointer_move,15986448.2299,1.66999999993,2
input_age_ms,15986456.0935,0.000199999660254,0
draw_commands,15986456.1401,0.474700000137,0
end_draw,15986456.6149,0.668700000271,0
paint,15986456.1362,1.14760000072,2
pointer_move,15986456.0939,1.20519999973,2
input_age_ms,15986466.5857,0.00109999999404,0
draw_commands,15986466.9467,1.96180000156,0
end_draw,15986468.909,2.99259999953,0
paint,15986466.9342,4.96790000051,2
pointer_move,15986466.5883,5.46509999968,2
input_age_ms,15986472.9773,0.000800000503659,0
draw_commands,15986473.163,2.12600000016,0
end_draw,15986475.2895,3.44749999978,0
paint,15986473.1507,5.58680000156,2
pointer_move,15986472.9791,5.83660000004,2
input_age_ms,15986483.7136,0.000900000333786,0
draw_commands,15986484.0227,2.04789999872,0
end_draw,15986486.0712,3.25620000064,0
paint,15986484.0076,5.32039999962,2
pointer_move,15986483.7157,5.68769999966,2
input_age_ms,15986489.9129,0.000799998641014,0
draw_commands,15986490.3502,1.94220000133,0
end_draw,15986492.2932,3.37600000016,0
paint,15986490.3402,5.32980000041,2
pointer_move,15986489.9151,6.2675999999,2
input_age_ms,15986498.2177,0.000699998810887,0
draw_commands,15986498.4028,1.48530000076,0
end_draw,15986499.8885,2.19150000066,0
paint,15986498.3935,3.68699999899,2
pointer_move,15986498.2193,3.97360000014,2
input_age_ms,15986504.5138,0.000599998980761,0
draw_commands,15986504.6404,1.08300000057,0
end_draw,15986505.7237,1.58980000019,0
paint,15986504.6312,2.68259999901,2
pointer_move,15986504.515,2.83729999885,2
input_age_ms,15986513.7601,0.000500001013279,0
draw_commands,15986514.1319,1.0887000002,0
end_draw,15986515.2218,1.36150000058,0
paint,15986514.1257,2.45789999887,2
pointer_move,15986513.7611,2.9057,2
input_age_ms,15986520.2663,0.000199999660254,0
draw_commands,15986520.3351,0.716000000015,0
end_draw,15986521.0513,0.92659999989,0
paint,15986520.3316,1.6464000009,2
pointer_move,15986520.267,1.73269999959,2
input_age_ms,15986528.4316,0.000499999150634,0
draw_commands,15986528.523,0.744100000709,0
end_draw,15986529.2673,1.06519999914,0
paint,15986528.5162,1.81660000049,2
pointer_move,15986528.4327,1.92769999988,2
input_age_ms,15986536.7764,0.000600000843406,0
draw_commands,15986536.9518,1.83909999952,0
end_draw,15986538.7913,2.59729999863,0
paint,15986536.9422,4.44680000097,2
pointer_move,15986536.7779,4.67680000141,2
input_age_ms,15986545.3947,0.000800000503659,0
draw_commands,15986545.6159,2.76289999858,0
end_draw,15986548.3793,3.08479999937,0
paint,15986545.6002,5.86409999989,2
pointer_move,15986545.3965,6.1166999992,2
input_age_ms,15986552.1255,0.000400001183152,0
draw_commands,15986552.1818,0.488099999726,0
end_draw,15986552.6701,0.750700000674,0
paint,15986552.1776,1.24330000021,2
pointer_move,15986552.1264,1.31259999983,2
input_age_ms,15986560.3519,0.000900000333786,0
draw_commands,15986560.4422,0.601999999955,0
end_draw,15986561.0443,0.822399999946,0
paint,15986560.4284,1.43850000016,2
pointer_move,15986560.354,1.53150000051,2
input_age_ms,15986568.2208,0.000300001353025,0
draw_commands,15986568.2725,0.522799998522,0
end_draw,15986568.7954,0.687700001523,0
paint,15986568.266,1.21710000001,2
pointer_move,15986568.2217,1.27710000053,2
input_age_ms,15986576.366,0.000199999660254,0
draw_commands,15986576.5556,0.648199999705,0
end_draw,15986577.2039,1.34569999948,0
paint,15986576.5425,2.00719999894,2
pointer_move,15986576.3669,2.19959999993,2
input_age_ms,15986584.1446,0.000199999660254,0
draw_commands,15986584.1919,0.529799999669,0
end_draw,15986584.7218,0.774299999699,0
paint,15986584.1893,1.3069000002,2
pointer_move,15986584.1452,1.36680000089,2
input_age_ms,15986593.1907,0.000800000503659,0
draw_commands,15986593.4452,3.09100000001,0
end_draw,15986596.5377,4.05650000088,0
paint,15986593.4332,7.16200000048,2
pointer_move,15986593.1926,7.47470000014,2
input_age_ms,15986601.2169,0.00100000016391,0
draw_commands,15986601.436,2.29739999957,0
end_draw,15986603.7341,3.77080000006,0
paint,15986601.424,6.08139999956,2
pointer_move,15986601.2191,6.36239999905,2
input_age_ms,15986609.8957,0.00109999999404,0
draw_commands,15986610.1083,3.65899999999,0
end_draw,15986613.7679,3.60680000111,0
paint,15986610.0949,7.28039999865,2
pointer_move,15986609.8976,7.73949999921,2
input_age_ms,15986618.0241,0.000399999320507,0
draw_commands,15986618.2161,2.29770000093,0
end_draw,15986620.5144,2.79419999942,0
paint,15986618.2053,5.10350000113,2
pointer_move,15986618.0259,5.33059999906,2
input_age_ms,15986624.4647,0.000399999320507,0
draw_commands,15986624.582,1.88800000027,0
end_draw,15986626.4705,2.59260000102,0
paint,15986624.5757,4.48780000024,2
pointer_move,15986624.4658,5.43869999982,2
input_age_ms,15986632.7566,0.000700000673532,0
draw_commands,15986632.9404,1.42779999971,0
end_draw,15986634.3685,1.92569999956,0
paint,15986632.9283,3.36629999988,2
pointer_move,15986632.758,3.58300000057,2
input_age_ms,15986640.4494,0.000499999150634,0
draw_commands,15986640.615,1.31680000015,0
end_draw,15986641.9322,2.17090000026,0
paint,15986640.6087,3.49479999952,2
pointer_move,15986640.4507,3.70480000041,2
input_age_ms,15986648.5377,0.000600000843406,0
draw_commands,15986648.6808,1.40430000052,0
end_draw,15986650.0855,2.01329999976,0
paint,15986648.6687,3.43049999885,2
pointer_move,15986648.5389,3.61160000041,2
input_age_ms,15986656.4378,0.000600000843406,0
draw_commands,15986656.5662,1.46130000055,0
end_draw,15986658.028,2.19189999998,0
paint,15986656.5575,3.66290000081,2
pointer_move,15986656.4395,3.83259999938,2
input_age_ms,15986664.4699,0.000399999320507,0
draw_commands,15986664.5556,0.595999998972,0
end_draw,15986665.1518,0.89660000056,0
paint,15986664.5485,1.50009999983,2
pointer_move,15986664.471,1.59959999844,2
input_age_ms,15986672.2943,0.000400001183152,0
draw_commands,15986672.3737,0.541799999774,0
end_draw,15986672.9156,0.927400000393,0
paint,15986672.364,1.47900000028,2
pointer_move,15986672.2958,1.5736999996,2
input_age_ms,15986680.3246,0.00029999949038,0
draw_commands,15986680.4102,0.509300000966,0
end_draw,15986680.9197,0.92699999921,0
paint,15986680.4019,1.44489999861,2
pointer_move,15986680.3253,1.58000000007,2
draw_commands,15986712.8133,0.470399999991,0
end_draw,15986713.2839,0.74980000034,0
paint,15986712.8064,1.22740000114,2
pointer_move,15986712.7148,1.33630000055,2
draw_commands,15986715.0145,0.428700000048,0
end_draw,15986715.4433,0.933700000867,0
paint,15986715.0123,1.36480000056,2
input_age_ms,15986726.0009,0.000599998980761,0
pointer_move,15986726.0017,0.00539999827743,2
draw_commands,15986726.0552,0.4944000002,0
end_draw,15986726.5498,0.904200000688,0
paint,15986726.0484,1.40579999983,2
input_age_ms,15986801.1117,0.000700000673532,0
pointer_move,15986801.1128,0.0169999990612,2
draw_commands,15986801.2854,1.06020000018,0
end_draw,15986802.3459,1.53020000085,0
paint,15986801.2774,2.59889999963,2
input_age_ms,15986810.3111,0.00029999949038,0
pointer_move,15986810.312,0.0992999989539,2
draw_commands,15986810.5892,0.813200000674,0
end_draw,15986811.4025,1.20030000061,0
paint,15986810.5827,2.02040000074,2
input_age_ms,15986816.8257,0.000199999660254,0
pointer_move,15986816.8263,0.0257999990135,2
draw_commands,15986816.996,0.635200001299,0
end_draw,15986817.6314,0.885499998927,0
paint,15986816.9897,1.52730000019,2
input_age_ms,15986824.4664,0.000400001183152,0
pointer_move,15986824.4671,0.00819999910891,2
draw_commands,15986824.5414,0.531199999154,0
end_draw,15986825.0732,1.09579999931,0
paint,15986824.5349,1.63449999876,2
input_age_ms,15986833.1603,0.000199999660254,0
pointer_move,15986833.1608,0.0150999985635,2
draw_commands,15986833.3205,0.50569999963,0
end_draw,15986833.8263,0.755999999121,0
paint,15986833.3145,1.2678999994,2
input_age_ms,15986840.3971,0.000199999660254,0
pointer_move,15986840.3975,0.0106999985874,2
draw_commands,15986840.4712,0.493099998683,0
end_draw,15986840.9644,0.897199999541,0
paint,15986840.4642,1.39750000089,2
input_age_ms,15986848.5554,0.00029999949038,0
pointer_move,15986848.5559,0.0108000002801,2
draw_commands,15986848.6265,0.498200001195,0
end_draw,15986849.1248,0.736899999902,0
paint,15986848.6199,1.24190000072,2
input_age_ms,15986856.374,0.000199999660254,0
pointer_move,15986856.3745,0.0110999997705,2
draw_commands,15986856.4774,0.452899999917,0
end_draw,15986856.9304,0.768799999729,0
paint,15986856.4728,1.22640000097,2
input_age_ms,15986864.5301,0.000200001522899,0
pointer_move,15986864.5307,0.0141000002623,2
draw_commands,15986864.6373,0.482599999756,0
end_draw,15986865.12,0.706199999899,0
paint,15986864.6317,1.19460000098,2
input_age_ms,15986872.6835,0.000300001353025,0
pointer_move,15986872.684,0.0111999996006,2
draw_commands,15986872.7866,0.45360000059,0
end_draw,15986873.2403,0.843900000677,0
paint,15986872.7809,1.30360000022,2
input_age_ms,15986880.8437,0.000200001522899,0
pointer_move,15986880.8444,0.0740000009537,2
draw_commands,15986881.0849,0.473400000483,0
end_draw,15986881.5584,0.740500001237,0
paint,15986881.0773,1.22170000151,2
input_age_ms,15986888.7446,0.000199999660254,0
pointer_move,15986888.745,0.0120000001043,2
draw_commands,15986888.8229,0.485500000417,0
end_draw,15986889.3152,0.792799999937,0
paint,15986888.8164,1.29169999994,2
input_age_ms,15986897.1535,0.000600000843406,0
pointer_move,15986897.1548,0.0638999994844,2
draw_commands,15986897.3922,0.467399999499,0
end_draw,15986897.8596,0.662200000137,0
paint,15986897.3866,1.13529999927,2
input_age_ms,15986912.7722,0.000700000673532,0
pointer_move,15986912.7732,0.0773000009358,2
draw_commands,15986913.0256,0.450900001451,0
end_draw,15986913.4766,0.733099998906,0
paint,15986913.0214,1.18839999847,2
input_age_ms,15986925.1895,0.00100000016391,0
pointer_move,15986925.1919,0.129799999297,2
draw_commands,15986925.7701,2.12920000032,0
end_draw,15986927.9003,3.17930000089,0
paint,15986925.7575,5.32310000062,2
input_age_ms,15986938.6,0.000400001183152,0
pointer_move,15986938.6011,0.146800000221,2
draw_commands,15986938.8996,1.03600000031,0
end_draw,15986939.9358,1.42320000008,0
paint,15986938.8906,2.46860000119,2
input_age_ms,15986945.6248,0.000399999320507,0
pointer_move,15986945.6258,0.082499999553,2
draw_commands,15986946.0079,0.876199999824,0
end_draw,15986946.8846,1.33349999972,0
paint,15986945.9983,2.22000000067,2
draw_commands,15986951.473,0.552200000733,0
end_draw,15986952.0253,0.855800000951,0
paint,15986951.4675,1.41370000131,2
input_age_ms,15986952.9197,0,0
draw_commands,15986952.9438,0.400699999183,0
end_draw,15986953.3445,0.538499999791,0
paint,15986952.9421,0.940999999642,2
pointer_move,15986952.9199,0.976999999955,2
input_age_ms,15986960.473,0.000300001353025,0
draw_commands,15986960.7809,0.555300001055,0
end_draw,15986961.3363,0.925499999896,0
paint,15986960.7752,1.48670000024,2
pointer_move,15986960.4746,1.80599999987,2
input_age_ms,15986968.2548,0.000400001183152,0
draw_commands,15986968.3169,0.555099999532,0
end_draw,15986968.8721,0.976700000465,0
paint,15986968.3091,1.53979999945,2
pointer_move,15986968.2556,1.61560000107,2
input_age_ms,15986976.4338,0.000499999150634,0
draw_commands,15986976.5097,0.58719999902,0
end_draw,15986977.0971,0.958399999887,0
paint,15986976.4952,1.56039999984,2
pointer_move,15986976.4346,1.64350000024,2
input_age_ms,15986984.1923,0.000400001183152,0
draw_commands,15986984.2693,0.521399999037,0
end_draw,15986984.7907,0.779899999499,0
paint,15986984.2596,1.31099999882,2
pointer_move,15986984.1931,1.3928999994,2
input_age_ms,15986992.3433,0.000700000673532,0
draw_commands,15986992.4298,0.655999999493,0
end_draw,15986993.086,0.934500001371,0
paint,15986992.4163,1.60449999943,2
pointer_move,15986992.3449,1.70390000008,2
input_age_ms,15987000.3627,0.000399999320507,0
draw_commands,15987000.5615,0.545199999586,0
end_draw,15987001.1068,1.09610000066,0
paint,15987000.5548,1.64829999954,2
pointer_move,15987000.3637,1.86079999991,2
input_age_ms,15987008.7269,0.000499999150634,0
draw_commands,15987008.8126,0.80159999989,0
end_draw,15987009.6144,1.31450000033,0
paint,15987008.8001,2.12939999998,2
pointer_move,15987008.7281,2.24679999985,2
input_age_ms,15987016.4435,0.000400001183152,0
draw_commands,15987016.6593,0.488500000909,0
end_draw,15987017.1479,0.757600000128,0
paint,15987016.6519,1.2536999993,2
pointer_move,15987016.4442,1.47719999962,2
input_age_ms,15987024.3886,0.000200001522899,0
draw_commands,15987024.6032,0.588999999687,0
end_draw,15987025.1923,1.48050000146,0
paint,15987024.5978,2.07550000027,2
pointer_move,15987024.3891,2.31780000031,2
input_age_ms,15987032.2903,0.000199999660254,0
draw_commands,15987032.504,0.515099998564,0
end_draw,15987033.0194,0.726999999955,0
paint,15987032.4987,1.24780000001,2
pointer_move,15987032.2908,1.470900001,2
input_age_ms,15987040.3344,0.000199999660254,0
draw_commands,15987040.4369,0.515500001609,0
end_draw,15987040.9525,1.04949999973,0
paint,15987040.4325,1.56960000098,2
pointer_move,15987040.3349,1.69849999994,2
input_age_ms,15987048.3231,0.000199999660254,0
draw_commands,15987048.4943,0.509600000456,0
end_draw,15987049.004,0.795499999076,0
paint,15987048.4868,1.31269999966,2
pointer_move,15987048.3236,1.49259999953,2
input_age_ms,15987056.3483,0.000199999660254,0
draw_commands,15987056.5749,0.500300001353,0
end_draw,15987057.0752,0.832200000063,0
paint,15987056.5676,1.33990000002,2
pointer_move,15987056.3489,1.57520000078,2
input_age_ms,15987064.5243,0.000199999660254,0
draw_commands,15987064.7494,0.577000001445,0
end_draw,15987065.3268,0.809599999338,0
paint,15987064.7401,1.39639999904,2
pointer_move,15987064.525,1.62989999913,2
input_age_ms,15987072.3288,0.000199999660254,0
draw_commands,15987072.5511,0.463800000027,0
end_draw,15987073.015,0.72829999961,0
paint,15987072.5453,1.19810000062,2
pointer_move,15987072.3293,1.42860000022,2
input_age_ms,15987080.3614,0.000199999660254,0
draw_commands,15987080.5678,0.465099999681,0
end_draw,15987081.033,0.810699999332,0
paint,15987080.5631,1.28099999949,2
pointer_move,15987080.362,1.50070000067,2
input_age_ms,15987088.3777,0.000100001692772,0
draw_commands,15987088.6041,0.446900000796,0
end_draw,15987089.0511,0.701199999079,0
paint,15987088.6014,1.15100000054,2
pointer_move,15987088.3781,1.39110000059,2
input_age_ms,15987096.3158,0.000199999660254,0
draw_commands,15987096.7074,0.48900000006,0
end_draw,15987097.1965,0.663499999791,0
paint,15987096.7014,1.15869999863,2
pointer_move,15987096.3165,1.55810000002,2
input_age_ms,15987104.3879,0.000199999660254,16
draw_commands,15987104.5977,0.393699999899,0
end_draw,15987104.9915,0.611899999902,0
paint,15987104.5958,1.00790000148,2
pointer_move,15987104.3883,1.23410000093,2
input_age_ms,15987112.3778,0.000599998980761,0
draw_commands,15987112.4783,0.60879999958,0
end_draw,15987113.0872,0.829999998212,0
paint,15987112.4644,1.45289999992,2
pointer_move,15987112.3792,1.55719999969,2
input_age_ms,15987120.4169,9.99998301268e-05,0
draw_commands,15987120.6416,0.460300000384,0
end_draw,15987121.102,0.711500000209,0
paint,15987120.6383,1.17520000041,2
pointer_move,15987120.4173,1.41519999877,2
input_age_ms,15987128.5049,0.000400001183152,0
draw_commands,15987128.5969,0.526399999857,0
end_draw,15987129.1234,0.727699998766,0
paint,15987128.5896,1.26159999892,2
pointer_move,15987128.5057,1.36130000092,2
input_age_ms,15987136.2933,0.000200001522899,0
draw_commands,15987136.4986,0.470399999991,0
end_draw,15987136.9691,0.738800000399,0
paint,15987136.4937,1.21430000104,2
pointer_move,15987136.2938,1.43740000017,2
input_age_ms,15987144.4585,0.000400001183152,0
draw_commands,15987144.7026,0.512299999595,0
end_draw,15987145.215,0.772600000724,0
paint,15987144.6945,1.29320000112,2
pointer_move,15987144.4592,1.54549999908,2
input_age_ms,15987152.3074,0.000200001522899,0
draw_commands,15987152.5727,0.460800001398,0
end_draw,15987153.0336,0.703999999911,0
paint,15987152.5695,1.16810000129,2
pointer_move,15987152.3078,1.4486999996,2
input_age_ms,15987160.3567,0.000199999660254,0
draw_commands,15987160.5686,0.542599998415,0
end_draw,15987161.1113,0.855199998245,0
paint,15987160.5638,1.40290000103,2
pointer_move,15987160.3572,1.63279999979,2
input_age_ms,15987168.2527,0.000200001522899,0
draw_commands,15987168.4447,0.496700000018,0
end_draw,15987168.9415,0.92650000006,0
paint,15987168.4387,1.42950000055,2
pointer_move,15987168.2532,1.83939999901,2
input_age_ms,15987176.3706,0.000399999320507,0
draw_commands,15987176.5346,0.539299998432,0
end_draw,15987177.0743,1.03490000032,0
paint,15987176.5265,1.58280000091,2
pointer_move,15987176.3714,1.75989999995,2
input_age_ms,15987184.4161,0.000600000843406,0
draw_commands,15987184.6655,0.473699999973,0
end_draw,15987185.1393,1.49459999986,0
paint,15987184.6598,1.97419999912,2
pointer_move,15987184.4175,2.59589999914,2
input_age_ms,15987192.3333,0.000199999660254,0
draw_commands,15987192.536,0.475199999288,0
end_draw,15987193.0113,0.889500001445,0
paint,15987192.5298,1.37110000104,2
pointer_move,15987192.3338,1.58910000138,2
input_age_ms,15987200.3672,0.000199999660254,0
draw_commands,15987200.593,0.463399998844,0
end_draw,15987201.0565,1.12969999947,0
paint,15987200.5882,1.59800000116,2
pointer_move,15987200.3677,2.02360000089,2
input_age_ms,15987208.3884,0.000199999660254,0
draw_commands,15987208.4652,0.538499999791,0
end_draw,15987209.0038,0.921800000593,0
paint,15987208.4589,1.46689999849,2
pointer_move,15987208.3889,1.55949999951,2
input_age_ms,15987216.407,0.000199999660254,0
draw_commands,15987216.6255,0.520900001749,0
end_draw,15987217.1465,1.52529999986,0
paint,15987216.6203,2.05240000039,2
pointer_move,15987216.4075,2.28879999928,2
input_age_ms,15987224.4279,0.000199999660254,0
draw_commands,15987224.7598,0.525499999523,0
end_draw,15987225.2856,1.10800000094,0
paint,15987224.7531,1.64089999907,2
pointer_move,15987224.4284,2.01049999893,2
input_age_ms,15987232.3472,0.00029999949038,0
draw_commands,15987232.5724,0.479100000113,0
end_draw,15987233.0516,1.31110000052,0
paint,15987232.5651,1.79800000042,2
pointer_move,15987232.3477,2.06410000101,2
input_age_ms,15987240.3447,9.99998301268e-05,0
draw_commands,15987240.5825,0.472900001332,0
end_draw,15987241.0554,0.934399999678,0
paint,15987240.5772,1.41270000115,2
pointer_move,15987240.3451,1.66870000027,2
input_age_ms,15987248.3814,0.000199999660254,0
draw_commands,15987248.6199,0.609900001436,0
end_draw,15987249.2303,0.780999999493,0
paint,15987248.6128,1.39859999903,2
pointer_move,15987248.3819,1.64470000006,2
input_age_ms,15987256.2052,0.000199999660254,0
draw_commands,15987256.4102,0.415200000629,0
end_draw,15987256.8255,0.561300000176,0
paint,15987256.4081,0.978800000623,2
pointer_move,15987256.2056,1.19469999894,2
input_age_ms,15987264.4173,0.000199999660254,0
draw_commands,15987264.7053,0.56780000031,0
end_draw,15987265.2732,1.18040000089,0
paint,15987264.6938,1.75999999978,2
pointer_move,15987264.4179,2.05240000039,2
input_age_ms,15987281.0727,0.000500001013279,0
draw_commands,15987281.2066,0.504500001669,0
end_draw,15987281.7112,0.779500000179,0
paint,15987281.2007,1.29000000097,2
pointer_move,15987281.0736,1.43470000103,2
input_age_ms,15987288.336,0.000200001522899,0
draw_commands,15987288.564,0.452000001445,0
end_draw,15987289.0161,0.71239999868,0
paint,15987288.5585,1.16999999993,2
pointer_move,15987288.3365,1.40619999915,2
input_age_ms,15987297.4404,0.00029999949038,0
draw_commands,15987297.5811,0.50009999983,0
end_draw,15987298.0812,0.7145000007,0
paint,15987297.5749,1.220900001,2
pointer_move,15987297.4411,1.37000000104,2
input_age_ms,15987304.2382,0.000199999660254,0
draw_commands,15987304.2821,0.45320000127,0
end_draw,15987304.7354,0.630199998617,0
paint,15987304.2797,1.08589999937,2
pointer_move,15987304.2386,1.14149999991,2
input_age_ms,15987312.6123,0.000400001183152,0
draw_commands,15987312.7727,0.571499999613,0
end_draw,15987313.3444,0.698899999261,0
paint,15987312.7597,1.28370000049,2
pointer_move,15987312.6132,1.44670000114,2
input_age_ms,15987320.3553,9.99998301268e-05,0
draw_commands,15987320.5457,0.404799999669,0
end_draw,15987320.9506,0.572200000286,0
paint,15987320.5436,0.979199999943,2
pointer_move,15987320.3558,1.18360000104,2
input_age_ms,15987329.5981,0.000300001353025,0
draw_commands,15987329.7826,0.560100000352,0
end_draw,15987330.3429,0.748299999163,0
paint,15987329.7764,1.31489999965,2
pointer_move,15987329.599,1.50769999996,2
input_age_ms,15987336.3505,0.000499999150634,0
draw_commands,15987336.5711,0.42709999904,0
end_draw,15987336.9983,0.637500001118,0
paint,15987336.5675,1.06839999929,2
pointer_move,15987336.3512,1.30010000058,2
input_age_ms,15987344.6096,0.000499999150634,0
draw_commands,15987344.777,0.695799998939,0
end_draw,15987345.4733,1.17399999872,0
paint,15987344.7659,1.88189999945,2
pointer_move,15987344.6111,2.06300000101,2
input_age_ms,15987352.3946,0.00029999949038,0
draw_commands,15987352.6353,0.470100000501,0
end_draw,15987353.1055,0.704300001264,0
paint,15987352.6295,1.18040000089,2
pointer_move,15987352.3954,1.42939999886,2
input_age_ms,15987360.6816,0.00029999949038,0
draw_commands,15987361.0014,0.581600001082,0
end_draw,15987361.5831,0.885099999607,0
paint,15987360.9961,1.47210000083,2
pointer_move,15987360.6822,1.80480000004,2
input_age_ms,15987368.3571,0.00029999949038,0
draw_commands,15987368.5629,0.434299999848,0
end_draw,15987368.9973,0.612499998882,0
paint,15987368.5598,1.04999999888,2
pointer_move,15987368.3577,1.26610000059,2
input_age_ms,15987376.2032,0.000200001522899,0
draw_commands,15987376.5008,0.492200000212,0
end_draw,15987376.9931,1.03720000014,0
paint,15987376.4963,1.53419999965,2
pointer_move,15987376.2037,1.84730000049,2
input_age_ms,15987384.3889,0.000199999660254,0
draw_commands,15987384.4486,0.474799999967,0
end_draw,15987384.9235,0.687800001353,0
paint,15987384.4441,1.16720000096,2
pointer_move,15987384.3896,1.23610000126,2
input_age_ms,15987392.1499,0.000399999320507,0
draw_commands,15987392.2289,0.574400000274,0
end_draw,15987392.8035,0.823699999601,0
paint,15987392.2219,1.40550000034,2
pointer_move,15987392.1506,1.50100000016,2
input_age_ms,15987400.3812,0.000199999660254,0
draw_commands,15987400.6004,0.477799998596,0
end_draw,15987401.0783,0.88010000065,0
paint,15987400.5945,1.36470000073,2
pointer_move,15987400.3817,1.65190000087,2
input_age_ms,15987408.4704,0.00029999949038,0
draw_commands,15987408.5612,0.564899999648,0
end_draw,15987409.1263,0.910800000653,0
paint,15987408.5526,1.48469999991,2
pointer_move,15987408.471,1.590499999,2
input_age_ms,15987416.3148,0.000399999320507,0
draw_commands,15987416.3751,0.513299999759,0
end_draw,15987416.8885,0.876800000668,0
paint,15987416.3666,1.39880000055,2
pointer_move,15987416.3156,1.466599999,2
input_age_ms,15987424.2513,0.000199999660254,0
draw_commands,15987424.3866,0.468399999663,0
end_draw,15987424.8552,1.02419999987,0
paint,15987424.3825,1.497299999,2
pointer_move,15987424.2517,1.67419999838,2
input_age_ms,15987432.319,0.00029999949038,0
draw_commands,15987432.3944,0.553499998525,0
end_draw,15987432.948,0.959199998528,0
paint,15987432.3845,1.52279999852,2
pointer_move,15987432.3204,1.61160000041,2
input_age_ms,15987440.2727,0.00029999949038,0
draw_commands,15987440.4256,0.450200000778,0
end_draw,15987440.8759,0.844699999318,0
paint,15987440.4209,1.29979999922,2
pointer_move,15987440.2732,1.47049999982,2
input_age_ms,15987448.4043,0.00029999949038,15
draw_commands,15987448.6139,0.512199999765,0
end_draw,15987449.1262,0.872700000182,0
paint,15987448.6059,1.39309999906,2
pointer_move,15987448.4049,1.61110000126,2
input_age_ms,15987456.3853,0.000700000673532,0
draw_commands,15987456.5589,0.485799999908,0
end_draw,15987457.0448,0.847400000319,0
paint,15987456.5516,1.34090000018,2
pointer_move,15987456.3864,1.52900000103,2
input_age_ms,15987464.4228,0.00029999949038,16
draw_commands,15987464.6217,0.47289999947,0
end_draw,15987465.0947,0.802900001407,0
paint,15987464.6155,1.28210000135,2
pointer_move,15987464.4234,1.49259999953,2
input_age_ms,15987472.437,0.00029999949038,0
draw_commands,15987472.7192,0.537299999967,0
end_draw,15987473.2571,0.800000000745,0
paint,15987472.711,1.34620000049,2
pointer_move,15987472.4379,1.63780000061,2
input_age_ms,15987480.3322,0.00029999949038,0
draw_commands,15987480.5778,0.481000000611,0
end_draw,15987481.0589,0.981899999082,0
paint,15987480.5717,1.46920000017,2
pointer_move,15987480.3328,1.9868999999,2
input_age_ms,15987488.2647,0.000300001353025,0
draw_commands,15987488.3244,0.487999999896,0
end_draw,15987488.8125,0.734999999404,0
paint,15987488.3183,1.22929999977,2
pointer_move,15987488.2652,1.29889999889,2
input_age_ms,15987496.4004,0.000199999660254,0
draw_commands,15987496.622,0.67109999992,0
end_draw,15987497.2932,1.07630000077,0
paint,15987496.6164,1.75320000015,2
pointer_move,15987496.4009,1.99230000004,2
draw_commands,15987632.9887,0.458799999207,0
end_draw,15987633.4476,0.701600000262,0
paint,15987632.9831,1.16619999893,2
pointer_move,15987632.7699,1.39379999973,2
draw_commands,15987636.0197,0.596499999985,0
end_draw,15987636.6172,1.09589999914,0
paint,15987636.014,1.6995000001,2
input_age_ms,15987643.4312,0.000500001013279,0
pointer_move,15987643.432,0.0109999999404,2
draw_commands,15987643.5177,0.641499999911,0
end_draw,15987644.1594,1.40320000052,0
paint,15987643.5052,2.05819999985,2
input_age_ms,15987688.4349,0.000199999660254,0
pointer_move,15987688.4353,0.00479999929667,2
draw_commands,15987688.6491,0.463800000027,0
end_draw,15987689.113,0.955800000578,0
paint,15987688.643,1.42590000108,2
input_age_ms,15987696.533,0.000199999660254,0
pointer_move,15987696.5335,0.0725999996066,2
draw_commands,15987696.918,0.479900000617,0
end_draw,15987697.398,0.846499999985,0
paint,15987696.9131,1.33159999922,2
input_age_ms,15987704.8154,0.000199999660254,0
pointer_move,15987704.816,0.0812999997288,2
draw_commands,15987705.0949,0.480499999598,0
end_draw,15987705.5755,0.785199999809,0
paint,15987705.0892,1.27160000056,2
draw_commands,15987707.6072,0.465699998662,0
end_draw,15987708.073,1.03569999896,0
paint,15987707.6037,1.50509999879,2
input_age_ms,15987712.3302,0.00029999949038,0
draw_commands,15987712.3803,0.459599999711,0
end_draw,15987712.84,0.863900000229,0
paint,15987712.3767,1.32719999924,2
pointer_move,15987712.3308,1.41870000027,2
input_age_ms,15987720.2628,9.99998301268e-05,0
draw_commands,15987720.4811,0.447200000286,0
end_draw,15987720.9284,0.6716999989,0
paint,15987720.4776,1.12259999849,2
pointer_move,15987720.2632,1.3518000003,2
input_age_ms,15987728.3308,0.00029999949038,0
draw_commands,15987728.5437,0.628899998963,0
end_draw,15987729.1729,0.761599998921,0
paint,15987728.5337,1.40089999884,2
pointer_move,15987728.3315,1.62000000104,2
input_age_ms,15987736.1836,0.000300001353025,0
draw_commands,15987736.2439,0.491800000891,0
end_draw,15987736.7358,0.772500000894,0
paint,15987736.237,1.27199999988,2
pointer_move,15987736.1844,1.34050000086,2
input_age_ms,15987744.3719,0.000199999660254,0
draw_commands,15987744.6396,0.6520000007,0
end_draw,15987745.2917,0.983400000259,0
paint,15987744.6126,1.66259999946,2
pointer_move,15987744.3726,1.9235999994,2
input_age_ms,15987752.2839,0.000599998980761,0
draw_commands,15987752.4824,0.46759999916,0
end_draw,15987752.9501,0.798100000247,0
paint,15987752.4769,1.27139999904,2
pointer_move,15987752.2848,1.47809999995,2
input_age_ms,15987760.4749,0.00540000014007,0
draw_commands,15987760.549,0.711699999869,0
end_draw,15987761.2608,1.21169999987,0
paint,15987760.5402,1.93249999918,2
pointer_move,15987760.4807,2.01300000027,2
input_age_ms,15987768.3581,0.00029999949038,0
draw_commands,15987768.4606,0.502000000328,0
end_draw,15987768.9627,0.774199999869,0
paint,15987768.4539,1.28309999965,2
pointer_move,15987768.3588,1.3925999999,2
input_age_ms,15987776.5569,0.000399999320507,0
draw_commands,15987776.6238,0.638100000098,0
end_draw,15987777.2622,0.992300000042,0
paint,15987776.6171,1.63769999892,2
pointer_move,15987776.5576,1.72019999847,2
input_age_ms,15987784.3268,0.000199999660254,0
draw_commands,15987784.4614,0.523499999195,0
end_draw,15987784.985,0.781600000337,0
paint,15987784.4522,1.31450000033,2
pointer_move,15987784.3273,1.45910000056,2
input_age_ms,15987793.4051,0.000400001183152,15
draw_commands,15987793.9852,0.530799999833,0
end_draw,15987794.5161,0.700399998575,0
paint,15987793.9793,1.23730000108,2
pointer_move,15987793.4057,1.8264000006,2
input_age_ms,15987800.3862,0.000500001013279,0
draw_commands,15987800.5603,0.570499999449,0
end_draw,15987801.131,0.879399999976,0
paint,15987800.5522,1.45819999836,2
pointer_move,15987800.3871,1.64010000043,2
input_age_ms,15987808.2013,0.000399999320507,16
draw_commands,15987808.2942,0.552300000563,0
end_draw,15987808.8466,0.987800000235,0
paint,15987808.2866,1.54790000059,2
pointer_move,15987808.202,1.65899999999,2
input_age_ms,15987816.3362,0.000199999660254,0
draw_commands,15987816.5569,0.46759999916,0
end_draw,15987817.0246,0.750500001013,0
paint,15987816.5503,1.2248999998,2
pointer_move,15987816.3372,1.45299999975,2
input_age_ms,15987825.2086,0.000400001183152,0
draw_commands,15987825.3545,0.522700000554,0
end_draw,15987825.8773,0.764299999923,0
paint,15987825.3472,1.29449999891,2
pointer_move,15987825.2095,1.45130000077,2
input_age_ms,15987832.3706,0.00029999949038,0
draw_commands,15987832.5801,0.449100000784,0
end_draw,15987833.0292,0.656399998814,0
paint,15987832.5767,1.10899999924,2
pointer_move,15987832.3713,1.32819999941,2
input_age_ms,15987840.2112,0.000199999660254,0
draw_commands,15987840.2564,0.459699999541,0
end_draw,15987840.7162,0.77670000121,0
paint,15987840.2526,1.24040000141,2
pointer_move,15987840.2116,1.3844000008,2
input_age_ms,15987848.222,0.000400001183152,0
draw_commands,15987848.3077,0.53579999879,0
end_draw,15987848.8436,0.727300001308,0
paint,15987848.3011,1.26989999972,2
pointer_move,15987848.2228,1.36419999972,2
input_age_ms,15987856.4875,0.00029999949038,0
draw_commands,15987856.7759,0.501799998805,0
end_draw,15987857.2778,0.799200000241,0
paint,15987856.77,1.30719999969,2
pointer_move,15987856.4881,1.61040000059,2
input_age_ms,15987864.2365,0.000799998641014,0
draw_commands,15987864.3067,0.524000000209,0
end_draw,15987864.8308,0.767599999905,0
paint,15987864.2974,1.30100000091,2
pointer_move,15987864.2376,1.3778999988,2
input_age_ms,15987880.3411,0.000199999660254,0
draw_commands,15987880.5453,0.451400000602,0
end_draw,15987880.9968,0.672599999234,0
paint,15987880.5416,1.12790000066,2
pointer_move,15987880.3416,1.34210000001,2
input_age_ms,15987888.2934,9.99998301268e-05,0
draw_commands,15987888.4847,0.401799999177,0
end_draw,15987888.8866,0.625799998641,0
paint,15987888.4828,1.02969999984,2
pointer_move,15987888.2937,1.23340000026,2
input_age_ms,15987896.6421,0.000399999320507,0
draw_commands,15987896.754,0.650499999523,0
end_draw,15987897.4048,0.762199999765,0
paint,15987896.7446,1.42259999923,2
pointer_move,15987896.6429,1.54340000078,2
input_age_ms,15987904.3116,0.00029999949038,0
draw_commands,15987904.5451,0.5214000009,0
end_draw,15987905.0666,0.879599999636,0
paint,15987904.5396,1.40660000034,2
pointer_move,15987904.3122,1.6492999997,2
input_age_ms,15987912.394,0.000300001353025,0
draw_commands,15987912.6251,0.471100000665,0
end_draw,15987913.0964,0.680999999866,0
paint,15987912.6209,1.15660000034,2
pointer_move,15987912.3946,1.39699999988,2
input_age_ms,15987920.3978,0.000199999660254,0
draw_commands,15987920.6051,0.452700000256,0
end_draw,15987921.0579,0.697899999097,0
paint,15987920.5995,1.15639999881,2
pointer_move,15987920.3983,1.37270000018,2
input_age_ms,15987928.3594,0.00029999949038,0
draw_commands,15987928.5149,0.493400000036,0
end_draw,15987929.0084,0.788899999112,0
paint,15987928.5092,1.2882000003,2
pointer_move,15987928.3603,1.4542999994,2
input_age_ms,15987936.2595,9.99998301268e-05,0
draw_commands,15987936.4898,0.43779999949,0
end_draw,15987936.9277,0.708200000226,0
paint,15987936.4855,1.15049999952,2
pointer_move,15987936.2599,1.39079999924,2
input_age_ms,15987944.2135,0.000199999660254,0
draw_commands,15987944.3948,0.485600000247,0
end_draw,15987944.8805,0.698599999771,0
paint,15987944.3905,1.18869999982,2
pointer_move,15987944.2145,1.37919999845,2
input_age_ms,15987952.3809,0.000200001522899,0
draw_commands,15987952.5949,0.47309999913,0
end_draw,15987953.0681,0.704299999401,0
paint,15987952.5903,1.18220000155,2
pointer_move,15987952.3814,1.40629999898,2
input_age_ms,15987960.161,0.00029999949038,0
draw_commands,15987960.2172,0.529600000009,0
end_draw,15987960.7469,0.69830000028,0
paint,15987960.2108,1.23450000025,2
pointer_move,15987960.1616,1.29990000091,2
draw_commands,15987961.6678,0.423399999738,0
end_draw,15987962.0913,0.530700000003,0
paint,15987961.6659,0.956199999899,2
pointer_move,15987961.6428,0.992900000885,2
draw_commands,15987964.4085,0.509199999273,0
end_draw,15987964.9179,0.774600001052,0
paint,15987964.4016,1.29100000113,2
input_age_ms,15987968.5226,0.000199999660254,0
pointer_move,15987968.523,0.00830000080168,2
draw_commands,15987968.5804,0.489400001243,0
end_draw,15987969.0699,1.31949999928,0
paint,15987968.5719,1.81769999862,2
input_age_ms,15987977.1846,0.000400001183152,0
pointer_move,15987977.1854,0.0694999992847,2
input_age_ms,15987977.5963,0.000900000333786,0
pointer_move,15987977.5973,0.00609999895096,2
draw_commands,15987977.7015,0.688999999315,0
end_draw,15987978.3906,1.25349999964,0
paint,15987977.6901,1.95440000109,2
input_age_ms,15987984.6149,0.000800000503659,0
pointer_move,15987984.6159,0.00829999893904,2
draw_commands,15987984.6795,0.532199999318,0
end_draw,15987985.2118,0.823599999771,0
paint,15987984.6733,1.36219999939,2
input_age_ms,15987993.3102,0.000199999660254,0
pointer_move,15987993.3107,0.0156000014395,2
draw_commands,15987993.4435,0.702300000936,0
end_draw,15987994.1459,1.06300000101,0
paint,15987993.4325,1.77660000138,2
input_age_ms,15988000.8209,0.000199999660254,0
pointer_move,15988000.8215,0.0921999998391,2
draw_commands,15988001.0819,0.48949999921,0
end_draw,15988001.5715,0.820700000972,0
paint,15988001.0759,1.31640000083,2
input_age_ms,15988008.9783,0.000400001183152,0
pointer_move,15988008.9792,0.0127000007778,2
draw_commands,15988009.105,1.16339999996,0
end_draw,15988010.2686,1.43710000068,0
paint,15988009.0883,2.61779999919,2
input_age_ms,15988017.2328,0.000300001353025,0
pointer_move,15988017.2336,0.065700000152,2
draw_commands,15988017.4574,0.490700000897,0
end_draw,15988017.9482,1.03409999982,0
paint,15988017.4499,1.53250000067,2
input_age_ms,15988024.8642,0.000900000333786,0
pointer_move,15988024.8658,0.0276999995112,2
draw_commands,15988025.1716,0.890300000086,0
end_draw,15988026.0621,1.43439999968,0
paint,15988025.1592,2.33750000037,2
input_age_ms,15988033.0757,0.000199999660254,0
pointer_move,15988033.0764,0.0701000001281,2
draw_commands,15988033.3219,0.502599999309,0
end_draw,15988033.8246,0.850899999961,0
paint,15988033.3159,1.35969999991,2
input_age_ms,15988040.7236,0.00029999949038,0
pointer_move,15988040.7247,0.0151000004262,2
draw_commands,15988040.8585,0.671700000763,0
end_draw,15988041.5303,1.50049999915,0
paint,15988040.8483,2.18329999968,2
input_age_ms,15988048.8171,0.00029999949038,0
pointer_move,15988048.8178,0.00809999927878,2
draw_commands,15988048.9145,0.518100000918,0
end_draw,15988049.4327,0.885499998927,0
paint,15988048.9049,1.41339999996,2
input_age_ms,15988056.9518,0.000499999150634,0
pointer_move,15988056.9527,0.0125999990851,2
draw_commands,15988057.0686,0.732599999756,0
end_draw,15988057.8013,1.92970000021,0
paint,15988057.0499,2.68149999902,2
input_age_ms,15988064.9512,0.000400001183152,0
pointer_move,15988064.9521,0.0609000008553,2
draw_commands,15988065.1251,0.699100000784,0
end_draw,15988065.8243,0.945199999958,0
paint,15988065.113,1.65660000034,2
input_age_ms,15988073.218,0.000199999660254,0
pointer_move,15988073.2185,0.0340999998152,2
draw_commands,15988073.3302,0.694399999455,0
end_draw,15988074.0247,1.61939999834,0
paint,15988073.3198,2.32459999993,2
input_age_ms,15988080.8736,0.000399999320507,0
pointer_move,15988080.8743,0.0712000001222,2
draw_commands,15988081.1221,0.493600001559,0
end_draw,15988081.6158,0.83189999871,0
paint,15988081.1154,1.33239999972,2
input_age_ms,15988096.7983,0.000500001013279,0
pointer_move,15988096.7995,0.00940000079572,2
draw_commands,15988096.9005,0.65210000053,0
end_draw,15988097.5527,1.04120000079,0
paint,15988096.8884,1.70560000092,2
input_age_ms,15988104.664,0.000199999660254,0
pointer_move,15988104.6644,0.007199998945,2
draw_commands,15988104.7311,0.503100000322,0
end_draw,15988105.2343,0.756699999794,0
paint,15988104.7254,1.26569999941,2
input_age_ms,15988112.8011,0.000199999660254,0
pointer_move,15988112.8016,0.0733000002801,2
draw_commands,15988113.0587,0.49489999935,0
end_draw,15988113.5537,0.689600000158,0
paint,15988113.0518,1.19150000066,2
input_age_ms,15988120.8545,0.000199999660254,15
pointer_move,15988120.855,0.0460000000894,2
draw_commands,15988120.9891,0.485200000927,0
end_draw,15988121.4744,0.763399999589,0
paint,15988120.9832,1.25469999947,2
input_age_ms,15988129.0281,0.000499999150634,0
pointer_move,15988129.0289,0.0594000015408,2
draw_commands,15988129.2543,0.482000000775,0
end_draw,15988129.7364,0.72329999879,0
paint,15988129.2472,1.2126000002,2
input_age_ms,15988136.6563,0.00029999949038,16
pointer_move,15988136.6569,0.0122999995947,2
draw_commands,15988136.7639,0.503200000152,0
end_draw,15988137.2672,0.757699999958,0
paint,15988136.7547,1.27030000091,2
input_age_ms,15988152.7708,0.000199999660254,0
pointer_move,15988152.7712,0.0941000003368,2
draw_commands,15988153.3738,0.470499999821,0
end_draw,15988153.8444,0.769799999893,0
paint,15988153.3685,1.24579999968,2
draw_commands,15988155.6325,0.457799999043,0
end_draw,15988156.0904,0.613000001758,0
paint,15988155.6305,1.07300000079,2
input_age_ms,15988160.1889,0.000500001013279,0
draw_commands,15988160.2415,0.519899999723,0
end_draw,15988160.7614,0.717199999839,0
paint,15988160.2354,1.24319999851,2
pointer_move,15988160.1896,1.30700000003,2
input_age_ms,15988168.1972,0.000399999320507,0
draw_commands,15988168.2627,0.488099999726,0
end_draw,15988168.7509,0.766699999571,0
paint,15988168.2568,1.26090000011,2
pointer_move,15988168.1983,1.33609999903,2
input_age_ms,15988176.8951,0.000500001013279,0
draw_commands,15988177.0849,0.88540000096,0
end_draw,15988177.9706,1.14100000076,0
paint,15988177.0746,2.03729999997,2
pointer_move,15988176.8961,2.2435999997,2
input_age_ms,15988184.2996,0.000600000843406,0
draw_commands,15988184.5408,0.483300000429,0
end_draw,15988185.0242,0.760099999607,0
paint,15988184.5354,1.24899999984,2
pointer_move,15988184.3005,1.49899999984,2
input_age_ms,15988192.432,0.000600000843406,0
draw_commands,15988192.6395,0.681300001219,0
end_draw,15988193.3209,0.839099999517,0
paint,15988192.632,1.52810000069,2
pointer_move,15988192.4335,1.74510000087,2
input_age_ms,15988200.1364,0.000300001353025,0
draw_commands,15988200.2021,0.46960000135,0
end_draw,15988200.6718,0.770499998704,0
paint,15988200.1954,1.24699999951,2
pointer_move,15988200.137,1.32069999911,2
input_age_ms,15988208.4826,0.000700000673532,0
draw_commands,15988208.5725,0.686200000346,0
end_draw,15988209.2588,0.949200000614,0
paint,15988208.5622,1.64619999938,2
pointer_move,15988208.4837,1.74660000019,2
input_age_ms,15988216.227,0.00029999949038,0
draw_commands,15988216.2912,0.518799999729,0
end_draw,15988216.81,0.712500000373,0
paint,15988216.2855,1.23710000142,2
pointer_move,15988216.2276,1.31009999849,2
input_age_ms,15988224.2679,9.99998301268e-05,0
draw_commands,15988224.4777,0.517999999225,0
end_draw,15988224.9958,0.988600000739,0
paint,15988224.4751,1.50950000063,2
pointer_move,15988224.2682,1.74519999884,2
input_age_ms,15988232.7085,0.00100000016391,0
draw_commands,15988232.9015,0.520800000057,0
end_draw,15988233.4225,0.736000001431,0
paint,15988232.8945,1.26410000026,2
pointer_move,15988232.71,1.46339999884,2
input_age_ms,15988241.1573,0.000900000333786,0
draw_commands,15988241.7538,2.55190000124,0
end_draw,15988244.3066,3.75359999947,0
paint,15988241.7429,6.31789999828,2
pointer_move,15988241.1593,8.190200001,2
input_age_ms,15988251.6933,0.000600000843406,0
draw_commands,15988252.1248,1.35170000046,0
end_draw,15988253.4768,1.94769999944,0
paint,15988252.1146,3.31049999967,2
pointer_move,15988251.6952,3.77569999918,2
input_age_ms,15988256.663,0.000399999320507,0
draw_commands,15988256.9106,0.929500000551,0
end_draw,15988257.8403,1.9896000009,0
paint,15988256.9065,2.92410000041,2
pointer_move,15988256.664,3.2248999998,2
input_age_ms,15988265.7138,0.000399999320507,0
draw_commands,15988265.784,0.510099999607,0
end_draw,15988266.2942,0.734900001436,0
paint,15988265.7764,1.25280000083,2
pointer_move,15988265.7146,1.32959999889,2
input_age_ms,15988272.3143,0.000199999660254,0
draw_commands,15988272.5259,0.401099998504,0
end_draw,15988272.9271,0.518599998206,0
paint,15988272.5244,0.921400001273,2
pointer_move,15988272.3147,1.14430000074,2
input_age_ms,15988280.2505,0.000300001353025,0
draw_commands,15988280.3109,0.480399999768,0
end_draw,15988280.7914,0.686599999666,0
paint,15988280.3065,1.17149999924,2
pointer_move,15988280.2511,1.24110000022,2
input_age_ms,15988288.3398,9.99998301268e-05,0
draw_commands,15988288.5647,0.440999999642,0
end_draw,15988289.0058,0.623999999836,0
paint,15988288.5616,1.06829999946,2
pointer_move,15988288.3402,1.30389999971,2
input_age_ms,15988296.4005,0.000300001353025,0
draw_commands,15988296.6003,0.466000000015,0
end_draw,15988297.0664,0.66619999893,0
paint,15988296.5951,1.13759999909,2
pointer_move,15988296.4012,1.34549999982,2
input_age_ms,15988304.2544,0.000199999660254,0
draw_commands,15988304.4705,0.435800001025,0
end_draw,15988304.9064,0.652300000191,0
paint,15988304.4673,1.09150000103,2
pointer_move,15988304.255,1.31849999912,2
input_age_ms,15988312.3732,0.000700000673532,0
draw_commands,15988312.4551,0.543600000441,0
end_draw,15988312.9988,0.68720000051,0
paint,15988312.4415,1.24459999986,2
pointer_move,15988312.3745,1.32699999958,2
input_age_ms,15988320.3049,9.99998301268e-05,0
draw_commands,15988320.5162,0.424999998882,0
end_draw,15988320.9413,0.614300001413,0
paint,15988320.5141,1.04160000011,2
pointer_move,15988320.3052,1.26590000093,2
input_age_ms,15988328.2926,0.00029999949038,0
draw_commands,15988328.4919,0.468200000003,0
end_draw,15988328.9602,0.715299999341,0
paint,15988328.4876,1.18789999932,2
pointer_move,15988328.2933,1.39650000073,2
input_age_ms,15988336.2381,9.99998301268e-05,0
draw_commands,15988336.4692,0.423499999568,0
end_draw,15988336.8928,0.835699999705,0
paint,15988336.4675,1.26109999977,2
pointer_move,15988336.2384,1.53960000165,2
input_age_ms,15988352.3446,0.000199999660254,0
draw_commands,15988352.5702,0.45350000076,0
end_draw,15988353.0238,0.794399999082,0
paint,15988352.5642,1.25409999862,2
pointer_move,15988352.3451,1.48900000006,2
input_age_ms,15988376.1744,0.000399999320507,0
draw_commands,15988376.2345,0.503100000322,0
end_draw,15988376.7377,0.803299998865,0
paint,15988376.2305,1.3105999995,2
pointer_move,15988376.1751,1.38389999978,2
input_age_ms,15988400.1298,0.000400001183152,0
draw_commands,15988400.1834,0.514299999923,0
end_draw,15988400.6978,0.740400001407,0
paint,15988400.1761,1.26219999976,2
pointer_move,15988400.1305,1.32489999942,2
draw_commands,15988456.7153,0.491400001571,0
end_draw,15988457.2068,0.742199998349,0
paint,15988456.7102,1.23890000023,2
pointer_move,15988456.6768,1.28710000031,2
draw_commands,15988458.3824,0.497999999672,0
end_draw,15988458.8804,0.897399999201,0
paint,15988458.3801,1.39800000004,2
input_age_ms,15988476.0704,0.000199999660254,0
pointer_move,15988476.0708,0.00889999978244,2
draw_commands,15988476.1313,0.486700000241,0
end_draw,15988476.6182,1.24509999901,0
paint,15988476.1253,1.73860000074,2
input_age_ms,15988600.3152,0.000400001183152,0
pointer_move,15988600.3158,0.00530000030994,2
draw_commands,15988600.3619,0.527400000021,0
end_draw,15988600.8894,1.01539999992,0
paint,15988600.3563,1.5485999994,2
input_age_ms,15988609.4736,0.000199999660254,0
pointer_move,15988609.474,0.0655000004917,2
draw_commands,15988609.7117,0.484999999404,0
end_draw,15988610.1968,0.660200001672,0
paint,15988609.7073,1.14980000071,2
input_age_ms,15988617.4071,0.000300001353025,0
pointer_move,15988617.4077,0.101999999955,2
draw_commands,15988617.6838,0.458699999377,0
end_draw,15988618.1426,0.730800000951,0
paint,15988617.6779,1.19560000114,2
input_age_ms,15988624.7159,0.000199999660254,0
pointer_move,15988624.7163,0.0372999999672,2
draw_commands,15988624.895,0.489800000563,0
end_draw,15988625.3849,0.81230000034,0
paint,15988624.8916,1.30570000038,2
input_age_ms,15988632.8608,0.00029999949038,0
pointer_move,15988632.8618,0.011499999091,2
draw_commands,15988632.9663,0.468200000003,0
end_draw,15988633.4346,0.717000000179,0
paint,15988632.9608,1.19089999981,2
input_age_ms,15988640.6754,0.000199999660254,0
pointer_move,15988640.6758,0.00989999994636,2
draw_commands,15988640.7645,0.406700000167,0
end_draw,15988641.1713,0.80729999952,0
paint,15988640.7627,1.21600000001,2
input_age_ms,15988649.5179,0.000300001353025,0
pointer_move,15988649.5184,0.00870000012219,2
draw_commands,15988649.6659,0.503800000995,0
end_draw,15988650.1698,0.800699999556,0
paint,15988649.6595,1.31110000052,2
input_age_ms,15988656.8924,0.000199999660254,0
pointer_move,15988656.8929,0.0706000011414,2
draw_commands,15988657.1347,0.458300000057,0
end_draw,15988657.5931,0.911499999464,0
paint,15988657.1298,1.37490000017,2
input_age_ms,15988664.6873,0.000599998980761,0
pointer_move,15988664.6883,0.0121999997646,2
draw_commands,15988664.804,0.541500000283,0
end_draw,15988665.3456,1.01170000061,0
paint,15988664.7941,1.5633000005,2
input_age_ms,15988672.9653,0.000300001353025,0
pointer_move,15988672.9659,0.0394999999553,2
draw_commands,15988673.1301,0.499699998647,0
end_draw,15988673.6299,0.709900001064,0
paint,15988673.1253,1.21460000053,2
input_age_ms,15988681.4585,0.00029999949038,0
pointer_move,15988681.4591,0.138399999589,2
draw_commands,15988681.8721,0.493600001559,0
end_draw,15988682.3658,0.920799998567,0
paint,15988681.8661,1.42059999891,2
input_age_ms,15988688.7986,9.99998301268e-05,0
pointer_move,15988688.799,0.0681999996305,2
draw_commands,15988689.0458,0.480999998748,0
end_draw,15988689.5269,0.693499999121,0
paint,15988689.04,1.18050000072,2
input_age_ms,15988697.8873,0.00029999949038,0
pointer_move,15988697.888,0.204399999231,2
draw_commands,15988699.2397,0.466599998996,0
end_draw,15988699.7064,0.850700000301,0
paint,15988699.2344,1.32279999927,2
input_age_ms,15988712.7977,0.00029999949038,0
pointer_move,15988712.7983,0.0104000009596,2
draw_commands,15988712.9001,0.540599999949,0
end_draw,15988713.4408,0.891799999401,0
paint,15988712.894,1.43880000152,2
input_age_ms,15988728.9033,0.000199999660254,0
pointer_move,15988728.9039,0.106700001284,2
draw_commands,15988729.2416,0.52150000073,0
end_draw,15988729.7632,0.976700000465,0
paint,15988729.2366,1.50339999981,2
draw_commands,15988753.5725,0.440600000322,0
end_draw,15988754.0132,0.768600000069,0
paint,15988753.5679,1.21419999935,2
input_age_ms,15988768.1617,0.000300001353025,0
draw_commands,15988768.1983,0.443599998951,0
end_draw,15988768.642,0.686599999666,0
paint,15988768.1933,1.13540000096,2
pointer_move,15988768.1623,1.18099999987,2
input_age_ms,15988776.3217,0.000400001183152,0
draw_commands,15988776.5551,0.582800000906,0
end_draw,15988777.1382,1.22780000046,0
paint,15988776.5502,1.8161999993,2
pointer_move,15988776.3223,2.0728999991,2
input_age_ms,15988784.3833,0.000199999660254,0
draw_commands,15988784.6347,0.459300000221,0
end_draw,15988785.0941,0.766799999401,0
paint,15988784.6281,1.23289999925,2
pointer_move,15988784.3838,1.49230000004,2
input_age_ms,15988792.698,0.0124999992549,0
draw_commands,15988792.8018,0.560600001365,0
end_draw,15988793.3626,0.826600000262,0
paint,15988792.7954,1.39400000125,2
pointer_move,15988792.7117,1.49780000001,2
input_age_ms,15988800.421,0.000499999150634,0
draw_commands,15988800.6296,0.52670000121,0
end_draw,15988801.1564,0.922999998555,0
paint,15988800.6215,1.45800000057,2
pointer_move,15988800.422,1.67290000059,2
input_age_ms,15988808.1424,0.000199999660254,0
draw_commands,15988808.2782,0.550200000405,0
end_draw,15988808.8285,1.07340000011,0
paint,15988808.2711,1.63100000098,2
pointer_move,15988808.1429,1.79660000093,2
input_age_ms,15988816.2147,0.000499999150634,0
draw_commands,15988816.2769,0.523399999365,0
end_draw,15988816.8004,0.686799999326,0
paint,15988816.2682,1.21909999847,2
pointer_move,15988816.2156,1.28539999947,2
input_age_ms,15988824.1827,0.000199999660254,0
draw_commands,15988824.2339,0.456500001252,0
end_draw,15988824.6905,1.13449999876,0
paint,15988824.2293,1.595900001,2
pointer_move,15988824.1832,1.66980000027,2
input_age_ms,15988832.4382,0.000199999660254,0
draw_commands,15988832.6556,0.493599999696,0
end_draw,15988833.1493,0.778200000525,0
paint,15988832.6498,1.27779999934,2
pointer_move,15988832.4387,1.50500000082,2
input_age_ms,15988840.0859,0.000300001353025,0
draw_commands,15988840.1369,0.452700000256,0
end_draw,15988840.5896,0.781199999154,0
paint,15988840.1325,1.23839999922,2
pointer_move,15988840.0864,1.30109999888,2
input_age_ms,15988848.3482,0.000499999150634,0
draw_commands,15988848.5626,0.487199999392,0
end_draw,15988849.0499,1.47789999843,0
paint,15988848.5571,1.97120000049,2
pointer_move,15988848.3491,2.23220000044,2
input_age_ms,15988856.2519,0.00029999949038,0
draw_commands,15988856.4624,0.46219999902,0
end_draw,15988856.9247,0.789200000465,0
paint,15988856.4565,1.2575000003,2
pointer_move,15988856.2525,1.47990000062,2
input_age_ms,15988864.3851,0.000199999660254,0
draw_commands,15988864.5992,0.476200001314,0
end_draw,15988865.0755,1.35149999894,0
paint,15988864.5944,1.83339999989,2
pointer_move,15988864.3856,2.79739999957,2
input_age_ms,15988872.1862,0.000199999660254,0
draw_commands,15988872.2998,0.503400001675,0
end_draw,15988872.8033,0.797799998894,0
paint,15988872.2947,1.30649999902,2
pointer_move,15988872.1867,1.43490000069,2
input_age_ms,15988880.2988,0.00029999949038,0
draw_commands,15988880.4901,0.539999999106,0
end_draw,15988881.0302,0.855799999088,0
paint,15988880.4846,1.40149999969,2
pointer_move,15988880.2994,1.60459999926,2
input_age_ms,15988888.1767,0.000199999660254,0
draw_commands,15988888.2276,0.454299999401,0
end_draw,15988888.682,0.803500000387,0
paint,15988888.2222,1.26349999942,2
pointer_move,15988888.1772,1.32989999838,2
input_age_ms,15988896.6033,0.000700000673532,0
draw_commands,15988896.8479,0.515300000086,0
end_draw,15988897.3633,0.741299999878,0
paint,15988896.8423,1.26239999942,2
pointer_move,15988896.6046,1.5150000006,2
input_age_ms,15988904.226,0.00029999949038,0
draw_commands,15988904.2778,0.445700000972,0
end_draw,15988904.7236,0.740299999714,0
paint,15988904.2746,1.18960000016,2
pointer_move,15988904.2265,1.25689999945,2
input_age_ms,15988912.2917,0.000399999320507,0
draw_commands,15988912.5023,0.478099999949,0
end_draw,15988912.9805,0.716299999505,0
paint,15988912.4971,1.19980000146,2
pointer_move,15988912.2925,1.41919999942,2
input_age_ms,15988920.2243,0.000499999150634,0
draw_commands,15988920.3025,0.436499999836,0
end_draw,15988920.7391,0.699500000104,0
paint,15988920.3001,1.13849999942,2
pointer_move,15988920.225,1.23120000027,2
input_age_ms,15988928.3353,0.000399999320507,0
draw_commands,15988928.4424,0.722200000659,0
end_draw,15988929.1649,0.888600001112,0
paint,15988928.4311,1.62240000069,2
pointer_move,15988928.3369,1.73750000075,2
input_age_ms,15988936.3713,0.00029999949038,0
draw_commands,15988936.5085,0.5055999998,0
end_draw,15988937.0142,0.78009999916,0
paint,15988936.5026,1.29179999977,2
pointer_move,15988936.3719,1.440200001,2
input_age_ms,15988944.2989,0.00029999949038,0
draw_commands,15988944.6931,0.514499999583,0
end_draw,15988945.2077,0.677300000563,0
paint,15988944.6894,1.19569999911,2
pointer_move,15988944.2994,1.60050000064,2
input_age_ms,15988952.2558,0.000600000843406,0
draw_commands,15988952.332,0.495199998841,0
end_draw,15988952.8272,0.793700000271,0
paint,15988952.3221,1.29889999889,2
pointer_move,15988952.2567,1.38450000063,2
input_age_ms,15988960.276,0.000199999660254,0
draw_commands,15988960.4993,0.483500000089,0
end_draw,15988960.9829,0.71400000155,0
paint,15988960.4959,1.20110000111,2
pointer_move,15988960.2765,1.43580000103,2
input_age_ms,15988968.2058,0.00029999949038,0
draw_commands,15988968.2647,0.474400000647,0
end_draw,15988968.7394,0.838800000027,0
paint,15988968.2587,1.31959999911,2
pointer_move,15988968.2065,1.3889000006,2
input_age_ms,15988976.289,0.000199999660254,0
draw_commands,15988976.5096,0.532099999487,0
end_draw,15988977.0418,1.05340000056,0
paint,15988976.5025,1.59360000119,2
pointer_move,15988976.2896,1.82599999942,2
input_age_ms,15988984.2699,0.000400001183152,0
draw_commands,15988984.3589,0.483800001442,0
end_draw,15988984.8428,0.757099999115,0
paint,15988984.3531,1.24689999968,2
pointer_move,15988984.2706,1.34489999898,2
input_age_ms,15988992.3331,0.000399999320507,0
draw_commands,15988992.3981,0.554199999198,0
end_draw,15988992.9524,0.925899999216,0
paint,15988992.3878,1.4905999992,2
pointer_move,15988992.3339,1.5680999998,2
input_age_ms,15989000.2198,0.000300001353025,0
draw_commands,15989000.2772,0.524100000039,0
end_draw,15989000.8014,0.889000000432,0
paint,15989000.2694,1.42109999992,2
pointer_move,15989000.2205,1.4860999994,2
input_age_ms,15989016.1031,0.000199999660254,0
draw_commands,15989016.1545,0.491200000048,0
end_draw,15989016.6458,0.76060000062,0
paint,15989016.1493,1.25720000081,2
pointer_move,15989016.1036,1.32120000012,2
draw_commands,15989032.5715,0.470900001004,0
end_draw,15989033.0425,0.821599999443,0
paint,15989032.5662,1.29800000042,2
pointer_move,15989032.5282,1.35190000013,2
draw_commands,15989034.9914,0.481699999422,0
end_draw,15989035.4736,0.760499998927,0
paint,15989034.9876,1.24649999849,2
input_age_ms,15989043.2329,0.000200001522899,0
pointer_move,15989043.2334,0.0102999992669,2
draw_commands,15989043.3011,0.576399998739,0
end_draw,15989043.8775,1.30169999972,0
paint,15989043.2927,1.88670000061,2
input_age_ms,15989112.361,0.000199999660254,0
pointer_move,15989112.3613,0.00649999827147,2
draw_commands,15989112.4084,0.456400001422,0
end_draw,15989112.8649,0.75569999963,0
paint,15989112.4037,1.21700000018,2
input_age_ms,15989824.2601,0.000199999660254,0
pointer_move,15989824.2608,0.00630000047386,2
draw_commands,15989824.3919,0.691100001335,0
end_draw,15989825.0832,1.63759999909,0
paint,15989824.3873,2.3339000009,2
input_age_ms,15989832.2688,0.00029999949038,0
pointer_move,15989832.2693,0.00650000013411,2
draw_commands,15989832.3206,0.468900000677,0
end_draw,15989832.7896,0.789799999446,0
paint,15989832.3146,1.26490000077,2
input_age_ms,15989848.2443,0.000199999660254,0
pointer_move,15989848.2446,0.00669999979436,2
draw_commands,15989848.2941,0.472799999639,0
end_draw,15989848.767,0.730499999598,0
paint,15989848.2884,1.20920000039,2
input_age_ms,15989856.268,0.000200001522899,0
pointer_move,15989856.2684,0.00659999996424,2
draw_commands,15989856.3199,0.488900000229,0
end_draw,15989856.8088,0.928999999538,0
paint,15989856.3146,1.42349999957,2
input_age_ms,15989864.301,0.000199999660254,0
pointer_move,15989864.3014,0.00650000013411,2
draw_commands,15989864.3593,0.510499998927,0
end_draw,15989864.8699,0.841600000858,0
paint,15989864.3528,1.35889999941,2
input_age_ms,15989872.3042,0.000300001353025,0
pointer_move,15989872.3046,0.00569999963045,2
draw_commands,15989872.3508,0.597599999979,0
end_draw,15989872.9485,0.823699999601,0
paint,15989872.3465,1.42589999922,2
input_age_ms,15989880.3219,0.000199999660254,0
pointer_move,15989880.3223,0.00659999996424,2
draw_commands,15989880.3758,0.548999998719,0
end_draw,15989880.9253,0.830599999055,0
paint,15989880.3705,1.38549999893,2
input_age_ms,15989888.2837,0.000199999660254,0
pointer_move,15989888.2841,0.0061000008136,2
draw_commands,15989888.3383,0.512899998575,0
end_draw,15989888.8514,1.14780000038,0
paint,15989888.3325,1.66720000096,2
input_age_ms,15989896.8124,0.000599998980761,0
pointer_move,15989896.8133,0.0148999989033,2
draw_commands,15989896.9508,0.636500000954,0
end_draw,15989897.5876,0.839299999177,0
paint,15989896.9401,1.4868999999,2
input_age_ms,15989904.8306,0.000399999320507,0
pointer_move,15989904.8315,0.0801999997348,2
draw_commands,15989905.1236,0.546000000089,0
end_draw,15989905.6697,0.742699999362,0
paint,15989905.1159,1.29649999924,2
input_age_ms,15989912.2363,0.000199999660254,0
pointer_move,15989912.2367,0.00640000030398,2
draw_commands,15989912.2845,0.509000001475,0
end_draw,15989912.7936,0.708599999547,0
paint,15989912.2806,1.22169999965,2
input_age_ms,15989920.6686,0.00029999949038,0
pointer_move,15989920.6692,0.00790000148118,2
draw_commands,15989920.812,0.48389999941,0
end_draw,15989921.296,0.784199999645,0
paint,15989920.8063,1.27390000038,2
input_age_ms,15989928.5012,0.000500001013279,0
pointer_move,15989928.5021,0.00850000046194,2
draw_commands,15989928.5659,0.73379999958,0
end_draw,15989929.2998,1.20590000041,0
paint,15989928.5603,1.94590000063,2
input_age_ms,15989936.9628,0.000700000673532,0
pointer_move,15989936.9637,0.00860000029206,2
draw_commands,15989937.054,0.937000000849,0
end_draw,15989937.9912,0.786399999633,0
paint,15989937.0425,1.73519999906,2
input_age_ms,15989944.5528,0.000199999660254,0
pointer_move,15989944.5533,0.0101999994367,2
draw_commands,15989944.6334,0.592299999669,0
end_draw,15989945.2257,0.839999999851,0
paint,15989944.6253,1.44060000032,2
input_age_ms,15989952.5022,0.00029999949038,0
pointer_move,15989952.5027,0.00769999995828,2
draw_commands,15989952.5635,0.538499999791,0
end_draw,15989953.102,0.814899999648,0
paint,15989952.5574,1.35960000008,2
input_age_ms,15989960.2896,0.00029999949038,0
pointer_move,15989960.29,0.00750000029802,2
draw_commands,15989960.3496,0.541899999604,0
end_draw,15989960.892,0.892999999225,0
paint,15989960.3425,1.44260000065,2
input_age_ms,15989968.386,9.99998301268e-05,0
pointer_move,15989968.3863,0.00680000148714,2
draw_commands,15989968.4456,0.497899999842,0
end_draw,15989968.9435,0.799200000241,0
paint,15989968.4368,1.30599999987,2
input_age_ms,15990024.242,0.000199999660254,0
pointer_move,15990024.2424,0.00659999996424,2
draw_commands,15990024.2933,0.462700000033,0
end_draw,15990024.7561,1.0578999985,0
paint,15990024.2879,1.52639999986,2
input_age_ms,15990032.2261,0.00029999949038,0
pointer_move,15990032.2265,0.00659999996424,2
draw_commands,15990032.2782,0.49990000017,0
end_draw,15990032.7782,0.791799999774,0
paint,15990032.2728,1.29729999974,2
input_age_ms,15990040.2208,0.000200001522899,0
pointer_move,15990040.2211,0.00659999996424,2
draw_commands,15990040.2695,0.472300000489,0
end_draw,15990040.7418,0.726399999112,0
paint,15990040.2643,1.20399999991,2
input_age_ms,15990048.4015,0.00029999949038,0
pointer_move,15990048.4023,0.0077999997884,2
draw_commands,15990048.4667,0.510299999267,0
end_draw,15990048.9772,0.743300000206,0
paint,15990048.4624,1.25809999928,2
input_age_ms,15990056.3663,0.000600000843406,0
pointer_move,15990056.3672,0.0058999992907,2
draw_commands,15990056.4202,0.451899999753,0
end_draw,15990056.8722,0.696700001135,0
paint,15990056.4168,1.15220000036,2
input_age_ms,15990064.4118,0.00029999949038,0
pointer_move,15990064.4126,0.00690000131726,2
draw_commands,15990064.4882,0.516499999911,0
end_draw,15990065.0048,0.71980000101,0
paint,15990064.4736,1.25109999999,2
input_age_ms,15990072.3088,0.00029999949038,0
pointer_move,15990072.3093,0.00600000098348,2
draw_commands,15990072.3608,0.476099999622,0
end_draw,15990072.837,0.807600000873,0
paint,15990072.354,1.29089999944,2
input_age_ms,15990080.3184,0.000200001522899,0
pointer_move,15990080.3189,0.00679999962449,2
draw_commands,15990080.3709,0.523800000548,0
end_draw,15990080.8947,0.955199999735,0
paint,15990080.3651,1.48530000076,2
input_age_ms,15990088.3427,0.000199999660254,0
pointer_move,15990088.3431,0.00679999962449,2
draw_commands,15990088.399,0.477499999106,0
end_draw,15990088.8766,0.745200000703,0
paint,15990088.3931,1.22879999876,2
input_age_ms,15990096.673,0.000900000333786,0
pointer_move,15990096.6748,0.0057000014931,2
draw_commands,15990096.7266,0.486899999902,0
end_draw,15990097.2137,0.728199999779,0
paint,15990096.7212,1.22079999931,2
input_age_ms,15990104.3682,0.000199999660254,0
pointer_move,15990104.3687,0.00870000012219,2
draw_commands,15990104.4332,0.484100000933,0
end_draw,15990104.9174,0.748499998823,0
paint,15990104.4251,1.24099999852,2
input_age_ms,15990112.3997,0.000199999660254,0
pointer_move,15990112.4001,0.00769999995828,2
draw_commands,15990112.4713,0.558699999005,0
end_draw,15990113.0301,0.729400001466,0
paint,15990112.4647,1.2949000001,2
input_age_ms,15990120.3003,0.000499999150634,0
pointer_move,15990120.301,0.00739999860525,2
draw_commands,15990120.3543,0.563300000504,0
end_draw,15990120.9177,0.751699998975,0
paint,15990120.3475,1.32239999995,2
input_age_ms,15990128.3655,0.000200001522899,0
pointer_move,15990128.3659,0.00809999927878,2
draw_commands,15990128.4261,0.506899999455,0
end_draw,15990128.9331,0.84789999947,0
paint,15990128.4194,1.36160000041,2
input_age_ms,15990136.3031,0.000200001522899,0
pointer_move,15990136.3034,0.00679999962449,2
draw_commands,15990136.3537,0.499399999157,0
end_draw,15990136.8531,0.757999999449,0
paint,15990136.3482,1.26299999841,2
input_age_ms,15990192.8222,0.00029999949038,0
pointer_move,15990192.8229,0.00840000063181,2
draw_commands,15990192.9936,0.548200000077,0
end_draw,15990193.5419,0.844200000167,0
paint,15990192.9851,1.40139999986,2
input_age_ms,15990200.2509,0.000199999660254,0
pointer_move,15990200.2513,0.00640000030398,2
draw_commands,15990200.2974,0.533900000155,0
end_draw,15990200.8314,1.00690000132,0
paint,15990200.293,1.54560000077,2
input_age_ms,15990208.5227,0.000199999660254,0
pointer_move,15990208.5232,0.00700000114739,2
draw_commands,15990208.578,0.526699999347,0
end_draw,15990209.1049,0.858099998906,0
paint,15990208.5717,1.3916000016,2
input_age_ms,15990216.352,0.000199999660254,0
pointer_move,15990216.3524,0.00590000115335,2
draw_commands,15990216.401,0.622899999842,0
end_draw,15990217.0241,0.821100000292,0
paint,15990216.3959,1.4495000001,2
input_age_ms,15990232.2647,0.000300001353025,0
pointer_move,15990232.2651,0.00619999878109,2
draw_commands,15990232.3164,0.477699998766,0
end_draw,15990232.7942,0.780500000343,0
paint,15990232.311,1.26379999891,2
input_age_ms,15990240.3082,0.000199999660254,0
pointer_move,15990240.3085,0.00580000132322,2
draw_commands,15990240.3534,0.549200000241,0
end_draw,15990240.9027,0.786900000647,0
paint,15990240.3485,1.34119999968,2
input_age_ms,15990394.0018,0.000599998980761,0
pointer_move,15990394.0029,0.016799999401,2
draw_commands,15990394.1476,1.43139999919,0
end_draw,15990395.5793,2.26630000025,0
paint,15990394.137,3.70900000073,2
input_age_ms,15990416.2442,0.000199999660254,0
pointer_move,15990416.2446,0.00579999946058,2
draw_commands,15990416.2971,0.47289999947,0
end_draw,15990416.7701,0.679800000042,0
paint,15990416.2929,1.15709999949,2
input_age_ms,15990440.3671,0.00029999949038,0
pointer_move,15990440.3676,0.00630000047386,2
draw_commands,15990440.418,0.455500001088,0
end_draw,15990440.8736,0.928299998865,0
paint,15990440.4128,1.38920000009,2
input_age_ms,15990464.2477,0.000599998980761,0
pointer_move,15990464.2486,0.00569999963045,2
draw_commands,15990464.2956,0.44849999994,0
end_draw,15990464.7442,0.692499998957,0
paint,15990464.292,1.14470000006,2
input_age_ms,15990488.3343,0.000199999660254,0
pointer_move,15990488.3346,0.00669999979436,2
draw_commands,15990488.383,0.459599999711,0
end_draw,15990488.8426,0.700200000778,0
paint,15990488.378,1.16489999928,2
input_age_ms,15990496.3087,0.00029999949038,0
pointer_move,15990496.3091,0.00569999963045,2
draw_commands,15990496.3544,0.556600000709,0
end_draw,15990496.9111,0.979000000283,0
paint,15990496.3498,1.54040000029,2
input_age_ms,15990504.3148,9.99998301268e-05,0
pointer_move,15990504.3151,0.00439999997616,2
draw_commands,15990504.3509,0.407500000671,0
end_draw,15990504.7585,0.586199998856,0
paint,15990504.3486,0.996199999005,2
input_age_ms,15990513.7712,0.000300001353025,0
pointer_move,15990513.7718,0.0619999989867,2
draw_commands,15990514.1074,0.487500000745,0
end_draw,15990514.595,0.708899999037,0
paint,15990514.1016,1.20229999907,2
input_age_ms,15990520.481,0.000799998641014,0
pointer_move,15990520.4821,0.00760000012815,2
draw_commands,15990520.5401,0.481999998912,0
end_draw,15990521.0221,0.69299999997,0
paint,15990520.5334,1.18180000037,2
input_age_ms,15990531.4949,0.00100000016391,0
pointer_move,15990531.4968,0.109400000423,2
draw_commands,15990532.3302,1.92370000109,0
end_draw,15990534.2544,2.63460000046,0
paint,15990532.3186,4.57079999894,2
input_age_ms,15990537.4061,0.000200001522899,0
pointer_move,15990537.407,0.0172000005841,2
draw_commands,15990537.556,1.44720000029,0
end_draw,15990539.0034,1.77920000069,0
paint,15990537.5489,3.23399999924,2
input_age_ms,15990545.712,0.000500001013279,0
pointer_move,15990545.7128,0.0123999994248,2
draw_commands,15990545.8187,1.029099999,0
end_draw,15990546.8479,1.41000000015,0
paint,15990545.8108,2.44730000012,2
input_age_ms,15990552.4576,0.000300001353025,0
pointer_move,15990552.4581,0.00750000029802,2
draw_commands,15990552.5219,0.736999999732,0
end_draw,15990553.259,0.892799999565,0
paint,15990552.5183,1.63360000029,2
input_age_ms,15990560.9382,0.00029999949038,0
pointer_move,15990560.9389,0.0110999997705,2
draw_commands,15990561.0266,0.713999999687,0
end_draw,15990561.7407,1.0493999999,0
paint,15990561.0155,1.77490000054,2
input_age_ms,15990568.5071,0.000300001353025,0
pointer_move,15990568.5076,0.00819999910891,2
draw_commands,15990568.5742,0.544699998572,0
end_draw,15990569.119,0.827199999243,0
paint,15990568.564,1.38230000064,2
input_age_ms,15990576.5614,0.00029999949038,0
pointer_move,15990576.562,0.0100999996066,2
draw_commands,15990576.6467,0.537299999967,0
end_draw,15990577.184,0.838899999857,0
paint,15990576.6354,1.38770000078,2
input_age_ms,15990584.4316,9.99998301268e-05,0
pointer_move,15990584.4318,0.0054999999702,2
draw_commands,15990584.4723,0.441299999133,0
end_draw,15990584.9136,0.57880000025,0
paint,15990584.4697,1.02270000055,2
input_age_ms,15990592.735,0.000200001522899,0
pointer_move,15990592.7355,0.00760000012815,2
draw_commands,15990592.794,0.517100000754,0
end_draw,15990593.3111,0.7854999993,0
paint,15990592.7881,1.308699999,2
input_age_ms,15990600.4869,0.000199999660254,0
pointer_move,15990600.4873,0.00620000064373,2
draw_commands,15990600.5403,0.47849999927,0
end_draw,15990601.0189,0.712899999693,0
paint,15990600.5329,1.19899999909,2
input_age_ms,15990608.423,0.000599998980761,0
pointer_move,15990608.4238,0.0203999988735,2
draw_commands,15990608.4984,0.528299998492,0
end_draw,15990609.0268,0.910099999979,0
paint,15990608.492,1.44529999979,2
input_age_ms,15990616.492,0.000199999660254,0
pointer_move,15990616.4924,0.0061000008136,2
draw_commands,15990616.5409,0.493700001389,0
end_draw,15990617.0346,0.685799999163,0
paint,15990616.5354,1.18510000035,2
input_age_ms,15990624.4643,0.000200001522899,0
pointer_move,15990624.4647,0.00669999979436,2
draw_commands,15990624.5144,0.51030000113,0
end_draw,15990625.0248,1.06319999881,0
paint,15990624.5107,1.57799999975,2
input_age_ms,15990632.4126,0.000199999660254,0
pointer_move,15990632.413,0.00650000013411,2
draw_commands,15990632.4668,0.483500000089,0
end_draw,15990632.9503,0.749399999157,0
paint,15990632.4587,1.24110000022,2
input_age_ms,15990648.3544,0.000500001013279,0
pointer_move,15990648.3551,0.00559999980032,2
draw_commands,15990648.4033,0.460999999195,0
end_draw,15990648.8644,0.683300001547,0
paint,15990648.3975,1.15029999986,2
input_age_ms,15990672.6419,0.000200001522899,0
pointer_move,15990672.6424,0.00530000030994,2
draw_commands,15990672.7396,0.449199998751,0
end_draw,15990673.1889,0.905100001022,0
paint,15990672.7341,1.36000000127,2
input_age_ms,15990696.4202,0.00029999949038,0
pointer_move,15990696.4207,0.007199998945,2
draw_commands,15990696.4706,0.495600000024,0
end_draw,15990696.9662,0.716800000519,0
paint,15990696.4665,1.21660000086,2
input_age_ms,15990704.3699,0.000300001353025,0
pointer_move,15990704.3703,0.00489999912679,2
draw_commands,15990704.4152,0.447399999946,0
end_draw,15990704.8626,0.797100000083,0
paint,15990704.4096,1.25019999966,2
input_age_ms,15990712.5596,0.000200001522899,0
pointer_move,15990712.5601,0.00619999878109,2
draw_commands,15990712.6317,0.500900000334,0
end_draw,15990713.1327,0.903599999845,0
paint,15990712.6255,1.41090000048,2
input_age_ms,15990720.3683,0.000199999660254,0
pointer_move,15990720.3687,0.00470000132918,2
draw_commands,15990720.411,0.476199999452,0
end_draw,15990720.8873,0.785500001162,0
paint,15990720.407,1.26620000042,2
input_age_ms,15990728.5999,0.00029999949038,0
pointer_move,15990728.6005,0.00579999946058,2
draw_commands,15990728.654,0.554800000042,0
end_draw,15990729.209,1.39079999924,0
paint,15990728.6482,1.95189999975,2
input_age_ms,15990736.3455,0.00029999949038,0
pointer_move,15990736.346,0.00599999912083,2
draw_commands,15990736.3948,0.516699999571,0
end_draw,15990736.9116,0.73900000006,0
paint,15990736.3884,1.26260000095,2
input_age_ms,15990744.5593,0.000600000843406,0
pointer_move,15990744.5602,0.0151000004262,2
draw_commands,15990744.6546,0.658500000834,0
end_draw,15990745.3132,1.21509999968,0
paint,15990744.6454,1.88329999894,2
input_age_ms,15990752.5448,0.00029999949038,0
pointer_move,15990752.5453,0.00650000013411,2
draw_commands,15990752.6008,0.498399998993,0
end_draw,15990753.0992,0.709800001234,0
paint,15990752.5929,1.21609999985,2
input_age_ms,15990760.4455,0.000500001013279,0
pointer_move,15990760.4464,0.00820000097156,2
draw_commands,15990760.5111,0.681099999696,0
end_draw,15990761.1922,1.3443,0
paint,15990760.5041,2.03270000033,2
input_age_ms,15990768.6884,0.000399999320507,0
pointer_move,15990768.689,0.0103000011295,2
draw_commands,15990768.763,0.480799999088,0
end_draw,15990769.2439,0.7145000007,0
paint,15990768.7581,1.20050000027,2
input_age_ms,15990776.4878,0.00029999949038,16
pointer_move,15990776.4886,0.00689999945462,2
draw_commands,15990776.551,0.513499999419,0
end_draw,15990777.0646,0.833200000226,0
paint,15990776.544,1.35470000096,2
input_age_ms,15990784.4505,0.00029999949038,0
pointer_move,15990784.451,0.00600000098348,2
draw_commands,15990784.5012,0.501399999484,0
end_draw,15990785.0027,0.720500001684,0
paint,15990784.4953,1.22809999995,2
input_age_ms,15990792.6048,0.00029999949038,0
pointer_move,15990792.6052,0.0058999992907,2
draw_commands,15990792.6584,0.48580000177,0
end_draw,15990793.1443,0.917899999768,0
paint,15990792.6518,1.41090000048,2
input_age_ms,15990800.3775,0.000300001353025,0
pointer_move,15990800.3779,0.00689999945462,2
draw_commands,15990800.4308,0.470899999142,0
end_draw,15990800.9018,0.791200000793,0
paint,15990800.4251,1.2678999994,2
input_age_ms,15990808.8087,0.00109999999404,16
pointer_move,15990808.8103,0.0186999998987,2
draw_commands,15990808.9363,0.71219999902,0
end_draw,15990809.6493,1.08029999956,0
paint,15990808.9224,1.80750000104,2
input_age_ms,15990824.286,0.000199999660254,15
pointer_move,15990824.2864,0.00630000047386,2
draw_commands,15990824.3331,0.464099999517,0
end_draw,15990824.7972,0.892599999905,0
paint,15990824.3281,1.3618999999,2
input_age_ms,15990832.4922,0.000199999660254,0
pointer_move,15990832.4926,0.00580000132322,2
draw_commands,15990832.5439,0.476600000635,0
end_draw,15990833.0205,0.684999998659,0
paint,15990832.5382,1.16740000062,2
input_age_ms,15990840.259,0.000199999660254,0
pointer_move,15990840.2594,0.00569999963045,2
draw_commands,15990840.3059,0.444599999115,0
end_draw,15990840.7506,0.689999999478,0
paint,15990840.3004,1.14020000026,2
input_age_ms,15990848.4774,0.000200001522899,0
pointer_move,15990848.4779,0.00520000047982,2
draw_commands,15990848.5277,0.511600000784,0
end_draw,15990849.0394,0.727399999276,0
paint,15990848.5212,1.24569999985,2
input_age_ms,15990856.276,0.000199999660254,0
pointer_move,15990856.2764,0.00540000014007,2
draw_commands,15990856.3208,0.471299998462,0
end_draw,15990856.7922,0.695200001821,0
paint,15990856.316,1.1715000011,2
input_age_ms,15990864.4038,0.000199999660254,0
pointer_move,15990864.4042,0.00749999843538,2
draw_commands,15990864.4602,0.470499999821,0
end_draw,15990864.9308,0.709400000051,0
paint,15990864.4537,1.18659999967,2
input_age_ms,15990872.743,0.000199999660254,0
pointer_move,15990872.7434,0.00540000014007,2
draw_commands,15990872.7947,0.477599998936,0
end_draw,15990873.2724,0.856300000101,0
paint,15990872.7886,1.34019999951,2
input_age_ms,15990880.897,0.000500001013279,0
pointer_move,15990880.8979,0.0145999994129,2
draw_commands,15990880.9867,0.582100000232,0
end_draw,15990881.5692,0.962300000712,0
paint,15990880.9806,1.55159999989,2
input_age_ms,15990888.3555,0.000400001183152,0
pointer_move,15990888.3561,0.00729999877512,2
draw_commands,15990888.4079,0.504899999127,0
end_draw,15990888.9129,0.841499999166,0
paint,15990888.4008,1.35379999876,2
input_age_ms,15990896.6247,0.000599998980761,0
pointer_move,15990896.6256,0.0880999993533,2
draw_commands,15990897.2796,0.508300000802,0
end_draw,15990897.788,0.737599998713,0
paint,15990897.2716,1.25409999862,2
input_age_ms,15990904.4182,0.000300001353025,0
pointer_move,15990904.4186,0.00650000013411,2
draw_commands,15990904.4689,0.46759999916,0
end_draw,15990904.9366,0.690700000152,0
paint,15990904.4635,1.16389999911,2
input_age_ms,15990912.4488,0.000300001353025,0
pointer_move,15990912.4494,0.00650000013411,2
draw_commands,15990912.5158,0.603900000453,0
end_draw,15990913.1198,0.757000001147,0
paint,15990912.508,1.36900000088,2
input_age_ms,15990920.4487,0.000199999660254,0
pointer_move,15990920.4491,0.00669999979436,2
draw_commands,15990920.5025,0.477800000459,0
end_draw,15990920.9803,0.719100000337,0
paint,15990920.497,1.2025000006,2
input_age_ms,15990936.2121,0.000200001522899,0
pointer_move,15990936.2125,0.00609999895096,2
draw_commands,15990936.261,0.455600000918,0
end_draw,15990936.7166,0.71809999831,0
paint,15990936.2557,1.17920000106,2
input_age_ms,15990944.5683,0.000199999660254,0
pointer_move,15990944.5688,0.00789999961853,2
draw_commands,15990944.6407,0.52120000124,0
end_draw,15990945.162,0.879799999297,0
paint,15990944.6346,1.40780000016,2
input_age_ms,15990952.4558,0.000199999660254,0
pointer_move,15990952.4562,0.00820000097156,2
draw_commands,15990952.5185,0.537200000137,0
end_draw,15990953.0558,0.754599999636,0
paint,15990952.5102,1.30040000007,2
input_age_ms,15990960.4419,0.00029999949038,0
pointer_move,15990960.4424,0.00860000029206,2
draw_commands,15990960.5098,0.581299999729,0
end_draw,15990961.0914,1.00999999978,0
paint,15990960.5034,1.59820000082,2
input_age_ms,15990968.4703,0.000199999660254,0
pointer_move,15990968.4709,0.0074000004679,2
draw_commands,15990968.5305,0.496400000528,0
end_draw,15990969.027,0.774599999189,0
paint,15990968.5216,1.27999999933,2
input_age_ms,15990976.4964,0.00029999949038,0
pointer_move,15990976.497,0.00750000029802,2
draw_commands,15990976.5552,0.511400001124,0
end_draw,15990977.0669,0.902899999171,0
paint,15990976.5491,1.42080000043,2
input_age_ms,15990984.4092,0.00029999949038,0
pointer_move,15990984.4098,0.0077999997884,2
draw_commands,15990984.4679,0.506299998611,0
end_draw,15990984.9743,0.760799998417,0
paint,15990984.4626,1.27249999903,2
input_age_ms,15990993.2095,0.000399999320507,0
pointer_move,15990993.2102,0.00659999996424,2
draw_commands,15990993.2687,0.629799999297,0
end_draw,15990993.8986,1.00059999898,0
paint,15990993.2627,1.63669999875,2
input_age_ms,15991000.4309,0.000199999660254,0
pointer_move,15991000.4313,0.00790000148118,2
draw_commands,15991000.4943,0.488299999386,0
end_draw,15991000.9827,0.775200000033,0
paint,15991000.4857,1.27229999937,2
input_age_ms,15991008.3521,0.00029999949038,0
pointer_move,15991008.3526,0.00729999877512,2
draw_commands,15991008.4433,0.55709999986,0
end_draw,15991009.0006,1.08889999986,0
paint,15991008.4377,1.65210000053,2
input_age_ms,15991016.6129,0.000199999660254,0
pointer_move,15991016.6133,0.00630000047386,2
draw_commands,15991016.6788,0.589900000021,0
end_draw,15991017.2687,1.10390000045,0
paint,15991016.6692,1.70370000042,2
input_age_ms,15991024.3249,0.000300001353025,0
pointer_move,15991024.3254,0.00689999945462,2
draw_commands,15991024.378,0.47319999896,0
end_draw,15991024.8513,1.29130000062,0
paint,15991024.3719,1.77150000073,2
input_age_ms,15991040.3143,0.000199999660254,0
pointer_move,15991040.3146,0.00620000064373,2
draw_commands,15991040.3874,0.505800001323,0
end_draw,15991040.8934,1.06699999981,0
paint,15991040.3805,1.58049999923,2
input_age_ms,15991048.3,0.00029999949038,0
pointer_move,15991048.3005,0.00569999963045,2
draw_commands,15991048.3503,0.495200000703,0
end_draw,15991048.8455,0.704900000244,0
paint,15991048.3444,1.20600000024,2
input_age_ms,15991056.3259,0.000199999660254,0
pointer_move,15991056.3263,0.00540000014007,2
draw_commands,15991056.3708,0.43720000051,0
end_draw,15991056.8081,0.653599999845,0
paint,15991056.3661,1.09569999948,2
input_age_ms,15991064.4815,0.00029999949038,0
pointer_move,15991064.4821,0.00839999876916,2
draw_commands,15991064.5629,0.590200001374,0
end_draw,15991065.1531,0.793899999931,0
paint,15991064.5505,1.39670000039,2
input_age_ms,15991072.4477,0.000199999660254,0
pointer_move,15991072.4481,0.00640000030398,2
draw_commands,15991072.5004,0.496300000697,0
end_draw,15991072.9968,0.783700000495,0
paint,15991072.4933,1.2873999998,2
input_age_ms,15991080.5596,0.000300001353025,0
pointer_move,15991080.5602,0.00620000064373,2
draw_commands,15991080.6164,0.508200000972,0
end_draw,15991081.1247,0.772900000215,0
paint,15991080.6104,1.28729999997,2
input_age_ms,15991088.4574,0.00029999949038,0
pointer_move,15991088.4579,0.00749999843538,2
draw_commands,15991088.5144,0.460799999535,0
end_draw,15991088.9753,0.764500001445,0
paint,15991088.507,1.23300000094,2
input_age_ms,15991096.5173,0.000399999320507,0
pointer_move,15991096.5179,0.0112000014633,2
draw_commands,15991096.5919,0.62470000051,0
end_draw,15991097.2167,0.97839999944,0
paint,15991096.584,1.61149999872,2
input_age_ms,15991104.9906,0.000300001353025,0
pointer_move,15991104.9914,0.0074000004679,2
draw_commands,15991105.3977,0.590499999002,0
end_draw,15991105.9885,0.851099999622,0
paint,15991105.3879,1.45189999975,2
input_age_ms,15991112.6611,0.000399999320507,0
pointer_move,15991112.6618,0.0105999987572,2
draw_commands,15991112.7427,0.684299999848,0
end_draw,15991113.4271,1.07909999974,0
paint,15991112.7303,1.77639999986,2
input_age_ms,15991120.6134,0.000300001353025,0
pointer_move,15991120.6139,0.00989999994636,2
draw_commands,15991120.6941,0.577600000426,0
end_draw,15991121.2718,1.04649999924,0
paint,15991120.6828,1.63559999876,2
input_age_ms,15991128.5642,0.000499999150634,0
pointer_move,15991128.5651,0.0108000002801,2
draw_commands,15991128.6536,0.651000000536,0
end_draw,15991129.3048,1.04829999991,0
paint,15991128.6419,1.71150000021,2
input_age_ms,15991136.4371,0.00029999949038,0
pointer_move,15991136.4376,0.00840000063181,2
draw_commands,15991136.4975,0.508799999952,0
end_draw,15991137.0064,0.824099998921,0
paint,15991136.4906,1.34000000171,2
input_age_ms,15991144.6696,0.00029999949038,0
pointer_move,15991144.6701,0.0117000006139,2
draw_commands,15991144.7552,0.581399999559,0
end_draw,15991145.3367,1.06369999982,0
paint,15991144.7476,1.65359999985,2
input_age_ms,15991248.2616,0.000199999660254,0
pointer_move,15991248.262,0.00620000064373,2
draw_commands,15991248.3129,0.457200000063,0
end_draw,15991248.7702,0.749100001529,0
paint,15991248.3072,1.21220000088,2
