event,start_ms,duration_ms,value
monitor_width,15745113.9434,0.00170000083745,3840
monitor_height,15745113.9461,9.99998301268e-05,2160
render_initialize,15745119.0533,220.9539,0
draw_commands,15745340.0149,1.24189999886,0
end_draw,15745341.257,86.0594000015,0
paint,15745119.0531,308.263600001,0
pointer_move,15745491.2223,0.0191999990493,0
draw_commands,15745491.5367,0.315200001001,0
end_draw,15745491.852,1.7463000007,0
paint,15745491.5303,2.0680999998,0
pointer_move,15745648.6829,0.00619999878109,0
draw_commands,15745648.8061,0.283800000325,0
end_draw,15745649.09,0.829399999231,0
paint,15745648.8012,1.11830000021,0
pointer_move,15747114.6998,0.0153999999166,0
draw_commands,15747114.8678,0.303400000557,0
end_draw,15747115.1713,0.542600000277,0
paint,15747114.862,0.851999999955,0
pointer_move,15757715.5096,0.00919999927282,0
draw_commands,15757715.6195,0.345300000161,0
end_draw,15757715.9649,1.05550000072,0
paint,15757715.6102,1.41029999964,0
pointer_move,15773312.4173,0.00559999980032,0
draw_commands,15773312.5474,0.285800000653,0
end_draw,15773312.8333,0.597100000829,0
paint,15773312.5431,0.887400001287,0
pointer_move,15773320.6161,0.0611000005156,0
draw_commands,15773320.8216,0.394799999893,0
end_draw,15773321.2166,0.465799998492,0
paint,15773320.8157,0.866799999028,0
pointer_move,15773328.5847,0.00720000080764,0
draw_commands,15773328.6589,0.299699999392,0
end_draw,15773328.9587,4.3983000014,0
paint,15773328.651,4.70629999973,0
pointer_move,15773336.9263,0.0726999994367,0
draw_commands,15773337.2341,0.295100001618,0
end_draw,15773337.5293,0.624499998987,0
paint,15773337.2265,0.927399998531,0
pointer_move,15773344.8187,0.0149999987334,0
draw_commands,15773344.9692,0.309799998999,0
end_draw,15773345.2791,0.535099999979,0
paint,15773344.9617,0.852600000799,0
pointer_move,15773352.7351,0.0434000007808,0
draw_commands,15773352.9221,0.281700000167,0
end_draw,15773353.2039,0.504799999297,0
paint,15773352.915,0.793800000101,0
pointer_move,15773360.8729,0.060399999842,0
draw_commands,15773361.1653,0.269899999723,0
end_draw,15773361.4353,0.515499999747,0
paint,15773361.1585,0.792299998924,0
pointer_move,15773368.8562,0.0855000000447,0
draw_commands,15773369.1739,0.29149999842,0
end_draw,15773369.4655,0.965599998832,0
paint,15773369.1663,1.26499999873,0
pointer_move,15773376.6103,0.0158999990672,0
draw_commands,15773376.6857,0.292600000277,0
end_draw,15773376.9784,0.55169999972,0
paint,15773376.6786,0.851600000635,0
pointer_move,15773384.8736,0.069699998945,0
draw_commands,15773385.1254,0.284099999815,0
end_draw,15773385.4096,0.834699999541,0
paint,15773385.1194,1.125,0
pointer_move,15773392.8889,0.0609999988228,0
draw_commands,15773393.1714,0.285500001162,0
end_draw,15773393.4569,0.749399999157,0
paint,15773393.1652,1.04119999893,0
pointer_move,15773401.2251,0.132699999958,0
draw_commands,15773401.6001,0.407899999991,0
end_draw,15773402.0081,1.0158000011,0
paint,15773401.5912,1.43280000053,0
pointer_move,15773408.9459,0.0650999993086,0
draw_commands,15773409.2486,0.276399999857,0
end_draw,15773409.5251,0.445199999958,0
paint,15773409.2436,0.726800000295,0
pointer_move,15773416.9824,0.013599999249,0
draw_commands,15773417.3577,0.434800000861,0
end_draw,15773417.7927,0.701199999079,0
paint,15773417.349,1.14489999972,0
pointer_move,15773424.7285,0.0537999998778,0
draw_commands,15773424.9162,0.302399998531,0
end_draw,15773425.2187,0.544999999925,0
paint,15773424.9099,0.853900000453,0
pointer_move,15773432.9325,0.0333000011742,0
draw_commands,15773433.2227,0.370500000194,0
end_draw,15773433.5933,0.88599999994,0
paint,15773433.2137,1.26569999941,0
pointer_move,15773440.6972,0.042199999094,0
draw_commands,15773441.0882,0.463200001046,0
end_draw,15773441.5515,0.829199999571,0
paint,15773441.0745,1.30639999919,0
pointer_move,15773449.4907,0.0473999995738,0
draw_commands,15773449.8214,0.314400000498,0
end_draw,15773450.1359,0.598500000313,0
paint,15773449.8146,0.919900000095,0
pointer_move,15773456.8308,0.0690000001341,0
draw_commands,15773457.1229,0.262099999934,0
end_draw,15773457.3851,0.727700000629,0
paint,15773457.1177,0.995200000703,0
pointer_move,15773465.7335,0.0169999990612,0
draw_commands,15773465.8809,0.369800001383,0
end_draw,15773466.2508,0.753399999812,0
paint,15773465.8688,1.13550000079,0
pointer_move,15773472.7019,0.0571999996901,0
draw_commands,15773472.9733,0.276300000027,0
end_draw,15773473.2497,0.777699999511,0
paint,15773472.9664,1.06110000052,0
pointer_move,15773480.8737,0.0212999992073,0
draw_commands,15773481.0102,0.463400000706,0
end_draw,15773481.4737,1.06289999932,0
paint,15773480.9942,1.54249999858,0
pointer_move,15773488.9279,0.0568000003695,0
draw_commands,15773489.2121,0.295400001109,0
end_draw,15773489.5076,0.574599999934,0
paint,15773489.2026,0.879699999467,0
pointer_move,15773496.7853,0.015000000596,0
draw_commands,15773496.8931,0.334499999881,0
end_draw,15773497.2277,0.911799998954,0
paint,15773496.8871,1.25259999931,0
pointer_move,15773504.6968,0.0161000005901,0
draw_commands,15773504.7774,0.292600000277,0
end_draw,15773505.07,0.478099999949,0
paint,15773504.7701,0.778100000694,0
pointer_move,15773512.7107,0.0165999997407,0
draw_commands,15773512.8232,0.304600000381,0
end_draw,15773513.1279,0.487399999052,0
paint,15773512.8156,0.799799999222,0
pointer_move,15773578.8956,0.154699999839,0
draw_commands,15773579.4345,1.60109999962,0
end_draw,15773581.036,1.98579999991,0
paint,15773579.422,3.60019999929,0
pointer_move,15773634.0096,0.0255999993533,0
draw_commands,15773634.4839,1.12740000151,0
end_draw,15773635.6117,2.41210000031,0
paint,15773634.4714,3.55289999954,0
pointer_move,15773644.5278,0.11409999989,0
draw_commands,15773645.3088,0.509499998763,0
end_draw,15773645.8185,0.918500000611,0
paint,15773645.3022,1.43499999866,0
pointer_move,15773649.6435,0.0175999999046,0
draw_commands,15773649.8692,0.650899998844,0
end_draw,15773650.5203,0.835199998692,0
paint,15773649.8606,1.49499999918,0
pointer_move,15773656.7759,0.0113999992609,0
draw_commands,15773656.8561,0.341499999166,0
end_draw,15773657.1977,0.643000001088,0
paint,15773656.8482,0.992599999532,0
pointer_move,15773665.7631,0.0697000008076,0
draw_commands,15773666.1814,0.404700001702,0
end_draw,15773666.5861,0.740899998695,0
paint,15773666.1736,1.15359999985,0
pointer_move,15773672.4864,0.034699998796,0
draw_commands,15773672.6409,0.278599999845,0
end_draw,15773672.9196,0.771699998528,0
paint,15773672.6355,1.05590000004,0
pointer_move,15773680.8208,0.00929999910295,0
draw_commands,15773680.9095,0.403600001708,0
end_draw,15773681.3132,1.07719999924,0
paint,15773680.8968,1.49399999902,0
pointer_move,15773689.6055,0.182600000873,0
draw_commands,15773690.1697,0.303700000048,0
end_draw,15773690.4735,0.678700000048,0
paint,15773690.1599,0.992300000042,0
pointer_move,15773697.2983,0.121600000188,0
draw_commands,15773697.5715,0.589900000021,0
end_draw,15773698.1615,0.859900001436,0
paint,15773697.5015,1.52020000108,0
pointer_move,15773704.7443,0.0247999988496,0
draw_commands,15773704.9302,0.290000000969,0
end_draw,15773705.2203,0.619100000709,0
paint,15773704.9243,0.915200000629,0
pointer_move,15773713.2458,0.103199999779,0
draw_commands,15773713.7504,0.366800000891,0
end_draw,15773714.1173,0.925100000575,0
paint,15773713.7444,1.29839999974,0
pointer_move,15773720.6869,0.0149000007659,0
draw_commands,15773720.8345,0.296000000089,0
end_draw,15773721.1306,0.548499999568,0
paint,15773720.8259,0.85329999961,0
pointer_move,15773728.9053,0.100800000131,0
draw_commands,15773729.3139,0.283999999985,0
end_draw,15773729.598,0.738100001588,0
paint,15773729.3077,1.02850000001,0
pointer_move,15773736.899,0.0651999991387,0
draw_commands,15773737.1769,0.299399999902,0
end_draw,15773737.4764,0.550800001249,0
paint,15773737.1703,0.857000000775,0
pointer_move,15773745.5176,0.149299999699,0
draw_commands,15773746.0162,0.265799999237,0
end_draw,15773746.2821,0.527300000191,0
paint,15773746.0115,0.798000000417,0
pointer_move,15773752.714,0.0634000003338,0
draw_commands,15773752.9937,0.281200001016,0
end_draw,15773753.275,0.487800000235,0
paint,15773752.9884,0.774500001222,0
pointer_move,15773761.0193,0.0625999998301,0
draw_commands,15773761.3316,0.262900000438,0
end_draw,15773761.5946,0.543800000101,0
paint,15773761.3263,0.812199998647,0
pointer_move,15773769.4385,0.13069999963,0
draw_commands,15773770.0386,0.32290000096,0
end_draw,15773770.3615,0.541500000283,0
paint,15773770.0296,0.873500000685,0
pointer_move,15773777.7721,0.0598000008613,0
draw_commands,15773778.049,0.258399998769,0
end_draw,15773778.3074,0.700500000268,0
paint,15773778.0429,0.965099999681,0
pointer_move,15773784.6664,0.0158999990672,0
draw_commands,15773784.7761,0.28029999882,0
end_draw,15773785.0564,0.452600000426,0
paint,15773784.7714,0.737699998543,0
pointer_move,15773792.8428,0.0668999999762,0
draw_commands,15773793.0867,0.243799999356,0
end_draw,15773793.3306,0.475099999458,0
paint,15773793.0829,0.72289999947,0
pointer_move,15773800.6053,0.014699999243,0
draw_commands,15773800.7689,0.356900000945,0
end_draw,15773801.1259,0.665599999949,0
paint,15773800.7632,1.02830000035,0
draw_commands,15773945.1167,0.295100001618,0
end_draw,15773945.412,0.652899999171,0
paint,15773945.111,0.954099999741,1
draw_commands,15774048.177,0.271800000221,0
end_draw,15774048.449,0.602000001818,0
paint,15774048.1711,0.88010000065,1
pointer_move,15774048.1367,0.93740000017,1
draw_commands,15774056.7034,0.254299998283,0
end_draw,15774056.9578,0.590699998662,0
paint,15774056.6978,0.850700000301,1
pointer_move,15774056.4654,1.17160000093,1
draw_commands,15774064.4392,0.299499999732,0
end_draw,15774064.7388,0.590199999511,0
paint,15774064.4323,0.896800000221,1
pointer_move,15774064.1941,1.15430000052,1
draw_commands,15774072.5795,0.29149999842,0
end_draw,15774072.8711,0.54290000163,0
paint,15774072.5719,0.842100000009,1
pointer_move,15774072.3544,1.07359999977,1
draw_commands,15774080.4721,0.292699998245,0
end_draw,15774080.7649,0.779499998316,0
paint,15774080.4685,1.07600000128,1
pointer_move,15774080.2252,1.35120000131,1
draw_commands,15774088.4733,0.402199998498,0
end_draw,15774088.8758,0.733199998736,0
paint,15774088.4586,1.15039999969,1
pointer_move,15774088.3829,1.24430000037,1
draw_commands,15774096.5504,0.400399999693,0
end_draw,15774096.951,0.957700001076,0
paint,15774096.5375,1.37140000053,1
pointer_move,15774096.4705,1.46660000086,1
draw_commands,15774104.6076,0.442400000989,0
end_draw,15774105.0503,0.809699999169,0
paint,15774104.5952,1.2648999989,1
pointer_move,15774104.5303,1.3535999991,1
draw_commands,15774112.7214,0.33960000053,0
end_draw,15774113.0673,0.76590000093,0
paint,15774112.7102,1.12299999967,1
pointer_move,15774112.4721,1.60809999891,1
draw_commands,15774120.699,0.431000001729,0
end_draw,15774121.1308,0.933100000024,0
paint,15774120.6831,1.38089999929,1
pointer_move,15774120.5805,1.50910000131,1
draw_commands,15774128.6312,0.4104999993,0
end_draw,15774129.0419,1.15269999951,0
paint,15774128.615,1.58000000007,1
pointer_move,15774128.5501,1.67189999856,1
draw_commands,15774136.6444,0.47329999879,0
end_draw,15774137.118,1.12390000001,0
paint,15774136.6244,1.61770000122,1
pointer_move,15774136.5117,1.76190000027,1
draw_commands,15774144.5758,0.615100000054,0
end_draw,15774145.1911,1.2050999999,0
paint,15774144.5577,1.83909999952,1
pointer_move,15774144.4745,1.94629999995,1
draw_commands,15774152.5185,0.487499998882,0
end_draw,15774153.0064,0.866200000048,0
paint,15774152.5017,1.37099999934,1
pointer_move,15774152.4313,1.46910000034,1
draw_commands,15774160.5749,0.348300000653,0
end_draw,15774160.9234,0.693800000474,0
paint,15774160.5632,1.05409999937,1
pointer_move,15774160.3633,1.26960000023,1
draw_commands,15774169.0337,0.393799999729,0
end_draw,15774169.4277,0.686200000346,0
paint,15774169.0195,1.09449999966,1
pointer_move,15774168.9285,1.20229999907,1
draw_commands,15774176.562,0.334799999371,0
end_draw,15774176.8969,0.703299999237,0
paint,15774176.5517,1.0485999994,1
pointer_move,15774176.3456,1.26970000006,1
draw_commands,15774184.5312,0.450300000608,0
end_draw,15774184.982,0.944000000134,0
paint,15774184.5194,1.40689999983,1
pointer_move,15774184.3946,1.55969999917,1
draw_commands,15774192.4589,0.285199999809,0
end_draw,15774192.7442,0.537499999627,0
paint,15774192.4529,0.82890000008,1
pointer_move,15774192.2718,1.02449999936,1
draw_commands,15774200.5274,0.333399999887,0
end_draw,15774200.8609,0.486700000241,0
paint,15774200.5196,0.827999999747,1
pointer_move,15774200.4229,0.940600000322,1
draw_commands,15774208.5746,0.290500000119,0
end_draw,15774208.8652,0.562000000849,0
paint,15774208.5687,0.858500000089,1
pointer_move,15774208.3601,1.12490000017,1
draw_commands,15774216.4311,0.421000000089,0
end_draw,15774216.8522,0.527200000361,0
paint,15774216.4171,0.962400000542,1
pointer_move,15774216.3374,1.06079999916,1
draw_commands,15774232.4449,0.325400000438,0
end_draw,15774232.7705,0.854299999774,0
paint,15774232.4406,1.18429999985,1
pointer_move,15774232.2465,1.41159999929,1
draw_commands,15774240.6504,0.371200000867,0
end_draw,15774241.0217,0.648900000378,0
paint,15774240.6417,1.0289000012,1
pointer_move,15774240.4152,1.27099999972,1
draw_commands,15774248.4054,0.275299999863,0
end_draw,15774248.6808,0.529899999499,0
paint,15774248.3987,0.812099998817,1
pointer_move,15774248.1888,1.03949999996,1
draw_commands,15774256.5318,0.394099999219,0
end_draw,15774256.9268,0.898500001058,0
paint,15774256.526,1.2993999999,1
pointer_move,15774256.303,1.54399999976,1
draw_commands,15774264.216,0.339099999517,0
end_draw,15774264.5552,0.661199999973,0
paint,15774264.2084,1.00809999928,1
pointer_move,15774264.1616,1.08449999988,1
draw_commands,15774272.4141,0.325500000268,0
end_draw,15774272.7399,0.768400000408,0
paint,15774272.4056,1.10280000046,1
pointer_move,15774272.3635,1.16399999894,1
draw_commands,15774280.2355,0.277300000191,0
end_draw,15774280.513,0.659900000319,0
paint,15774280.2306,0.94250000082,1
pointer_move,15774280.186,1.01740000024,1
draw_commands,15774288.5884,0.42650000006,0
end_draw,15774289.0151,0.67709999904,0
paint,15774288.5812,1.1110999994,1
pointer_move,15774288.373,1.33590000123,1
draw_commands,15774296.4019,0.254799999297,0
end_draw,15774296.6568,0.443299999461,0
paint,15774296.3981,0.702099999413,1
pointer_move,15774296.2218,0.892400000244,1
draw_commands,15774304.4859,0.388800000772,0
end_draw,15774304.8749,0.56799999997,0
paint,15774304.4678,0.975199999288,1
pointer_move,15774304.2778,1.18300000019,1
draw_commands,15774312.2757,0.258500000462,0
end_draw,15774312.5344,0.483900001273,0
paint,15774312.2709,0.747500000522,1
pointer_move,15774312.1901,0.853500001132,1
draw_commands,15774320.6085,0.453399999067,0
end_draw,15774321.0621,0.846999999136,0
paint,15774320.5961,1.31339999847,1
pointer_move,15774320.5177,1.42390000075,1
draw_commands,15774328.2282,0.275000000373,0
end_draw,15774328.5034,0.410600000992,0
paint,15774328.2218,0.692200001329,1
pointer_move,15774328.1724,0.756699999794,1
draw_commands,15774337.5584,1.04279999994,0
end_draw,15774338.6017,1.5653999988,0
paint,15774337.5453,2.62220000103,1
pointer_move,15774337.0583,3.1743999999,1
draw_commands,15774345.9792,0.242799999192,0
end_draw,15774346.2221,0.428199999034,0
paint,15774345.9755,0.674899999052,1
pointer_move,15774345.7584,0.906700000167,1
draw_commands,15774352.5021,0.292999999598,0
end_draw,15774352.7952,0.474700000137,0
paint,15774352.4945,0.775499999523,1
pointer_move,15774352.3249,0.959499999881,1
draw_commands,15774360.5266,0.261199999601,0
end_draw,15774360.7879,0.50009999983,0
paint,15774360.5214,0.766699999571,1
pointer_move,15774360.3451,0.958300000057,1
draw_commands,15774368.488,0.270899999887,0
end_draw,15774368.7591,0.449000000954,0
paint,15774368.4824,0.725800000131,1
pointer_move,15774368.2692,0.952899999917,1
draw_commands,15774376.1985,0.242599999532,0
end_draw,15774376.4473,0.480000000447,0
paint,15774376.1945,0.732800001279,1
pointer_move,15774376.1342,0.807700000703,1
draw_commands,15774384.5865,0.407399998978,0
end_draw,15774384.994,0.531999999657,0
paint,15774384.5776,0.94849999994,1
pointer_move,15774384.3584,1.18599999882,1
draw_commands,15774392.3927,0.263199999928,0
end_draw,15774392.656,0.453999999911,0
paint,15774392.3883,0.721799999475,1
pointer_move,15774392.335,0.789999999106,1
draw_commands,15774401.5278,1.10080000013,0
end_draw,15774402.6291,1.56629999913,0
paint,15774401.5177,2.67799999937,1
pointer_move,15774401.0805,3.18240000121,1
draw_commands,15774410.2778,0.253000000492,0
end_draw,15774410.5309,0.459400000051,0
paint,15774410.2732,0.717199999839,1
pointer_move,15774410.0973,0.908399999142,1
draw_commands,15774416.6504,0.304100001231,0
end_draw,15774416.9546,0.443799998611,0
paint,15774416.6439,0.754599999636,1
pointer_move,15774416.4249,0.988499999046,1
draw_commands,15774424.4246,0.277699999511,0
end_draw,15774424.7024,0.491999998689,0
paint,15774424.4194,0.775100000203,1
pointer_move,15774424.2244,0.985199999064,1
draw_commands,15774432.5235,0.434600001201,0
end_draw,15774432.9583,0.680399999022,0
paint,15774432.515,1.12380000018,1
pointer_move,15774432.419,1.24120000005,1
draw_commands,15774440.2356,0.324699999765,0
end_draw,15774440.5605,0.55709999986,0
paint,15774440.2258,0.891899999231,1
pointer_move,15774440.1845,0.947499999776,1
draw_commands,15774448.5372,0.26099999994,0
end_draw,15774448.7983,0.468100000173,0
paint,15774448.5324,0.73409999907,1
pointer_move,15774448.3124,0.969699999318,1
draw_commands,15774456.481,0.253799999133,0
end_draw,15774456.735,0.369900001213,0
paint,15774456.4779,0.627000000328,1
pointer_move,15774456.3444,0.774000000209,1
draw_commands,15774464.3757,0.282800000161,0
end_draw,15774464.6586,0.520399998873,0
paint,15774464.3691,0.809899998829,1
pointer_move,15774464.2215,0.974700000137,1
draw_commands,15774472.3276,0.293499998748,0
end_draw,15774472.6213,0.529099998996,0
paint,15774472.3214,0.829099999741,1
pointer_move,15774472.2839,0.881200000644,1
draw_commands,15774480.428,0.321200000122,0
end_draw,15774480.7494,0.917200000957,0
paint,15774480.422,1.24479999952,1
pointer_move,15774480.2226,1.49709999934,1
draw_commands,15774488.4375,0.309200000018,0
end_draw,15774488.747,0.508000001311,0
paint,15774488.4302,0.824900001287,1
pointer_move,15774488.2939,0.975199999288,1
draw_commands,15774497.2527,1.10140000097,0
end_draw,15774498.3546,2.11820000038,0
paint,15774497.2388,3.23519999906,1
pointer_move,15774496.8836,4.61239999905,1
draw_commands,15774504.4828,0.368000000715,0
end_draw,15774504.851,0.704099999741,0
paint,15774504.4743,1.08089999855,1
pointer_move,15774504.3511,1.222000001,1
draw_commands,15774512.5114,0.284400001168,0
end_draw,15774512.7959,0.555199999362,0
paint,15774512.5042,0.846999999136,1
pointer_move,15774512.3035,1.06220000051,1
draw_commands,15774520.3939,0.276300000027,0
end_draw,15774520.6703,0.438000001013,0
paint,15774520.3869,0.721499999985,1
pointer_move,15774520.2372,1.09329999983,1
draw_commands,15774528.5655,0.27469999902,0
end_draw,15774528.8404,0.458200000226,0
paint,15774528.5605,0.738199999556,1
pointer_move,15774528.3582,0.954399999231,1
draw_commands,15774536.4034,0.276100000367,0
end_draw,15774536.6798,0.508799999952,0
paint,15774536.3973,0.791300000623,1
pointer_move,15774536.3152,0.89130000025,1
draw_commands,15774544.4431,0.238600000739,0
end_draw,15774544.6818,0.426400000229,0
paint,15774544.4402,0.66810000129,1
pointer_move,15774544.1977,0.924700001255,1
draw_commands,15774552.9915,0.333599999547,0
end_draw,15774553.3252,0.619099998847,0
paint,15774552.9829,0.961500000209,1
pointer_move,15774552.5456,1.41459999979,1
draw_commands,15774560.3117,0.258200000972,0
end_draw,15774560.57,0.412100000307,0
paint,15774560.309,0.673100000247,1
pointer_move,15774560.2651,0.732099998742,1
draw_commands,15774568.8517,0.278999999166,0
end_draw,15774569.1309,0.485799999908,0
paint,15774568.8467,0.770100001246,1
pointer_move,15774568.6154,1.01630000025,1
draw_commands,15774576.4784,0.229500001296,0
end_draw,15774576.708,0.393199998885,0
paint,15774576.4755,0.625799998641,1
pointer_move,15774576.2638,0.851199999452,1
draw_commands,15774584.4116,0.308000000194,0
end_draw,15774584.7198,0.52660000138,0
paint,15774584.4066,0.839900000021,1
pointer_move,15774584.3224,0.940099999309,1
draw_commands,15774592.4067,0.226199999452,0
end_draw,15774592.633,0.417100001127,0
paint,15774592.404,0.64620000124,1
pointer_move,15774592.2291,0.837099999189,1
draw_commands,15774600.7572,0.417599998415,0
end_draw,15774601.1751,0.620600000024,0
paint,15774600.7431,1.05269999988,1
pointer_move,15774600.5516,1.26410000026,1
draw_commands,15774608.6333,0.260599998757,0
end_draw,15774608.894,0.498000001535,0
paint,15774608.628,0.764000000432,1
pointer_move,15774608.4071,1.00410000049,1
draw_commands,15774616.5235,0.299500001594,0
end_draw,15774616.8232,0.458999998868,0
paint,15774616.5194,0.762899998575,1
pointer_move,15774616.2826,1.01520000026,1
draw_commands,15774624.4281,0.258000001311,0
end_draw,15774624.6863,0.470499999821,0
paint,15774624.4235,0.733400000259,1
pointer_move,15774624.2386,0.936300000176,1
draw_commands,15774632.2375,0.318899998441,0
end_draw,15774632.5639,0.669300001115,0
paint,15774632.2323,1.00090000033,1
pointer_move,15774632.1836,1.0745000001,1
draw_commands,15774640.5229,0.297399999574,0
end_draw,15774640.8205,0.482599999756,0
paint,15774640.5156,0.78760000132,1
pointer_move,15774640.3043,1.01619999856,1
draw_commands,15774648.3921,0.277799999341,0
end_draw,15774648.67,0.44319999963,0
paint,15774648.3861,0.727099999785,1
pointer_move,15774648.2748,0.855399999768,1
draw_commands,15774656.4991,0.268699999899,0
end_draw,15774656.7679,0.515499999747,0
paint,15774656.4929,0.79079999961,1
pointer_move,15774656.2885,1.01140000112,1
draw_commands,15774664.3741,0.354299999774,0
end_draw,15774664.7287,0.722199998796,0
paint,15774664.3639,1.08719999902,1
pointer_move,15774664.3133,1.16870000027,1
draw_commands,15774674.6267,0.297999998555,0
end_draw,15774674.925,0.697399999946,0
paint,15774674.6211,1.00140000135,1
pointer_move,15774674.4307,1.22130000032,1
draw_commands,15774680.6528,0.434700001031,0
end_draw,15774681.0877,1.25530000031,0
paint,15774680.639,1.7042999994,1
pointer_move,15774680.4078,1.96329999901,1
draw_commands,15774688.9188,0.294099999592,0
end_draw,15774689.2131,0.65190000087,0
paint,15774688.9095,0.955600000918,1
pointer_move,15774688.5966,1.34329999983,1
draw_commands,15774696.7611,0.294099999592,0
end_draw,15774697.0553,0.871600000188,0
paint,15774696.7538,1.17330000177,1
pointer_move,15774696.583,1.37270000018,1
draw_commands,15774705.5172,0.345399999991,0
end_draw,15774705.8629,0.888499999419,0
paint,15774705.5071,1.24430000037,1
pointer_move,15774705.2838,1.49760000035,1
draw_commands,15774712.8492,0.297300001606,0
end_draw,15774713.1468,0.617399999872,0
paint,15774712.8408,0.923399999738,1
pointer_move,15774712.5823,1.26400000043,1
draw_commands,15774720.6228,0.300899999216,0
end_draw,15774720.9238,0.600399998948,0
paint,15774720.6183,0.905999999493,1
pointer_move,15774720.2801,1.2666000016,1
draw_commands,15774728.4359,0.293999999762,0
end_draw,15774728.7301,0.585099998862,0
paint,15774728.4266,0.888700000942,1
pointer_move,15774728.3504,0.982099998742,1
draw_commands,15774736.5797,0.292999999598,0
end_draw,15774736.8729,0.575200000778,0
paint,15774736.5755,0.872700000182,1
pointer_move,15774736.3212,1.1481999997,1
draw_commands,15774744.4907,0.251599999145,0
end_draw,15774744.7424,0.545099999756,0
paint,15774744.485,0.802600000054,1
pointer_move,15774744.2366,1.06790000014,1
draw_commands,15774752.5703,0.270200001076,0
end_draw,15774752.8406,0.45699999854,0
paint,15774752.5648,0.732900001109,1
pointer_move,15774752.3416,0.970299998298,1
draw_commands,15774760.5054,0.243100000545,0
end_draw,15774760.7486,0.542999999598,0
paint,15774760.501,0.790699999779,1
pointer_move,15774760.2882,1.02290000021,1
draw_commands,15774768.5394,0.450400000438,0
end_draw,15774768.9901,1.02080000006,0
paint,15774768.5222,1.4888000004,1
pointer_move,15774768.4526,1.58689999953,1
draw_commands,15774776.5395,0.289499999955,0
end_draw,15774776.8291,0.490499999374,0
paint,15774776.5288,0.790900001302,1
pointer_move,15774776.3155,1.02269999869,1
draw_commands,15774784.5395,0.282199999318,0
end_draw,15774784.8218,0.603500001132,0
paint,15774784.5341,0.89140000008,1
pointer_move,15774784.312,1.12959999964,1
draw_commands,15774792.2808,0.283800000325,0
end_draw,15774792.5647,0.770500000566,0
paint,15774792.2744,1.06090000086,1
pointer_move,15774792.1835,1.24110000022,1
draw_commands,15774801.1658,0.343100000173,0
end_draw,15774801.5091,0.950600000098,0
paint,15774801.1577,1.30219999887,1
pointer_move,15774800.4274,2.06120000035,1
draw_commands,15774808.5812,0.258700000122,0
end_draw,15774808.84,0.522299999371,0
paint,15774808.5757,0.786700000986,1
pointer_move,15774808.3558,1.02760000154,1
draw_commands,15774816.5192,0.387399999425,0
end_draw,15774816.9071,0.944500001147,0
paint,15774816.5144,1.33720000088,1
pointer_move,15774816.2612,2.29320000112,1
draw_commands,15774824.4784,0.310200000182,0
end_draw,15774824.7888,0.528700001538,0
paint,15774824.4704,0.847200000659,1
pointer_move,15774824.4173,0.91579999961,1
draw_commands,15774832.4767,0.29129999876,0
end_draw,15774832.7682,0.871700000018,0
paint,15774832.4721,1.1679999996,1
pointer_move,15774832.313,1.51140000112,1
draw_commands,15774840.6223,0.30189999938,0
end_draw,15774840.9243,0.482899999246,0
paint,15774840.6139,0.793399998918,1
pointer_move,15774840.3822,1.03969999962,1
draw_commands,15774848.5487,0.314500000328,0
end_draw,15774848.8633,0.617300000042,0
paint,15774848.5424,0.938399998471,1
pointer_move,15774848.3368,1.1640000008,1
draw_commands,15774856.4908,0.301199998707,0
end_draw,15774856.7922,0.602200001478,0
paint,15774856.4823,0.912299999967,1
pointer_move,15774856.2698,1.14430000074,1
draw_commands,15774866.6314,1.30040000007,0
end_draw,15774867.9321,13.8258999996,0
paint,15774866.6184,15.1399000008,1
pointer_move,15774865.967,16.8977000006,1
draw_commands,15774886.5131,0.585400000215,0
end_draw,15774887.0989,0.952500000596,0
paint,15774886.5008,1.55069999956,1
pointer_move,15774886.2073,1.93530000001,1
draw_commands,15774888.4833,0.255899999291,0
end_draw,15774888.7393,0.374400001019,0
paint,15774888.4809,0.632899999619,1
pointer_move,15774888.3679,0.759699998423,1
draw_commands,15774889.2702,0.215800000355,0
end_draw,15774889.4916,1.49580000155,0
paint,15774889.2687,1.71880000085,1
pointer_move,15774889.2192,1.78580000065,1
draw_commands,15774896.4844,0.326299998909,0
end_draw,15774896.8108,0.907600000501,0
paint,15774896.4715,1.24699999951,1
pointer_move,15774896.3743,1.37050000019,1
draw_commands,15774904.6486,0.30709999986,0
end_draw,15774904.9559,2.84169999883,0
paint,15774904.6397,3.15800000168,1
pointer_move,15774904.3725,3.45219999924,1
draw_commands,15774912.5898,0.319599999115,0
end_draw,15774912.9095,0.947500001639,0
paint,15774912.5811,1.27600000054,1
pointer_move,15774912.3525,1.56600000151,1
draw_commands,15774920.3055,0.335400000215,0
end_draw,15774920.6411,1.95830000006,0
paint,15774920.2965,2.30300000124,1
pointer_move,15774920.2548,2.35980000161,1
draw_commands,15774928.5793,0.271999999881,0
end_draw,15774928.8514,0.479000000283,0
paint,15774928.5731,0.757399998605,1
pointer_move,15774928.3401,1.00439999998,1
draw_commands,15774936.514,0.391499999911,0
end_draw,15774936.9058,0.964999999851,0
paint,15774936.5018,1.36909999885,1
pointer_move,15774936.4194,1.46940000169,1
draw_commands,15774945.1556,0.302300000563,0
end_draw,15774945.458,0.540099998936,0
paint,15774945.1482,0.849999999627,1
pointer_move,15774945.0184,0.99459999986,1
draw_commands,15774952.3036,0.292199999094,0
end_draw,15774952.596,1.21380000003,0
paint,15774952.2985,1.51140000112,1
pointer_move,15774952.2199,1.60699999891,1
draw_commands,15774960.6518,0.278300000355,0
end_draw,15774960.9302,0.508899999782,0
paint,15774960.6459,0.793300000951,1
pointer_move,15774960.4507,1.00300000049,1
draw_commands,15774968.4618,0.356200000271,0
end_draw,15774968.8189,0.848500000313,0
paint,15774968.4536,1.21389999986,1
pointer_move,15774968.3291,1.35940000042,1
draw_commands,15774976.2966,0.291000001132,0
end_draw,15774976.5878,0.50569999963,0
paint,15774976.2902,0.803399998695,1
pointer_move,15774976.2402,0.867499999702,1
draw_commands,15774984.5977,0.302799999714,0
end_draw,15774984.9007,0.592300001532,0
paint,15774984.5898,0.903300000355,1
pointer_move,15774984.4594,1.04879999906,1
draw_commands,15774992.1719,0.284199999645,0
end_draw,15774992.4562,0.480699999258,0
paint,15774992.1677,0.769300000742,1
pointer_move,15774992.1189,0.832600001246,1
draw_commands,15775000.6029,0.419700000435,0
end_draw,15775001.0227,0.667600000277,0
paint,15775000.5942,1.09640000015,1
pointer_move,15775000.5159,1.19509999827,1
draw_commands,15775008.3846,0.286599999294,0
end_draw,15775008.6712,0.547299999744,0
paint,15775008.3778,0.840799998492,1
pointer_move,15775008.335,0.898299999535,1
draw_commands,15775016.4541,0.32290000096,0
end_draw,15775016.7772,0.576199999079,0
paint,15775016.449,0.904500000179,1
pointer_move,15775016.3461,1.03019999899,1
draw_commands,15775024.3254,0.293700000271,0
end_draw,15775024.6192,0.491499999538,0
paint,15775024.3188,0.791999999434,1
pointer_move,15775024.2769,0.84839999862,1
draw_commands,15775032.3092,0.315400000662,0
end_draw,15775032.6247,0.519600000232,0
paint,15775032.3012,0.843200000003,1
pointer_move,15775032.2497,0.91079999879,1
draw_commands,15775040.2862,0.291200000793,0
end_draw,15775040.5775,0.511900000274,0
paint,15775040.2786,0.810900000855,1
pointer_move,15775040.2308,0.873600000516,1
draw_commands,15775048.5453,0.322200000286,0
end_draw,15775048.8677,0.711500000209,0
paint,15775048.5362,1.04350000061,1
pointer_move,15775048.3113,1.29160000011,1
draw_commands,15775066.6398,1.10760000162,0
end_draw,15775067.7477,1.63089999929,0
paint,15775066.626,2.75310000032,1
pointer_move,15775066.231,3.22279999964,1
draw_commands,15775240.3062,0.273199999705,0
end_draw,15775240.5795,0.487699998543,0
paint,15775240.3008,0.766499999911,1
pointer_move,15775240.2476,0.834400000051,1
draw_commands,15775248.4863,0.360599998385,0
end_draw,15775248.847,0.631599999964,0
paint,15775248.4783,1.00040000118,1
pointer_move,15775248.3152,1.18410000019,1
draw_commands,15775256.275,0.316099999472,0
end_draw,15775256.5912,0.598999999464,0
paint,15775256.2664,0.923900000751,1
pointer_move,15775256.2163,0.988700000569,1
draw_commands,15775264.535,0.33410000056,0
end_draw,15775264.8693,0.752599999309,0
paint,15775264.5279,1.09420000017,1
pointer_move,15775264.4156,1.24149999954,1
draw_commands,15775272.5814,0.294500000775,0
end_draw,15775272.8761,0.595100000501,0
paint,15775272.5732,0.898099999875,1
pointer_move,15775272.3882,1.09830000065,1
draw_commands,15775280.3477,0.245400000364,0
end_draw,15775280.5932,0.806600000709,0
paint,15775280.3449,1.05509999953,1
pointer_move,15775280.1624,1.27270000055,1
draw_commands,15775288.2638,0.298299999908,0
end_draw,15775288.5624,0.565799999982,0
paint,15775288.2559,0.872400000691,1
pointer_move,15775288.1918,0.950899999589,1
draw_commands,15775296.4514,0.222799999639,0
end_draw,15775296.6743,0.431099999696,0
paint,15775296.4488,0.656700000167,1
pointer_move,15775296.2409,0.881899999455,1
draw_commands,15775304.5683,0.284400001168,0
end_draw,15775304.8528,0.479100000113,0
paint,15775304.5607,0.77130000107,1
pointer_move,15775304.3691,0.977599998936,1
draw_commands,15775312.5437,0.231100000441,0
end_draw,15775312.7749,0.401599999517,0
paint,15775312.5411,0.63550000079,1
pointer_move,15775312.3269,0.866000000387,1
draw_commands,15775320.4876,0.276499999687,0
end_draw,15775320.7681,0.519899999723,0
paint,15775320.482,0.806099999696,1
pointer_move,15775320.2642,1.03849999979,1
draw_commands,15775328.4514,0.245299998671,0
end_draw,15775328.6968,0.467500001192,0
paint,15775328.447,0.717399999499,1
pointer_move,15775328.2455,0.935300000012,1
draw_commands,15775336.4351,0.331699999049,0
end_draw,15775336.7669,0.463100001216,0
paint,15775336.3887,0.841400001198,1
pointer_move,15775336.3016,0.945000000298,1
draw_commands,15775344.5507,0.252900000662,0
end_draw,15775344.8037,0.433499999344,0
paint,15775344.5464,0.690899999812,1
pointer_move,15775344.3195,0.932900000364,1
draw_commands,15775352.6109,0.275100000203,0
end_draw,15775352.8861,0.520999999717,0
paint,15775352.604,0.803199999034,1
pointer_move,15775352.3692,1.0530999992,1
draw_commands,15775360.5637,0.248300001025,0
end_draw,15775360.8121,0.393500000238,0
paint,15775360.5608,0.644900001585,1
pointer_move,15775360.3398,0.879599999636,1
draw_commands,15775368.4937,0.278000000864,0
end_draw,15775368.7718,0.46219999902,0
paint,15775368.4888,0.745299998671,1
pointer_move,15775368.2393,1.00910000131,1
draw_commands,15775376.4743,0.218899998814,0
end_draw,15775376.6933,0.358100000769,0
paint,15775376.4718,0.579600000754,1
pointer_move,15775376.2612,0.803600000218,1
draw_commands,15775384.5022,0.339900000021,0
end_draw,15775384.8422,0.589199999347,0
paint,15775384.4944,0.93720000051,1
pointer_move,15775384.4053,1.04359999858,1
draw_commands,15775392.5483,0.24450000003,0
end_draw,15775392.7929,0.413300000131,0
paint,15775392.5448,0.661399999633,1
pointer_move,15775392.3317,0.888599999249,1
draw_commands,15775400.6444,0.471099998802,0
end_draw,15775401.1157,1.0009999983,0
paint,15775400.6386,1.47860000096,1
pointer_move,15775400.4272,1.72339999862,1
draw_commands,15775408.5424,0.29679999873,0
end_draw,15775408.8394,0.729799998924,0
paint,15775408.5348,1.03449999914,1
pointer_move,15775408.297,1.92950000055,1
draw_commands,15775416.5807,0.413300000131,0
end_draw,15775416.9944,0.840600000694,0
paint,15775416.5725,1.26260000095,1
pointer_move,15775416.4392,1.41669999994,1
draw_commands,15775424.5753,0.287299999967,0
end_draw,15775424.8628,0.747400000691,0
paint,15775424.569,1.04130000062,1
pointer_move,15775424.3659,1.67119999975,1
draw_commands,15775432.6206,0.298000000417,0
end_draw,15775432.9187,0.564699999988,0
paint,15775432.6135,0.870099999011,1
pointer_move,15775432.5465,0.957600001246,1
draw_commands,15775440.6155,0.296700000763,0
end_draw,15775440.9124,0.69250000082,0
paint,15775440.6073,0.997700000182,1
pointer_move,15775440.3848,2.04130000062,1
draw_commands,15775448.5549,0.279799999669,0
end_draw,15775448.8348,0.565000001341,0
paint,15775448.5483,0.851700000465,1
pointer_move,15775448.3509,1.06680000015,1
draw_commands,15775456.5546,0.269099999219,0
end_draw,15775456.8238,0.881400000304,0
paint,15775456.5503,1.15509999916,1
pointer_move,15775456.3395,1.43329999968,1
draw_commands,15775464.7202,0.340399999171,0
end_draw,15775465.0608,0.69290000014,0
paint,15775464.7107,1.04330000095,1
pointer_move,15775464.6502,1.12790000066,1
draw_commands,15775474.2314,0.262900000438,0
end_draw,15775474.4944,0.450799999759,0
paint,15775474.2226,0.722699999809,1
pointer_move,15775474.0445,0.914799999446,1
draw_commands,15775480.4829,0.235300000757,0
end_draw,15775480.7183,0.661599999294,0
paint,15775480.4814,0.898800000548,1
pointer_move,15775480.2916,1.12040000036,1
draw_commands,15775489.2696,0.315400000662,0
end_draw,15775489.5851,0.623099999502,0
paint,15775489.2616,0.946699999273,1
pointer_move,15775489.1135,1.10899999924,1
draw_commands,15775496.5263,0.220200000331,0
end_draw,15775496.7465,0.343100000173,0
paint,15775496.524,0.565700000152,1
pointer_move,15775496.3357,0.771199999377,1
draw_commands,15775505.4319,0.303999999538,0
end_draw,15775505.7361,0.552300000563,0
paint,15775505.4231,0.865299999714,1
pointer_move,15775505.2434,1.06000000052,1
draw_commands,15775512.5174,0.228800000623,0
end_draw,15775512.7462,0.384999999776,0
paint,15775512.5154,0.615900000557,1
pointer_move,15775512.2792,0.866200000048,1
draw_commands,15775520.3266,0.325600000098,0
end_draw,15775520.6524,0.592800000682,0
paint,15775520.3191,0.926200000569,1
pointer_move,15775520.2745,0.987100001425,1
draw_commands,15775528.8545,0.264399999753,0
end_draw,15775529.1191,0.476299999282,0
paint,15775528.849,0.746500000358,1
pointer_move,15775528.7223,0.888100000098,1
draw_commands,15775537.1221,0.304000001401,0
end_draw,15775537.4262,0.521399999037,0
paint,15775537.1153,0.832399999723,1
pointer_move,15775537.0326,0.929600000381,1
draw_commands,15775544.3503,0.314200000837,0
end_draw,15775544.6647,0.599999999627,0
paint,15775544.3415,0.923200000077,1
pointer_move,15775544.2878,0.991900000721,1
draw_commands,15775552.5746,0.305500000715,0
end_draw,15775552.8802,0.43730000034,0
paint,15775552.5666,0.751000000164,1
pointer_move,15775552.3509,0.980900000781,1
draw_commands,15775560.1784,0.25530000031,0
end_draw,15775560.4338,0.432599999011,0
paint,15775560.174,0.692399999127,1
pointer_move,15775560.128,0.752299999818,1
draw_commands,15775616.6114,0.368699999526,0
end_draw,15775616.9802,0.654899999499,0
paint,15775616.6049,1.03029999882,1
pointer_move,15775616.3785,1.27859999985,1
draw_commands,15775624.2522,0.256599999964,0
end_draw,15775624.5126,0.553100001067,0
paint,15775624.2475,0.818499999121,1
pointer_move,15775624.1851,0.902300000191,1
draw_commands,15775632.4822,0.339199999347,0
end_draw,15775632.8217,0.581300001591,0
paint,15775632.4756,0.927500000224,1
pointer_move,15775632.373,1.04810000025,1
draw_commands,15775640.5737,0.25009999983,0
end_draw,15775640.8239,0.529200000688,0
paint,15775640.5679,0.785199999809,1
pointer_move,15775640.3684,1.11470000073,1
draw_commands,15775648.4319,0.294499998912,0
end_draw,15775648.7265,0.497399998829,0
paint,15775648.4253,0.798699999228,1
pointer_move,15775648.3054,0.937299998477,1
draw_commands,15775656.5372,0.352299999446,0
end_draw,15775656.8898,0.689900001511,0
paint,15775656.5268,1.05290000141,1
pointer_move,15775656.3913,1.20490000024,1
draw_commands,15775664.8905,0.269500000402,0
end_draw,15775665.1601,0.770899999887,0
paint,15775664.8846,1.04659999907,1
pointer_move,15775664.4731,1.48450000025,1
draw_commands,15775672.3127,0.309000000358,0
end_draw,15775672.6219,0.63069999963,0
paint,15775672.3047,0.947999998927,1
pointer_move,15775672.2432,1.02539999969,1
draw_commands,15775680.4673,0.298100000247,0
end_draw,15775680.7656,0.704300001264,0
paint,15775680.4619,1.00810000114,1
pointer_move,15775680.2847,1.2210999988,1
draw_commands,15775688.4766,0.577800000086,0
end_draw,15775689.0545,1.00609999895,0
paint,15775688.4618,1.59920000099,1
pointer_move,15775688.4036,1.78890000097,1
draw_commands,15775697.3153,0.424300000072,0
end_draw,15775697.7402,1.18889999948,0
paint,15775697.2679,1.6614000015,1
pointer_move,15775696.9849,1.97000000067,1
draw_commands,15775704.2988,0.30209999904,0
end_draw,15775704.6011,0.822000000626,0
paint,15775704.2927,1.13049999997,1
pointer_move,15775704.2153,1.22610000148,1
draw_commands,15775712.2765,0.298700001091,0
end_draw,15775712.5753,0.628399999812,0
paint,15775712.2678,0.936000000685,1
pointer_move,15775712.2326,0.985899999738,1
draw_commands,15775720.3466,0.36400000006,0
end_draw,15775720.7109,0.550900001079,0
paint,15775720.3375,0.924399999902,1
pointer_move,15775720.2982,0.981899999082,1
draw_commands,15775728.6221,0.270000001416,0
end_draw,15775728.8922,0.497899999842,0
paint,15775728.6156,0.774600001052,1
pointer_move,15775728.3522,1.12199999951,1
draw_commands,15775736.6031,0.270300000906,0
end_draw,15775736.8735,0.495699999854,0
paint,15775736.5965,0.772700000554,1
pointer_move,15775736.3861,0.998099999502,1
draw_commands,15775744.523,0.238499999046,0
end_draw,15775744.7616,0.393999999389,0
paint,15775744.5207,0.634999999776,1
pointer_move,15775744.314,0.856000000611,1
draw_commands,15775752.791,0.333200000226,0
end_draw,15775753.1244,0.629200000316,0
paint,15775752.7814,0.972299998626,1
pointer_move,15775752.6561,1.11530000158,1
draw_commands,15775760.5435,0.248900000006,0
end_draw,15775760.7925,0.424799999222,0
paint,15775760.5394,0.677899999544,1
pointer_move,15775760.3001,0.931499999017,1
draw_commands,15775768.5312,0.325900001451,0
end_draw,15775768.8572,0.641599999741,0
paint,15775768.5216,0.977299999446,1
pointer_move,15775768.3247,1.19070000015,1
draw_commands,15775776.5992,0.246700000018,0
end_draw,15775776.846,0.416999999434,0
paint,15775776.595,0.668099999428,1
pointer_move,15775776.3824,0.894299998879,1
draw_commands,15775784.567,0.286000000313,0
end_draw,15775784.8531,0.490100000054,0
paint,15775784.5619,0.781400000677,1
pointer_move,15775784.3349,1.02300000004,1
draw_commands,15775792.4891,0.22839999944,0
end_draw,15775792.7176,0.395700000226,0
paint,15775792.4868,0.626499999315,1
pointer_move,15775792.2922,0.834800001234,1
draw_commands,15775840.5479,0.256899999455,0
end_draw,15775840.8049,0.468200000003,0
paint,15775840.5425,0.730699999258,1
pointer_move,15775840.3208,0.966000000015,1
draw_commands,15775848.537,0.283299999312,0
end_draw,15775848.8205,0.700600000098,0
paint,15775848.5301,0.991100000218,1
pointer_move,15775848.277,1.2675999999,1
draw_commands,15775856.5847,0.296500001103,0
end_draw,15775856.8813,0.531799999997,0
paint,15775856.5758,0.837400000542,1
pointer_move,15775856.3646,1.06289999932,1
draw_commands,15775864.2903,0.329699998721,0
end_draw,15775864.6202,0.651899999008,0
paint,15775864.2822,0.990000000224,1
pointer_move,15775864.2294,1.06790000014,1
draw_commands,15775872.5809,0.308000000194,0
end_draw,15775872.8889,0.523499999195,0
paint,15775872.576,0.836500000209,1
pointer_move,15775872.3784,1.0485999994,1
draw_commands,15775880.5089,0.309900000691,0
end_draw,15775880.819,0.724799999967,0
paint,15775880.5026,1.04140000045,1
pointer_move,15775880.2673,1.3105999995,1
draw_commands,15775888.9142,0.339499998838,0
end_draw,15775889.2539,0.64979999885,0
paint,15775888.9075,0.996299998835,1
pointer_move,15775888.8301,1.09390000068,1
draw_commands,15775896.2419,0.306199999526,0
end_draw,15775896.5482,0.460300000384,0
paint,15775896.2343,0.774299999699,1
pointer_move,15775896.192,0.833000000566,1
draw_commands,15775904.5545,0.278599999845,0
end_draw,15775904.8332,0.441299999133,0
paint,15775904.5492,0.725399998948,1
pointer_move,15775904.4064,0.882199998945,1
draw_commands,15775912.3417,0.267299998552,0
end_draw,15775912.6091,0.463800000027,0
paint,15775912.3362,0.736800000072,1
pointer_move,15775912.2945,0.793299999088,1
draw_commands,15775920.5561,0.278699999675,0
end_draw,15775920.839,0.498099999502,0
paint,15775920.5523,0.784900000319,1
pointer_move,15775920.3538,0.997999999672,1
draw_commands,15775928.5259,0.262699998915,0
end_draw,15775928.7887,0.464800000191,0
paint,15775928.5205,0.733099998906,1
pointer_move,15775928.3277,0.939899999648,1
draw_commands,15775937.0586,0.342200001702,0
end_draw,15775937.4009,0.456499999389,0
paint,15775937.0505,0.8069000002,1
pointer_move,15775936.4566,1.41600000113,1
draw_commands,15775944.5314,0.314999999478,0
end_draw,15775944.8466,0.504000000656,0
paint,15775944.5219,0.82880000025,1
pointer_move,15775944.4566,0.908100001514,1
draw_commands,15775952.3211,0.300300000235,0
end_draw,15775952.6215,0.573899999261,0
paint,15775952.3156,0.879999998957,1
pointer_move,15775952.2106,1.00210000016,1
draw_commands,15775960.4257,0.257699999958,0
end_draw,15775960.6835,0.473400000483,0
paint,15775960.4203,0.736700000241,1
pointer_move,15775960.2674,0.903799999505,1
draw_commands,15775968.5357,0.397899998352,0
end_draw,15775968.9338,0.564999999478,0
paint,15775968.5223,0.976600000635,1
pointer_move,15775968.3182,1.19680000097,1
draw_commands,15775976.568,0.251000000164,0
end_draw,15775976.8191,0.434900000691,0
paint,15775976.5638,0.690200001001,1
pointer_move,15775976.3482,0.919199999422,1
draw_commands,15775984.5589,0.283499998972,0
end_draw,15775984.8425,0.519799999893,0
paint,15775984.5532,0.809200000018,1
pointer_move,15775984.3482,1.02939999849,1
draw_commands,15775992.5024,0.259099999443,0
end_draw,15775992.7616,0.463699998334,0
paint,15775992.4971,0.728199999779,1
pointer_move,15775992.2732,0.967299999669,1
draw_commands,15776000.5706,0.298100000247,0
end_draw,15776000.8688,0.456100000069,0
paint,15776000.5656,0.759399998933,1
pointer_move,15776000.3454,0.993599999696,1
draw_commands,15776008.5892,0.277300000191,0
end_draw,15776008.8667,0.497700000182,0
paint,15776008.5824,0.782099999487,1
pointer_move,15776008.3701,1.0111999996,1
draw_commands,15776016.4613,0.401499999687,0
end_draw,15776016.8639,0.841900000349,0
paint,15776016.453,1.25290000066,1
pointer_move,15776016.3632,1.36660000123,1
draw_commands,15776024.7117,0.326700000092,0
end_draw,15776025.0386,0.634100001305,0
paint,15776024.6997,0.973100000992,1
pointer_move,15776024.4673,1.22220000066,1
draw_commands,15776064.5049,0.308500001207,0
end_draw,15776064.8136,0.772700000554,0
paint,15776064.4969,1.0895000007,1
pointer_move,15776064.4245,1.22770000063,1
draw_commands,15776072.2729,0.265000000596,0
end_draw,15776072.538,0.480999998748,0
paint,15776072.2669,0.752199999988,1
pointer_move,15776072.2107,0.824100000784,1
draw_commands,15776080.2607,0.254300000146,0
end_draw,15776080.5151,1.05559999868,0
paint,15776080.2568,1.31420000084,1
pointer_move,15776080.2001,1.49230000004,1
draw_commands,15776088.5866,0.320499999449,0
end_draw,15776088.9073,0.590600000694,0
paint,15776088.5782,0.919700000435,1
pointer_move,15776088.3451,1.16870000027,1
draw_commands,15776097.6203,0.340499999002,0
end_draw,15776097.961,0.710700001568,0
paint,15776097.6131,1.05890000053,1
pointer_move,15776097.4978,1.21079999954,1
draw_commands,15776104.5626,0.294999999925,0
end_draw,15776104.8578,0.529600000009,0
paint,15776104.5525,0.834999999031,1
pointer_move,15776104.3285,1.0756000001,1
draw_commands,15776112.9195,0.323799999431,0
end_draw,15776113.2436,0.672900000587,0
paint,15776112.911,1.0055999998,1
pointer_move,15776112.5787,1.51269999892,1
draw_commands,15776120.6494,0.309700001031,0
end_draw,15776120.9592,0.544800000265,0
paint,15776120.6427,0.861400000751,1
pointer_move,15776120.4023,1.11629999988,1
draw_commands,15776128.4535,0.270499998704,0
end_draw,15776128.7241,0.517200000584,0
paint,15776128.4475,0.793899999931,1
pointer_move,15776128.3279,0.929600000381,1
draw_commands,15776136.7133,0.293299999088,0
end_draw,15776137.0068,0.52690000087,0
paint,15776136.7071,0.826700000092,1
pointer_move,15776136.374,1.17520000041,1
draw_commands,15776144.6061,0.294599998742,0
end_draw,15776144.9008,0.503799999133,0
paint,15776144.5968,0.807900000364,1
pointer_move,15776144.3876,1.03270000033,1
draw_commands,15776152.5586,0.314100001007,0
end_draw,15776152.8728,0.503900000826,0
paint,15776152.5519,0.824900001287,1
pointer_move,15776152.3162,1.07569999993,1
draw_commands,15776160.4524,0.259899999946,0
end_draw,15776160.7124,0.470799999312,0
paint,15776160.4473,0.735999999568,1
pointer_move,15776160.2516,0.947000000626,1
draw_commands,15776168.5993,0.287099998444,0
end_draw,15776168.8865,0.479200001806,0
paint,15776168.5937,0.772100001574,1
pointer_move,15776168.3365,1.04309999943,1
draw_commands,15776176.4447,0.257699999958,0
end_draw,15776176.7025,0.453999999911,0
paint,15776176.4395,0.717100000009,1
pointer_move,15776176.2458,0.924399999902,1
draw_commands,15776186.0432,0.35540000163,0
end_draw,15776186.3988,0.545699998736,0
paint,15776186.0278,0.916799999774,1
pointer_move,15776185.9696,0.990199999884,1
draw_commands,15776192.5063,0.239799998701,0
end_draw,15776192.7463,0.414799999446,0
paint,15776192.5007,0.6604999993,1
pointer_move,15776192.3053,0.869200000539,1
draw_commands,15776200.8174,0.288399999961,0
end_draw,15776201.106,0.458099998534,0
paint,15776200.8126,0.751499999315,1
pointer_move,15776200.6727,0.90529999882,1
draw_commands,15776208.5653,0.263699999079,0
end_draw,15776208.8325,0.473699999973,0
paint,15776208.5597,0.746600000188,1
pointer_move,15776208.3143,1.00709999911,1
draw_commands,15776217.7308,0.312000000849,0
end_draw,15776218.0429,0.456299999729,0
paint,15776217.7237,0.775599999353,1
pointer_move,15776217.3102,1.20319999941,1
draw_commands,15776224.6154,0.275200000033,0
end_draw,15776224.8907,0.445600001141,0
paint,15776224.6087,0.727600000799,1
pointer_move,15776224.3957,0.954900000244,1
draw_commands,15776232.5651,0.268600000069,0
end_draw,15776232.8339,0.491899998859,0
paint,15776232.5606,0.765200000256,1
pointer_move,15776232.2663,1.07489999942,1
draw_commands,15776240.5865,0.28019999899,0
end_draw,15776240.8668,0.447699999437,0
paint,15776240.5803,0.734300000593,1
pointer_move,15776240.3709,0.957200000063,1
draw_commands,15776248.652,0.283099999651,0
end_draw,15776248.9352,0.798799999058,0
paint,15776248.645,1.08909999952,1
pointer_move,15776248.3638,1.38749999925,1
draw_commands,15776256.5722,0.288499999791,0
end_draw,15776256.8608,0.541100000963,0
paint,15776256.5654,0.836600000039,1
pointer_move,15776256.3452,1.07069999911,1
draw_commands,15776264.345,0.29119999893,0
end_draw,15776264.6369,0.584300000221,0
paint,15776264.3399,0.881500000134,1
pointer_move,15776264.3019,0.940300000831,1
draw_commands,15776272.6061,0.315399998799,0
end_draw,15776272.9217,0.5354999993,0
paint,15776272.5974,0.859899999574,1
pointer_move,15776272.3871,1.08550000004,1
draw_commands,15776280.2133,0.248699998483,0
end_draw,15776280.4621,0.605000000447,0
paint,15776280.2097,0.857499999925,1
pointer_move,15776280.1644,0.932900000364,1
draw_commands,15776288.5755,0.303400000557,0
end_draw,15776288.879,0.54609999992,0
paint,15776288.5679,0.857300000265,1
pointer_move,15776288.3306,1.10979999974,1
draw_commands,15776296.2002,0.2555999998,0
end_draw,15776296.4559,0.566299999133,0
paint,15776296.1964,0.825899999589,1
pointer_move,15776296.1526,0.888100000098,1
draw_commands,15776304.5488,0.299899999052,0
end_draw,15776304.8489,0.512700000778,0
paint,15776304.5406,0.821100000292,1
pointer_move,15776304.3181,1.05760000087,1
draw_commands,15776312.4341,0.264799999073,0
end_draw,15776312.6994,0.524299999699,0
paint,15776312.4286,0.795199999586,1
pointer_move,15776312.3255,0.913000000641,1
draw_commands,15776320.4894,0.279900001362,0
end_draw,15776320.7695,0.486899999902,0
paint,15776320.485,0.77150000073,1
pointer_move,15776320.2443,1.02759999968,1
draw_commands,15776328.2341,0.261600000784,0
end_draw,15776328.4957,0.466299999505,0
paint,15776328.2284,0.73369999975,1
pointer_move,15776328.1695,0.80749999918,1
draw_commands,15776336.5545,0.273199999705,0
end_draw,15776336.8278,0.517400000244,0
paint,15776336.5498,0.795400001109,1
pointer_move,15776336.3635,0.996599998325,1
draw_commands,15776344.88,0.256399998441,0
end_draw,15776345.1365,0.564200000837,0
paint,15776344.875,0.826099999249,1
pointer_move,15776344.8044,0.917799999937,1
draw_commands,15776352.533,0.28240000084,0
end_draw,15776352.8155,0.451299998909,0
paint,15776352.5258,0.740999998525,1
pointer_move,15776352.33,0.950699999928,1
draw_commands,15776360.3172,0.272700000554,0
end_draw,15776360.59,0.465500000864,0
paint,15776360.312,0.743499999866,1
pointer_move,15776360.2643,0.805099999532,1
draw_commands,15776368.5153,0.278999999166,0
end_draw,15776368.7944,0.457400001585,0
paint,15776368.5096,0.742200000212,1
pointer_move,15776368.2986,0.967000000179,1
draw_commands,15776376.781,0.249500000849,0
end_draw,15776377.0306,0.458799999207,0
paint,15776376.7767,0.712799999863,1
pointer_move,15776376.5759,0.927200000733,1
draw_commands,15776384.7228,0.314300000668,0
end_draw,15776385.0372,0.435399999842,0
paint,15776384.7119,0.76080000028,1
pointer_move,15776384.4937,0.993499999866,1
draw_commands,15776392.4758,0.292500000447,0
end_draw,15776392.7684,0.447799999267,0
paint,15776392.4686,0.747600000352,1
pointer_move,15776392.3642,0.866000000387,1
draw_commands,15776400.6236,0.243200000376,0
end_draw,15776400.867,0.770499998704,0
paint,15776400.6188,1.0186999999,1
pointer_move,15776400.3585,1.3004999999,1
draw_commands,15776408.3164,0.274199999869,0
end_draw,15776408.5907,0.516699999571,0
paint,15776408.3109,0.79649999924,1
pointer_move,15776408.2462,0.877099998295,1
draw_commands,15776416.5418,0.271099999547,0
end_draw,15776416.813,0.431200001389,0
paint,15776416.538,0.706199999899,1
pointer_move,15776416.3005,0.957200000063,1
draw_commands,15776424.4283,0.267999999225,0
end_draw,15776424.6964,0.451999999583,0
paint,15776424.4218,0.726699998602,1
pointer_move,15776424.2685,0.893799999729,1
draw_commands,15776432.2714,0.273799998686,0
end_draw,15776432.5453,0.802799999714,0
paint,15776432.2667,1.08150000125,1
pointer_move,15776432.2015,1.16789999977,1
draw_commands,15776440.2532,0.321599999443,0
end_draw,15776440.5749,0.57890000008,0
paint,15776440.2447,0.909199999645,1
pointer_move,15776440.1699,0.998199999332,1
draw_commands,15776449.3488,1.03639999963,0
end_draw,15776450.3857,1.6398999989,0
paint,15776449.3362,2.68979999982,1
pointer_move,15776449.0814,3.01109999977,1
draw_commands,15776458.2784,1.00740000047,0
end_draw,15776459.2863,1.56970000081,0
paint,15776458.266,2.59039999917,1
pointer_move,15776457.732,3.18829999864,1
draw_commands,15776465.4505,1.04179999977,0
end_draw,15776466.5075,2.62759999931,0
paint,15776465.4369,3.69860000163,1
pointer_move,15776465.0629,4.36780000106,1
draw_commands,15776472.9454,0.801100000739,0
end_draw,15776473.7469,1.38030000031,0
paint,15776472.9319,2.19559999928,1
pointer_move,15776472.7581,2.54220000096,1
draw_commands,15776480.7156,0.602299999446,0
end_draw,15776481.3181,1.14340000041,0
paint,15776480.7035,1.75819999911,1
pointer_move,15776480.4967,2.00589999929,1
draw_commands,15776488.3464,0.277499999851,0
end_draw,15776488.624,0.493699999526,0
paint,15776488.3411,0.776699999347,1
pointer_move,15776488.2608,0.870699999854,1
draw_commands,15776496.5228,0.210500000045,0
end_draw,15776496.7334,0.341099999845,0
paint,15776496.5211,0.553400000557,1
pointer_move,15776496.2933,0.794800000265,1
draw_commands,15776505.1821,0.264900000766,0
end_draw,15776505.4472,0.688599999994,0
paint,15776505.1756,0.960400000215,1
pointer_move,15776504.8763,1.28030000068,1
draw_commands,15776512.8743,0.228300001472,0
end_draw,15776513.1028,0.523599999025,0
paint,15776512.8706,0.755899999291,1
pointer_move,15776512.5799,1.06709999964,1
draw_commands,15776521.2223,0.294599998742,0
end_draw,15776521.517,0.453899998218,0
paint,15776521.2169,0.754100000486,1
pointer_move,15776521.0739,0.910700000823,1
draw_commands,15776528.5435,0.22879999876,0
end_draw,15776528.7724,0.415400000289,0
paint,15776528.5412,0.646699998528,1
pointer_move,15776528.3395,0.862399999052,1
draw_commands,15776536.3997,0.394299998879,0
end_draw,15776536.7941,0.712500000373,0
paint,15776536.3879,1.11879999936,1
pointer_move,15776536.3269,1.19900000095,1
draw_commands,15776544.5752,0.264599999413,0
end_draw,15776544.84,0.449500000104,0
paint,15776544.57,0.719599999487,1
pointer_move,15776544.3635,0.940299998969,1
draw_commands,15776552.4697,0.289900001138,0
end_draw,15776552.7598,0.433800000697,0
paint,15776552.4625,0.731200000271,1
pointer_move,15776552.4119,0.79619999975,1
draw_commands,15776560.5154,0.204600000754,0
end_draw,15776560.7201,0.321899998933,0
paint,15776560.5136,0.528500000015,1
pointer_move,15776560.3054,0.75019999966,1
draw_commands,15776568.5524,0.281399998814,0
end_draw,15776568.8339,0.434499999508,0
paint,15776568.5479,0.720599999651,1
pointer_move,15776568.3528,0.929800000042,1
draw_commands,15776576.5001,0.318299999461,0
end_draw,15776576.8185,0.53770000115,0
paint,15776576.4983,0.858000000939,1
pointer_move,15776576.2817,1.08980000019,1
draw_commands,15776584.592,0.275900000706,0
end_draw,15776584.868,0.439600000158,0
paint,15776584.5869,0.720800001174,1
pointer_move,15776584.3795,0.941899999976,1
draw_commands,15776592.463,0.332100000232,0
end_draw,15776592.7951,0.632300000638,0
paint,15776592.4598,0.967700000852,1
pointer_move,15776592.2475,1.19589999877,1
draw_commands,15776600.6037,0.311899999157,0
end_draw,15776600.9157,0.601500000805,0
paint,15776600.5981,0.919400000945,1
pointer_move,15776600.3942,1.14069999941,1
draw_commands,15776609.9573,0.26070000045,0
end_draw,15776610.2181,0.515799999237,0
paint,15776609.9514,0.782599998638,1
pointer_move,15776609.7373,1.01300000027,1
draw_commands,15776616.7708,0.289499999955,0
end_draw,15776617.0605,0.492599999532,0
paint,15776616.7664,0.786800000817,1
pointer_move,15776616.4299,1.13790000044,1
draw_commands,15776625.6955,0.287499999627,0
end_draw,15776625.9831,0.517099998891,0
paint,15776625.6895,0.810799999163,1
pointer_move,15776625.6105,0.906700000167,1
draw_commands,15776632.4517,0.316500000656,0
end_draw,15776632.7683,0.554199999198,0
paint,15776632.4433,0.879200000316,1
pointer_move,15776632.3894,0.961500000209,1
draw_commands,15776640.5702,0.320700000972,0
end_draw,15776640.8912,0.629499999806,0
paint,15776640.5622,0.958599999547,1
pointer_move,15776640.4426,1.09809999913,1
draw_commands,15776648.271,0.307700000703,0
end_draw,15776648.5788,0.455699998885,0
paint,15776648.2643,0.770300000906,1
pointer_move,15776648.1974,0.856399999931,1
draw_commands,15776657.3811,0.349199999124,0
end_draw,15776657.7305,0.773000000045,0
paint,15776657.3682,1.13529999927,1
pointer_move,15776657.2055,1.31680000015,1
draw_commands,15776665.3095,0.273000000045,0
end_draw,15776665.5826,0.563699999824,0
paint,15776665.3052,0.841200001538,1
pointer_move,15776664.8707,1.50520000048,1
draw_commands,15776672.4402,0.308300001547,0
end_draw,15776672.7487,0.76620000042,0
paint,15776672.4306,1.08440000005,1
pointer_move,15776672.3465,1.18859999999,1
draw_commands,15776680.428,0.272400001064,0
end_draw,15776680.7005,0.647099999711,0
paint,15776680.4227,0.925199998543,1
pointer_move,15776680.2347,1.13650000095,1
draw_commands,15776712.4512,0.252200001851,0
end_draw,15776712.7036,0.572699999437,0
paint,15776712.4456,0.830800000578,1
pointer_move,15776712.3646,0.935300000012,1
draw_commands,15776736.4457,0.253200000152,0
end_draw,15776736.699,0.421800000593,0
paint,15776736.4418,0.679099999368,1
pointer_move,15776736.2437,0.89110000059,1
draw_commands,15776744.4544,0.205300001428,0
end_draw,15776744.6598,0.304299999028,0
paint,15776744.4529,0.511299999431,1
pointer_move,15776744.2468,0.730699999258,1
draw_commands,15776760.519,0.254800001159,0
end_draw,15776760.7739,0.525599999353,0
paint,15776760.5138,0.78579999879,1
pointer_move,15776760.2654,1.05179999955,1
draw_commands,15776792.4767,0.258299998939,0
end_draw,15776792.7388,0.540099998936,0
paint,15776792.472,0.80700000003,1
pointer_move,15776792.2444,1.05169999972,1
draw_commands,15776816.912,0.273299999535,0
end_draw,15776817.1854,0.473100000992,0
paint,15776816.9062,0.752400001511,1
pointer_move,15776816.8162,0.857000000775,1
draw_commands,15776818.8117,0.418800000101,0
end_draw,15776819.2306,3.22300000116,0
paint,15776818.8086,3.64510000125,2
pointer_move,15776824.6314,0.00530000030994,2
draw_commands,15776824.6725,0.423900000751,0
end_draw,15776825.0965,1.02810000069,0
paint,15776824.6693,1.45540000126,2
pointer_move,15776832.866,0.0122999995947,2
pointer_move,15776833.2465,0.00540000014007,2
draw_commands,15776833.3247,0.494100000709,0
end_draw,15776833.8189,0.750399999321,0
paint,15776833.3209,1.24839999899,2
pointer_move,15776842.27,0.0133999995887,2
draw_commands,15776842.4611,0.522599998862,0
end_draw,15776842.9838,0.949500000104,0
paint,15776842.451,1.4824000001,2
pointer_move,15776849.5467,0.0182999987155,2
draw_commands,15776849.7183,0.553500000387,0
end_draw,15776850.2719,1.24780000001,0
paint,15776849.7043,1.81560000032,2
pointer_move,15776857.54,0.0190000012517,2
draw_commands,15776858.2681,0.524099998176,0
end_draw,15776858.7923,0.975800000131,0
paint,15776858.2595,1.50889999978,2
pointer_move,15776865.8875,0.0636999998242,2
draw_commands,15776866.1936,0.527699999511,0
end_draw,15776866.7214,0.741200000048,0
paint,15776866.1871,1.27559999935,2
pointer_move,15776872.4634,0.0153000000864,2
draw_commands,15776872.5788,0.526999998838,0
end_draw,15776873.1058,0.92650000006,0
paint,15776872.5753,1.45710000023,2
pointer_move,15776881.843,0.0515999998897,2
draw_commands,15776882.1872,1.9291999992,0
end_draw,15776884.1168,3.48679999821,0
paint,15776882.1752,5.42889999971,2
pointer_move,15776891.3101,0.0930000003427,2
draw_commands,15776891.8266,1.50159999914,0
end_draw,15776893.3284,2.61569999903,0
paint,15776891.8135,4.13079999946,2
pointer_move,15776897.3094,0.0958000011742,2
draw_commands,15776897.7128,1.23420000076,0
end_draw,15776898.9472,1.78910000063,0
paint,15776897.7035,3.03299999982,2
pointer_move,15776904.9772,0.00840000063181,2
draw_commands,15776905.0531,0.461000001058,0
end_draw,15776905.5142,0.863700000569,0
paint,15776905.0467,1.33129999973,2
pointer_move,15776913.5034,0.110500000417,2
draw_commands,15776914.2365,1.26449999958,0
end_draw,15776915.5012,1.82940000109,0
paint,15776914.2264,3.10440000147,2
pointer_move,15776922.2622,0.0570999998599,2
draw_commands,15776922.454,0.457800000906,0
end_draw,15776922.912,0.852099999785,0
paint,15776922.4468,1.31740000099,2
pointer_move,15776930.1704,0.149400001392,2
draw_commands,15776930.8168,2.08809999935,0
end_draw,15776932.9052,3.42609999888,0
paint,15776930.808,5.52390000038,2
pointer_move,15776941.9958,0.0592000000179,2
draw_commands,15776942.448,1.22899999842,0
end_draw,15776943.6772,1.57749999873,0
paint,15776942.4363,2.81859999895,2
pointer_move,15776946.0726,0.0788000002503,2
draw_commands,15776946.4635,0.779400000349,0
end_draw,15776947.2431,1.49259999953,0
paint,15776946.4591,2.27679999918,2
pointer_move,15776954.7396,0.0228999983519,2
draw_commands,15776954.8661,0.478000000119,0
end_draw,15776955.3442,0.884199999273,0
paint,15776954.8603,1.36819999851,2
pointer_move,15776961.0035,0.0626999996603,2
draw_commands,15776961.2702,0.445199999958,0
end_draw,15776961.7154,0.709700001404,0
paint,15776961.266,1.15919999965,2
pointer_move,15776969.1259,0.0310999993235,2
draw_commands,15776969.4343,0.518200000748,0
end_draw,15776969.9526,0.770899999887,0
paint,15776969.4272,1.29639999941,2
pointer_move,15776976.9895,0.0619000010192,2
draw_commands,15776977.378,0.49430000037,0
end_draw,15776977.8724,0.840499999002,0
paint,15776977.3674,1.34559999965,2
pointer_move,15776985.8696,0.0962000004947,2
draw_commands,15776986.2576,0.472400000319,0
end_draw,15776986.7301,0.860899999738,0
paint,15776986.2503,1.34070000052,2
pointer_move,15776992.7797,0.0657999999821,2
draw_commands,15776993.0962,0.414099998772,0
end_draw,15776993.5104,0.770700000226,0
paint,15776993.0929,1.18829999864,2
pointer_move,15777000.8986,0.0625999998301,2
draw_commands,15777001.1564,0.461299998686,0
end_draw,15777001.6177,0.726400000975,0
paint,15777001.1501,1.19409999996,2
pointer_move,15777008.7114,0.0633000005037,2
draw_commands,15777009.0119,0.418999999762,0
end_draw,15777009.431,0.685699999332,0
paint,15777009.0081,1.10870000161,2
pointer_move,15777016.8332,0.120500000194,2
draw_commands,15777017.345,0.561400000006,0
end_draw,15777017.9065,1.02199999988,0
paint,15777017.3401,1.58850000054,2
pointer_move,15777024.9011,0.0723000001162,2
draw_commands,15777025.0702,0.452800000086,0
end_draw,15777025.5231,0.700999999419,0
paint,15777025.0647,1.15939999931,2
pointer_move,15777032.575,0.00790000148118,2
draw_commands,15777032.6449,0.455099999905,0
end_draw,15777033.1004,0.781999999657,0
paint,15777032.638,1.24450000003,2
pointer_move,15777042.0466,0.136200001463,2
draw_commands,15777042.667,1.68420000002,0
end_draw,15777044.3516,4.16379999928,0
paint,15777042.6575,5.85829999857,2
pointer_move,15777050.888,0.0490000005811,2
draw_commands,15777051.3495,1.44129999913,0
end_draw,15777052.7911,2.00500000082,0
paint,15777051.3338,3.46270000003,2
pointer_move,15777057.2499,0.0903999991715,2
draw_commands,15777057.666,0.960000000894,0
end_draw,15777058.6262,1.56499999948,0
paint,15777057.6546,2.53680000082,2
pointer_move,15777065.5268,0.0161000005901,2
draw_commands,15777065.6417,0.495100000873,0
end_draw,15777066.1368,0.753200000152,0
paint,15777065.6333,1.25679999962,2
pointer_move,15777072.7151,0.057400001213,2
draw_commands,15777072.974,0.377800000831,0
end_draw,15777073.3519,0.597599999979,0
paint,15777072.9722,0.977399999276,2
pointer_move,15777080.6729,0.0558000002056,2
draw_commands,15777080.8518,0.563199998811,0
end_draw,15777081.4151,1.23189999908,0
paint,15777080.8415,1.80570000038,2
pointer_move,15777088.7683,0.0594999995083,2
draw_commands,15777089.0385,0.438999999315,0
end_draw,15777089.4776,0.740999998525,0
paint,15777089.0337,1.18489999883,2
pointer_move,15777096.6509,0.0166999995708,2
draw_commands,15777096.762,0.433000000194,0
end_draw,15777097.1951,1.07230000012,0
paint,15777096.7568,1.51080000028,2
pointer_move,15777104.831,0.0652999989688,2
draw_commands,15777105.1433,0.464199999347,0
end_draw,15777105.6075,0.897600000724,0
paint,15777105.1346,1.37060000002,2
pointer_move,15777112.7306,0.0146000012755,2
draw_commands,15777112.8568,0.440400000662,0
end_draw,15777113.2973,0.769600000232,0
paint,15777112.8508,1.21619999968,2
pointer_move,15777120.7428,0.0547000002116,2
draw_commands,15777121.0043,0.443499999121,0
end_draw,15777121.4479,0.877800000831,0
paint,15777120.9998,1.32599999942,2
pointer_move,15777128.6243,0.0348000004888,2
draw_commands,15777128.7588,0.43229999952,0
end_draw,15777129.1911,0.719299999997,0
paint,15777128.7532,1.15729999915,2
pointer_move,15777136.8403,0.0695000011474,2
draw_commands,15777137.038,0.510599998757,0
end_draw,15777137.5486,0.825400000438,0
paint,15777137.0312,1.34280000068,2
pointer_move,15777144.7199,0.00679999962449,2
draw_commands,15777144.8359,0.432600000873,0
end_draw,15777145.2686,0.713199999183,0
paint,15777144.8302,1.15169999935,2
pointer_move,15777152.7273,0.0578000005335,2
draw_commands,15777152.988,0.435900000855,0
end_draw,15777153.424,0.949999999255,0
paint,15777152.9843,1.38979999907,2
pointer_move,15777160.7821,0.0110999997705,2
draw_commands,15777160.8457,0.427500000224,0
end_draw,15777161.2732,0.732200000435,0
paint,15777160.8398,1.16569999978,2
pointer_move,15777168.6936,0.0586999990046,2
draw_commands,15777168.9564,0.433100000024,0
end_draw,15777169.3896,0.806600000709,0
paint,15777168.9517,1.24459999986,2
pointer_move,15777178.1364,0.0670000016689,2
draw_commands,15777178.6008,1.69879999943,0
end_draw,15777180.3,2.80429999903,0
paint,15777178.5883,4.51639999822,2
pointer_move,15777186.1805,0.0318999998271,2
draw_commands,15777186.7936,2.10749999993,0
end_draw,15777188.9015,3.05990000069,0
paint,15777186.7793,5.18239999935,2
pointer_move,15777194.6162,0.145600000396,2
draw_commands,15777195.121,0.95320000127,0
end_draw,15777196.0744,1.56020000018,0
paint,15777195.1107,2.52419999987,2
pointer_move,15777201.0917,0.0447999984026,2
draw_commands,15777201.4671,0.770899999887,0
end_draw,15777202.2381,1.50980000012,0
paint,15777201.4596,2.28849999979,2
pointer_move,15777208.9504,0.0679999999702,2
draw_commands,15777209.2685,0.638499999419,0
end_draw,15777209.9071,0.966900000349,0
paint,15777209.2608,1.61329999939,2
pointer_move,15777217.1,0.0135000012815,2
draw_commands,15777217.3261,0.725500000641,0
end_draw,15777218.0518,1.24200000055,0
paint,15777217.3165,1.97739999928,2
pointer_move,15777224.8496,0.0668999999762,2
draw_commands,15777225.1396,0.469499999657,0
end_draw,15777225.6092,0.84839999862,0
paint,15777225.1329,1.32479999959,2
pointer_move,15777232.8118,0.106100000441,2
draw_commands,15777233.2381,0.776300000027,0
end_draw,15777234.0145,0.837300000712,0
paint,15777233.2329,1.61900000088,2
pointer_move,15777240.9465,0.0653000008315,2
draw_commands,15777241.2333,0.459899999201,0
end_draw,15777241.6933,0.698599999771,0
paint,15777241.2272,1.16480000131,2
pointer_move,15777248.712,0.0707000009716,2
draw_commands,15777249.0537,0.703999999911,0
end_draw,15777249.7578,0.944399999455,0
paint,15777249.0498,1.65249999985,2
pointer_move,15777256.8647,0.00809999927878,2
draw_commands,15777257.0366,0.446399999782,0
end_draw,15777257.4831,0.705099999905,0
paint,15777257.0314,1.15689999983,2
pointer_move,15777265.1554,0.0586999990046,2
draw_commands,15777265.4876,0.556299999356,0
end_draw,15777266.0442,1.18280000053,0
paint,15777265.4827,1.74459999986,2
pointer_move,15777272.8845,0.0662999991328,2
draw_commands,15777273.1759,0.459800001234,0
end_draw,15777273.6358,0.713500000536,0
paint,15777273.1708,1.17860000022,2
pointer_move,15777281.0878,0.0886000003666,2
draw_commands,15777281.9875,0.431499999017,0
end_draw,15777282.4191,0.740900000557,0
paint,15777281.983,1.1771000009,2
pointer_move,15777288.8196,0.063599999994,2
draw_commands,15777289.111,0.42669999972,0
end_draw,15777289.5377,0.737000001594,0
paint,15777289.1064,1.16840000078,2
pointer_move,15777297.1293,0.0718999989331,2
draw_commands,15777297.3295,0.540699999779,0
end_draw,15777297.8703,1.04329999909,0
paint,15777297.3212,1.59259999916,2
pointer_move,15777347.943,0.0074000004679,2
draw_commands,15777347.9996,0.439099999145,0
end_draw,15777348.4388,0.819900000468,0
paint,15777347.993,1.26579999924,2
pointer_move,15777352.3172,0.0054999999702,2
draw_commands,15777352.3695,0.43200000003,0
end_draw,15777352.8016,0.730900000781,0
paint,15777352.3637,1.1688000001,2
pointer_move,15777360.854,0.0657999999821,2
draw_commands,15777361.1388,0.386899998412,0
end_draw,15777361.5258,0.631299998611,0
paint,15777361.1354,1.02180000022,2
pointer_move,15777368.8519,0.0684999991208,2
draw_commands,15777369.1191,0.437299998477,0
end_draw,15777369.5564,0.758000001311,0
paint,15777369.1136,1.20079999976,2
pointer_move,15777376.5733,0.0542999990284,2
draw_commands,15777376.8393,0.408900000155,0
end_draw,15777377.2483,0.715800000355,0
paint,15777376.8343,1.1297999993,2
pointer_move,15777384.7216,0.0535000003874,2
draw_commands,15777384.9788,0.575999999419,0
end_draw,15777385.5549,0.748300001025,0
paint,15777384.9637,1.33960000053,2
pointer_move,15777392.3044,0.0157999992371,2
draw_commands,15777392.4363,0.467900000513,0
end_draw,15777392.9043,0.799200000241,0
paint,15777392.428,1.27550000139,2
pointer_move,15777400.562,0.0570000000298,2
draw_commands,15777400.8275,0.457200000063,0
end_draw,15777401.2848,0.751899998635,0
paint,15777400.8211,1.21570000052,2
pointer_move,15777408.5806,0.052599998191,2
draw_commands,15777408.8209,0.407299999148,0
end_draw,15777409.2283,0.684800000861,0
paint,15777408.8157,1.09750000015,2
pointer_move,15777416.6384,0.0614999998361,2
draw_commands,15777416.9668,0.456499999389,0
end_draw,15777417.4233,0.746799999848,0
paint,15777416.9618,1.20839999989,2
pointer_move,15777424.6463,0.0613000001758,2
draw_commands,15777424.9424,0.446299999952,0
end_draw,15777425.3887,0.693000001833,0
paint,15777424.9353,1.14650000073,2
pointer_move,15777432.6297,0.0735999997705,2
draw_commands,15777432.9324,0.505800001323,0
end_draw,15777433.4384,1.00740000047,0
paint,15777432.928,1.51790000126,2
pointer_move,15777440.6772,0.0690999999642,2
draw_commands,15777440.9983,0.467000000179,0
end_draw,15777441.4653,0.764500001445,0
paint,15777440.99,1.23980000056,2
pointer_move,15777448.6299,0.0761000011116,2
draw_commands,15777448.88,0.445599999279,0
end_draw,15777449.3256,0.684000000358,0
paint,15777448.8746,1.13509999961,2
pointer_move,15777456.2803,0.0161999985576,2
draw_commands,15777456.4047,0.435900000855,0
end_draw,15777456.8407,0.760099999607,0
paint,15777456.3971,1.20380000025,2
pointer_move,15777464.7215,0.015000000596,2
draw_commands,15777464.8121,0.497700000182,0
end_draw,15777465.3099,1.00189999864,0
paint,15777464.8032,1.50879999995,2
pointer_move,15777472.6297,0.0670999996364,2
draw_commands,15777472.9377,0.43759999983,0
end_draw,15777473.3753,0.813799999654,0
paint,15777472.9308,1.25840000063,2
pointer_move,15777480.6234,0.00869999825954,2
draw_commands,15777480.786,0.537599999458,0
end_draw,15777481.3237,0.831100000069,0
paint,15777480.7796,1.37519999966,2
pointer_move,15777488.6261,0.0680999998003,2
draw_commands,15777488.9421,0.473000001162,0
end_draw,15777489.4152,0.837600000203,0
paint,15777488.9326,1.32029999979,2
pointer_move,15777496.5898,0.0637999996543,2
draw_commands,15777496.8894,0.387199999765,0
end_draw,15777497.2767,1.3069000002,0
paint,15777496.8866,1.69719999842,2
pointer_move,15777504.6109,0.0640000011772,2
draw_commands,15777504.9236,0.455099999905,0
end_draw,15777505.3788,0.794300001115,0
paint,15777504.918,1.25520000048,2
pointer_move,15777512.5415,0.052899999544,2
draw_commands,15777512.7815,0.483500000089,0
end_draw,15777513.265,0.810200000182,0
paint,15777512.7787,1.29660000093,2
pointer_move,15777520.5761,0.0668999999762,2
draw_commands,15777520.8798,0.469200000167,0
end_draw,15777521.3491,0.792000001296,0
paint,15777520.8714,1.26979999989,2
pointer_move,15777528.5657,0.070000000298,2
draw_commands,15777528.8036,0.46219999902,0
end_draw,15777529.2659,0.776499999687,0
paint,15777528.7973,1.2452000007,2
pointer_move,15777536.6071,0.0586999990046,2
draw_commands,15777536.8948,0.436100000516,0
end_draw,15777537.3309,0.71769999899,0
paint,15777536.8897,1.15899999999,2
pointer_move,15777544.5789,0.0702999997884,2
draw_commands,15777544.8735,0.436199998483,0
end_draw,15777545.3097,0.944600000978,0
paint,15777544.8675,1.38690000027,2
pointer_move,15777552.5849,0.0853000003844,2
draw_commands,15777552.9306,0.523699998856,0
end_draw,15777553.4544,0.830600000918,0
paint,15777552.9212,1.36390000023,2
pointer_move,15777560.4812,0.0113999992609,2
draw_commands,15777560.599,0.470100000501,0
end_draw,15777561.0692,0.816800000146,0
paint,15777560.5919,1.29419999942,2
pointer_move,15777568.5568,0.0671999994665,2
draw_commands,15777568.8611,0.434500001371,0
end_draw,15777569.2957,0.718100000173,0
paint,15777568.8573,1.15650000051,2
pointer_move,15777576.5605,0.0579000003636,2
draw_commands,15777576.77,0.425599999726,0
end_draw,15777577.1957,0.705800000578,0
paint,15777576.765,1.13659999892,2
pointer_move,15777584.5947,0.0535000003874,2
draw_commands,15777584.8446,0.440300000831,0
end_draw,15777585.285,0.706399999559,0
paint,15777584.8403,1.1512000002,2
pointer_move,15777592.2545,0.00720000080764,2
draw_commands,15777592.3866,0.425599999726,0
end_draw,15777592.8123,0.833399999887,0
paint,15777592.3831,1.26260000095,2
pointer_move,15777600.6831,0.0622000005096,2
draw_commands,15777600.8989,0.512799998745,0
end_draw,15777601.4118,0.725199999288,0
paint,15777600.8925,1.24459999986,2
pointer_move,15777608.3472,0.0175999999046,2
draw_commands,15777608.4582,0.423599999398,0
end_draw,15777608.8818,0.863600000739,0
paint,15777608.4534,1.29209999926,2
pointer_move,15777616.6936,0.0979999992996,2
draw_commands,15777617.043,0.451700000092,0
end_draw,15777617.4948,0.672500001267,0
paint,15777617.037,1.13040000014,2
pointer_move,15777624.6594,0.0328999999911,2
draw_commands,15777624.7891,0.509999999776,0
end_draw,15777625.2992,1.01469999924,0
paint,15777624.7801,1.53390000015,2
pointer_move,15777632.5923,0.0614999998361,2
draw_commands,15777633.0487,0.474000001326,0
end_draw,15777633.5228,0.848999999464,0
paint,15777633.0439,1.32799999975,2
pointer_move,15777640.4077,0.0174000002444,2
draw_commands,15777640.5479,0.469799999148,0
end_draw,15777641.0177,0.795199999586,0
paint,15777640.5411,1.27190000005,2
pointer_move,15777648.4946,0.0111999996006,2
draw_commands,15777648.701,0.433100000024,0
end_draw,15777649.1342,0.714999999851,0
paint,15777648.6957,1.15360000171,2
pointer_move,15777656.8395,0.0674999989569,2
draw_commands,15777657.1677,0.530400000513,0
end_draw,15777657.6982,0.971099998802,0
paint,15777657.1541,1.51529999822,2
pointer_move,15777672.2298,0.00969999842346,2
draw_commands,15777672.368,0.4216999989,0
end_draw,15777672.7897,0.816800000146,0
paint,15777672.3628,1.24379999936,2
pointer_move,15777681.0882,0.0129000004381,2
draw_commands,15777681.1645,0.527300000191,0
end_draw,15777681.6919,1.20519999973,0
paint,15777681.1567,1.7405999992,2
pointer_move,15777696.5556,0.103199999779,2
draw_commands,15777697.0254,0.435100000352,0
end_draw,15777697.4607,0.908099999651,0
paint,15777697.0198,1.34920000099,2
pointer_move,15777728.653,0.0720999985933,2
draw_commands,15777728.8981,0.418199999258,0
end_draw,15777729.3164,1.03339999914,0
paint,15777728.8922,1.45789999887,2
pointer_move,15777760.4609,0.0839000009,2
draw_commands,15777760.9937,0.427000001073,0
end_draw,15777761.4208,0.782199999318,0
paint,15777760.9875,1.21559999883,2
pointer_move,15777776.6809,0.14120000042,2
draw_commands,15777777.154,0.416800001636,0
end_draw,15777777.5708,0.679800000042,0
paint,15777777.1498,1.10089999996,2
pointer_move,15777792.5188,0.0707000009716,2
draw_commands,15777792.8165,0.419999999925,0
end_draw,15777793.2366,0.743999999017,0
paint,15777792.8114,1.16929999925,2
pointer_move,15777800.6358,0.0153000000864,2
draw_commands,15777800.7814,0.647900000215,0
end_draw,15777801.4294,0.849899999797,0
paint,15777800.7688,1.51060000062,2
pointer_move,15777816.277,0.00919999927282,2
draw_commands,15777816.366,0.454699998721,0
end_draw,15777816.8208,0.712700000033,0
paint,15777816.3612,1.17240000144,2
pointer_move,15777824.6926,0.0744000002742,2
draw_commands,15777825.0024,0.411000000313,0
end_draw,15777825.4135,0.761500000954,0
paint,15777824.998,1.1771000009,2
pointer_move,15777832.7817,0.0557000003755,2
draw_commands,15777833.1243,0.45910000056,0
end_draw,15777833.5835,0.694600000978,0
paint,15777833.1196,1.15860000066,2
pointer_move,15777841.524,0.10909999907,2
draw_commands,15777842.1355,1.68459999934,0
end_draw,15777843.8205,3.50530000031,0
paint,15777842.1248,5.20139999874,2
pointer_move,15777851.7488,0.0794999990612,2
draw_commands,15777852.3253,0.470999998972,0
end_draw,15777852.7966,0.988100001588,0
paint,15777852.3203,1.46460000053,2
pointer_move,15777856.9848,0.0693999994546,2
draw_commands,15777857.3351,0.445699999109,0
end_draw,15777857.7809,0.747700000182,0
paint,15777857.3266,1.20209999941,2
pointer_move,15777864.5565,0.0719999987632,2
draw_commands,15777864.6972,0.56230000034,0
end_draw,15777865.2596,0.952499998733,0
paint,15777864.69,1.5222000014,2
pointer_move,15777872.7075,0.106000000611,2
draw_commands,15777873.0474,0.513100000098,0
end_draw,15777873.5606,0.845499999821,0
paint,15777873.041,1.36519999988,2
draw_commands,15777874.9297,0.431600000709,0
end_draw,15777875.3614,1.18200000003,0
paint,15777874.9264,1.61710000038,2
pointer_move,15777880.4554,0.00580000132322,2
draw_commands,15777880.5116,0.565699998289,0
end_draw,15777881.0773,1.39390000142,0
paint,15777880.5049,1.96650000103,2
pointer_move,15777888.9482,0.0573999993503,2
draw_commands,15777889.1442,0.456199999899,0
end_draw,15777889.6004,1.01929999888,0
paint,15777889.1364,1.48340000026,2
pointer_move,15777896.81,0.065700000152,2
draw_commands,15777897.0203,0.474799999967,0
end_draw,15777897.4952,1.09970000014,0
paint,15777897.0158,1.57930000126,2
pointer_move,15777904.7572,0.0553999990225,2
draw_commands,15777904.9823,0.46779999882,0
end_draw,15777905.4501,0.797000000253,0
paint,15777904.9752,1.27199999988,2
pointer_move,15777912.9012,0.0677000004798,2
draw_commands,15777913.2297,0.455400001258,0
end_draw,15777913.6852,1.19669999927,0
paint,15777913.2228,1.65929999948,2
pointer_move,15777920.8905,0.058199999854,2
draw_commands,15777921.157,0.449100000784,0
end_draw,15777921.6061,0.863099999726,0
paint,15777921.1495,1.31980000064,2
pointer_move,15777929.0261,0.0651999991387,2
draw_commands,15777929.3407,0.450399998575,0
end_draw,15777929.7912,0.757799999788,0
paint,15777929.334,1.21499999985,2
pointer_move,15777937.1375,0.00960000045598,2
draw_commands,15777937.2323,0.535099999979,0
end_draw,15777937.7675,0.709400000051,0
paint,15777937.2193,1.25769999996,2
pointer_move,15777944.9122,0.0596999991685,2
draw_commands,15777945.183,0.42679999955,0
end_draw,15777945.6166,0.758600000292,0
paint,15777945.1803,1.1950000003,2
pointer_move,15777953.6797,0.0636999998242,2
draw_commands,15777954.0804,0.450200000778,0
end_draw,15777954.5307,0.832399999723,0
paint,15777954.0734,1.28969999962,2
pointer_move,15777961.3082,0.0723000001162,2
draw_commands,15777961.5969,0.441200001165,0
end_draw,15777962.0381,0.752799998969,0
paint,15777961.5907,1.20029999875,2
pointer_move,15777970.387,0.264000000432,2
draw_commands,15777970.935,0.624299999326,0
end_draw,15777971.5595,1.3219000008,0
paint,15777970.9227,1.95879999921,2
pointer_move,15777976.7555,0.0230999998748,2
draw_commands,15777976.926,0.418199999258,0
end_draw,15777977.3443,0.683299999684,0
paint,15777976.9218,1.10589999892,2
pointer_move,15777985.1926,0.0156999994069,2
draw_commands,15777985.3752,0.570900000632,0
end_draw,15777985.9462,1.0195000004,0
paint,15777985.3652,1.60060000047,2
pointer_move,15777993.7101,0.104599999264,2
draw_commands,15777993.958,0.430999999866,0
end_draw,15777994.3891,0.711099999025,0
paint,15777993.9525,1.14779999852,2
pointer_move,15778000.9854,0.0629999991506,2
draw_commands,15778001.2625,0.436400000006,0
end_draw,15778001.699,0.720399999991,0
paint,15778001.2572,1.16229999997,2
pointer_move,15778008.8168,0.0616999994963,2
draw_commands,15778009.1079,0.395899999887,0
end_draw,15778009.5039,0.67659999989,0
paint,15778009.1058,1.07480000146,2
pointer_move,15778016.9407,0.00980000011623,2
draw_commands,15778017.2187,0.472500000149,0
end_draw,15778017.6913,0.834300000221,0
paint,15778017.2121,1.31359999999,2
pointer_move,15778024.8106,0.060399999842,2
draw_commands,15778025.0917,0.414899999276,0
end_draw,15778025.5067,0.643799999729,0
paint,15778025.0875,1.06309999898,2
pointer_move,15778032.9314,0.0644000004977,2
draw_commands,15778033.3548,0.480099998415,0
end_draw,15778033.835,0.723899999633,0
paint,15778033.3498,1.20920000039,2
pointer_move,15778040.7921,0.0567000005394,2
draw_commands,15778041.0711,0.403500000015,0
end_draw,15778041.4747,0.675400000066,0
paint,15778041.0671,1.08300000057,2
pointer_move,15778049.2173,0.0838000010699,2
draw_commands,15778049.5409,0.523199999705,0
end_draw,15778050.0643,1.01750000007,0
paint,15778049.5306,1.55120000057,2
pointer_move,15778056.9409,0.0625999998301,2
draw_commands,15778057.2519,0.454399999231,0
end_draw,15778057.7064,1.17930000089,0
paint,15778057.2425,1.64330000058,2
pointer_move,15778065.8239,0.0546000003815,2
draw_commands,15778066.1091,0.432200001553,0
end_draw,15778066.5414,0.702399998903,0
paint,15778066.1049,1.13889999874,2
pointer_move,15778072.7831,0.0541000012308,2
draw_commands,15778072.9688,0.430599998683,0
end_draw,15778073.3994,0.980100000277,0
paint,15778072.9649,1.41469999962,2
pointer_move,15778080.8006,0.0637999996543,2
draw_commands,15778080.9484,0.492799999192,0
end_draw,15778081.4414,0.839999999851,0
paint,15778080.9403,1.34109999985,2
pointer_move,15778088.7377,0.0564999990165,2
draw_commands,15778088.9546,0.464599998668,0
end_draw,15778089.4193,0.740100000054,0
paint,15778088.9489,1.21059999987,2
pointer_move,15778096.7818,0.0580000001937,2
draw_commands,15778097.0554,0.412999998778,0
end_draw,15778097.4685,0.924100000411,0
paint,15778097.0497,1.34310000017,2
pointer_move,15778120.7141,0.0604999996722,2
draw_commands,15778120.9821,0.415599999949,0
end_draw,15778121.3978,1.18850000016,0
paint,15778120.9784,1.60800000094,2
pointer_move,15778231.6627,0.0074000004679,2
draw_commands,15778231.7162,0.438599999994,0
end_draw,15778232.1549,0.75520000048,0
paint,15778231.7097,1.20050000027,2
pointer_move,15778248.2328,0.0118000004441,2
draw_commands,15778248.321,0.452299999073,0
end_draw,15778248.7734,0.798100000247,0
paint,15778248.3154,1.25619999878,2
pointer_move,15778256.6249,0.0734999999404,2
draw_commands,15778256.9494,0.44820000045,0
end_draw,15778257.3977,0.683000000194,0
paint,15778256.945,1.13580000028,2
pointer_move,15778264.7225,0.0799000002444,2
draw_commands,15778265.1327,0.468100000173,0
end_draw,15778265.6009,0.964900000021,0
paint,15778265.1256,1.4403999988,2
pointer_move,15778272.5754,0.0626999996603,2
draw_commands,15778272.8748,0.455800000578,0
end_draw,15778273.3307,0.737299999222,0
paint,15778272.8676,1.20040000044,2
pointer_move,15778280.5673,0.0502000004053,2
draw_commands,15778280.8366,0.520999999717,0
end_draw,15778281.3582,0.878899998963,0
paint,15778280.8299,1.40750000067,2
pointer_move,15778288.5759,0.0678000003099,2
draw_commands,15778288.8859,0.450300000608,0
end_draw,15778289.3363,0.755899999291,0
paint,15778288.8803,1.21199999936,2
pointer_move,15778296.4022,0.017899999395,2
draw_commands,15778296.6871,0.4430999998,0
end_draw,15778297.1303,1.07809999958,0
paint,15778296.6809,1.52820000052,2
pointer_move,15778304.6825,0.0697000008076,2
draw_commands,15778305.0576,0.46779999882,0
end_draw,15778305.5255,0.892699999735,0
paint,15778305.0492,1.36899999902,2
pointer_move,15778312.6926,0.0713999997824,2
draw_commands,15778312.9676,0.511900000274,0
end_draw,15778313.4797,1.0831000004,0
paint,15778312.9545,1.6083999984,2
pointer_move,15778320.4882,0.00989999994636,2
draw_commands,15778320.7515,0.482800001279,0
end_draw,15778321.2345,0.959799999371,0
paint,15778320.7436,1.45079999976,2
pointer_move,15778328.5541,0.0120000001043,2
draw_commands,15778328.7541,0.537100000307,0
end_draw,15778329.2974,1.11730000004,0
paint,15778328.7432,1.67159999907,2
pointer_move,15778336.4865,0.0158999990672,2
draw_commands,15778336.5873,0.571899998933,0
end_draw,15778337.1593,1.1232000012,0
paint,15778336.5746,1.7081000004,2
pointer_move,15778344.4761,0.0174000002444,2
draw_commands,15778344.58,0.599199999124,0
end_draw,15778345.1793,1.16149999946,0
paint,15778344.5649,1.77610000037,2
pointer_move,15778352.5198,0.0175999999046,2
draw_commands,15778352.6431,0.635799998417,0
end_draw,15778353.2792,0.958200000226,0
paint,15778352.6253,1.61230000108,2
pointer_move,15778360.5142,0.0165999997407,2
draw_commands,15778360.6156,0.558200001717,0
end_draw,15778361.1739,1.05939999968,0
paint,15778360.6033,1.63010000065,2
pointer_move,15778368.6699,0.0702999997884,2
draw_commands,15778368.9818,0.552699999884,0
end_draw,15778369.5345,1.29340000078,0
paint,15778368.971,1.85719999857,2
pointer_move,15778376.4299,0.0122999995947,2
draw_commands,15778376.5247,0.532799998298,0
end_draw,15778377.0576,0.907299999148,0
paint,15778376.5173,1.44779999927,2
pointer_move,15778384.5046,0.0258000008762,2
draw_commands,15778384.6521,0.68779999949,0
end_draw,15778385.34,1.13660000078,0
paint,15778384.6403,1.83650000021,2
pointer_move,15778392.2446,0.0120999999344,2
draw_commands,15778392.3191,0.448599999771,0
end_draw,15778392.7678,3.16579999961,0
paint,15778392.3119,3.62180000171,2
pointer_move,15778400.5752,0.14459999837,2
draw_commands,15778400.8991,0.577899999917,0
end_draw,15778401.4771,5.49960000068,0
paint,15778400.8907,6.08620000072,2
pointer_move,15778408.3341,0.0143999997526,2
draw_commands,15778408.4097,0.527899999171,0
end_draw,15778408.9377,3.71230000071,0
paint,15778408.403,4.24719999917,2
pointer_move,15778416.5111,0.00960000045598,2
draw_commands,15778416.6153,0.530300000682,0
end_draw,15778417.1457,5.04099999927,0
paint,15778416.6066,5.58029999956,2
pointer_move,15778424.2232,0.00819999910891,2
draw_commands,15778424.3056,0.507299998775,0
end_draw,15778424.813,3.19280000031,0
paint,15778424.2996,3.70639999956,2
pointer_move,15778432.7889,0.0196000002325,2
draw_commands,15778432.9141,0.656199999154,0
end_draw,15778433.5704,1.82770000026,0
paint,15778432.8981,2.50019999966,2
pointer_move,15778440.7145,0.0100999996066,2
draw_commands,15778440.8105,0.544500000775,0
end_draw,15778441.3551,2.64460000023,0
paint,15778440.8019,3.19790000096,2
pointer_move,15778448.6357,0.0218000002205,2
draw_commands,15778448.7789,0.758899999782,0
end_draw,15778449.538,2.09259999916,0
paint,15778448.7586,2.87239999883,2
pointer_move,15778456.2481,0.00769999995828,2
draw_commands,15778456.328,0.570700000972,0
end_draw,15778456.8987,3.65949999914,0
paint,15778456.3214,4.2368999999,2
pointer_move,15778464.5184,0.0132999997586,2
draw_commands,15778464.6248,0.638899998739,0
end_draw,15778465.264,6.22309999913,0
paint,15778464.6112,6.87600000016,2
draw_commands,15778568.9277,0.437000000849,0
end_draw,15778569.3648,0.769899999723,0
paint,15778568.9212,1.21360000037,2
pointer_move,15778592.3217,0.00650000013411,2
draw_commands,15778592.3712,0.419499998912,0
end_draw,15778592.7908,6.52460000105,0
paint,15778592.3672,6.94830000028,2
pointer_move,15778601.4104,0.00910000130534,2
draw_commands,15778601.5064,0.530500000343,0
end_draw,15778602.037,0.855399999768,0
paint,15778601.4935,1.39900000021,2
pointer_move,15778612.87,0.0293000005186,2
draw_commands,15778613.2738,0.492899999022,0
end_draw,15778613.7668,1.26560000144,0
paint,15778613.2697,1.76290000044,2
pointer_move,15778617.7276,0.0107999984175,2
draw_commands,15778617.8477,0.559000000358,0
end_draw,15778618.4069,1.33770000003,0
paint,15778617.8386,1.90619999915,2
pointer_move,15778624.6477,0.0174000002444,2
draw_commands,15778624.7719,0.463999999687,0
end_draw,15778625.236,0.813300000504,0
paint,15778624.7648,1.28460000083,2
pointer_move,15778632.8387,0.00980000011623,2
draw_commands,15778632.9164,0.588999999687,0
end_draw,15778633.5055,1.40169999935,0
paint,15778632.9081,1.99970000051,2
pointer_move,15778640.5823,0.0110999997705,2
draw_commands,15778640.696,0.528699999675,0
end_draw,15778641.2248,0.887900000438,0
paint,15778640.6862,1.42650000006,2
pointer_move,15778649.7252,0.00900000147521,2
draw_commands,15778649.8218,0.544800000265,0
end_draw,15778650.3667,1.03230000101,0
paint,15778649.8122,1.58699999936,2
pointer_move,15778657.4561,0.00999999977648,2
draw_commands,15778657.5664,0.618999999017,0
end_draw,15778658.1855,1.0607000012,0
paint,15778657.5531,1.69340000115,2
pointer_move,15778666.2454,0.0423999987543,2
draw_commands,15778666.3834,0.604499999434,0
end_draw,15778666.988,1.29560000077,0
paint,15778666.3698,1.91420000046,2
pointer_move,15778672.5684,0.0166000016034,2
draw_commands,15778672.6797,0.749199999496,0
end_draw,15778673.429,0.802200000733,0
paint,15778672.6721,1.55920000002,2
pointer_move,15778680.9591,0.033900000155,2
draw_commands,15778681.0988,0.805700000376,0
end_draw,15778681.9047,1.24400000088,0
paint,15778681.0863,2.06259999983,2
pointer_move,15778689.0007,0.0516999997199,2
draw_commands,15778689.2454,0.444699998945,0
end_draw,15778689.6902,0.713000001386,0
paint,15778689.2389,1.16440000013,2
pointer_move,15778696.5978,0.0152000002563,2
draw_commands,15778696.7628,0.572499999776,0
end_draw,15778697.3354,1.33579999954,0
paint,15778696.7537,1.93170000054,2
pointer_move,15778705.0225,0.0202999990433,2
draw_commands,15778705.3375,0.519899999723,0
end_draw,15778705.8575,0.92139999941,0
paint,15778705.3273,1.45170000009,2
pointer_move,15778712.4071,0.0154999997467,2
draw_commands,15778712.5073,0.517599999905,0
end_draw,15778713.025,0.987099999562,0
paint,15778712.5018,1.51049999893,2
pointer_move,15778720.9138,0.0433000009507,2
draw_commands,15778721.2114,0.48359999992,0
end_draw,15778721.6951,0.803600000218,0
paint,15778721.2056,1.29319999926,2
pointer_move,15778728.9212,0.019999999553,2
draw_commands,15778729.1765,0.624399999157,0
end_draw,15778729.801,1.34479999915,0
paint,15778729.0799,2.06609999947,2
pointer_move,15778736.4742,0.00750000029802,2
draw_commands,15778736.5615,0.444800000638,0
end_draw,15778737.0064,0.76060000062,0
paint,15778736.5557,1.21140000038,2
pointer_move,15778744.9779,0.0151000004262,2
draw_commands,15778745.1257,0.468499999493,0
end_draw,15778745.5943,0.990000000224,0
paint,15778745.1183,1.46619999968,2
pointer_move,15778752.4282,0.0109999999404,2
draw_commands,15778752.4973,0.470999998972,0
end_draw,15778752.9683,0.78230000101,0
paint,15778752.4916,1.25910000131,2
pointer_move,15778760.7999,0.0136999990791,2
draw_commands,15778760.8724,0.466799998656,0
end_draw,15778761.3393,1.34000000171,0
paint,15778760.8655,1.81400000118,2
pointer_move,15778768.7971,0.0105000007898,2
draw_commands,15778768.9,0.539200000465,0
end_draw,15778769.4393,1.2034999989,0
paint,15778768.8892,1.75390000083,2
pointer_move,15778777.1265,0.0831000003964,2
draw_commands,15778777.364,0.542500000447,0
end_draw,15778777.9067,1.02979999967,0
paint,15778777.3526,1.5840999987,2
pointer_move,15778784.6717,0.00899999961257,2
draw_commands,15778784.7653,0.529899999499,0
end_draw,15778785.2954,0.912299999967,0
paint,15778784.7556,1.45220000111,2
pointer_move,15778792.4427,0.00819999910891,2
draw_commands,15778792.5178,0.46960000135,0
end_draw,15778792.9875,0.773099999875,0
paint,15778792.5119,1.24870000035,2
pointer_move,15778800.6994,0.00939999893308,2
draw_commands,15778800.7864,0.630799999461,0
end_draw,15778801.4173,1.09659999982,0
paint,15778800.7766,1.73770000041,2
pointer_move,15778881.0543,0.00849999859929,2
draw_commands,15778881.1382,0.619200000539,0
end_draw,15778881.7575,1.44189999998,0
paint,15778881.1321,2.06740000099,2
pointer_move,15778904.4904,0.0173000004143,2
draw_commands,15778904.6026,0.429999999702,0
end_draw,15778905.0326,0.773299999535,0
paint,15778904.5983,1.20769999921,2
pointer_move,15778960.5717,0.0199000015855,2
draw_commands,15778960.7263,0.441400000826,0
end_draw,15778961.1678,0.797599999234,0
paint,15778960.7208,1.24459999986,2
pointer_move,15778969.3679,0.0094999987632,2
draw_commands,15778969.4605,0.566899999976,0
end_draw,15778970.0275,0.865900000557,0
paint,15778969.4534,1.4403999988,2
pointer_move,15778976.9171,0.0120999999344,2
draw_commands,15778976.9824,0.459899999201,0
end_draw,15778977.4424,0.737600000575,0
paint,15778976.9767,1.20339999907,2
pointer_move,15778985.0459,0.0161000005901,2
draw_commands,15778985.1803,0.493100000545,0
end_draw,15778985.6735,0.901100000367,0
paint,15778985.1701,1.40460000001,2
pointer_move,15778992.7929,0.0155999995768,2
draw_commands,15778992.9145,0.492399999872,0
end_draw,15778993.407,0.806199999526,0
paint,15778992.9045,1.3088000007,2
pointer_move,15779001.2676,0.0233999993652,2
draw_commands,15779001.407,0.777800001204,0
end_draw,15779002.185,1.13569999859,0
paint,15779001.394,1.92680000141,2
pointer_move,15779008.4932,0.0174000002444,2
draw_commands,15779008.5771,0.448900001124,0
end_draw,15779009.0261,0.957499999553,0
paint,15779008.5717,1.41210000031,2
pointer_move,15779016.7568,0.0166999995708,2
draw_commands,15779016.8889,0.649000000209,0
end_draw,15779017.5382,1.0036999993,0
paint,15779016.8808,1.66119999997,2
pointer_move,15779024.8287,0.0557000003755,2
draw_commands,15779025.0555,0.548200000077,0
end_draw,15779025.6039,1.03909999877,0
paint,15779025.0446,1.59860000014,2
pointer_move,15779032.7713,0.00960000045598,2
draw_commands,15779032.8854,0.606400001794,0
end_draw,15779033.4919,1.0522999987,0
paint,15779032.8728,1.67159999907,2
pointer_move,15779040.8506,0.01070000045,2
draw_commands,15779040.9776,0.693499999121,0
end_draw,15779041.6712,1.32520000078,0
paint,15779040.9617,2.03490000032,2
pointer_move,15779049.2462,0.0153999999166,2
draw_commands,15779049.3353,0.539999999106,0
end_draw,15779049.8754,1.22809999995,0
paint,15779049.3241,1.77949999832,2
pointer_move,15779056.9788,0.0183999985456,2
draw_commands,15779057.1515,0.500800000504,0
end_draw,15779057.6524,0.862099999562,0
paint,15779057.1419,1.37270000018,2
pointer_move,15779066.2109,0.0191000010818,2
draw_commands,15779066.3255,0.606699999422,0
end_draw,15779066.9324,0.980100000277,0
paint,15779066.3128,1.59979999997,2
pointer_move,15779080.6381,0.0470000002533,2
draw_commands,15779080.8479,0.481200000271,0
end_draw,15779081.3293,1.1481999997,0
paint,15779080.8426,1.63510000147,2
pointer_move,15779104.4687,0.0136000011116,2
draw_commands,15779104.544,0.458499999717,0
end_draw,15779105.0026,0.884899999946,0
paint,15779104.5393,1.34829999879,2
pointer_move,15779176.4056,0.0144999995828,2
draw_commands,15779176.4838,0.491499999538,0
end_draw,15779176.9754,0.934799998999,0
paint,15779176.4777,1.43679999933,2
pointer_move,15779185.2188,0.0165999997407,2
draw_commands,15779185.3148,0.506699999794,0
end_draw,15779185.8217,0.962200000882,0
paint,15779185.3068,1.47729999945,2
draw_commands,15779187.6015,0.496199999005,0
end_draw,15779188.0978,1.00879999995,0
paint,15779187.594,1.51269999892,2
draw_commands,15779192.1794,0.470499999821,0
end_draw,15779192.6501,0.86959999986,0
paint,15779192.1719,1.34789999947,2
pointer_move,15779192.1332,1.4047000017,2
draw_commands,15779200.7945,0.489999998361,0
end_draw,15779201.2851,0.845300000161,0
paint,15779200.7885,1.34200000018,2
pointer_move,15779200.6098,1.54000000097,2
draw_commands,15779208.2496,0.488699998707,0
end_draw,15779208.7385,0.808799998835,0
paint,15779208.2434,1.30399999954,2
pointer_move,15779208.1938,1.37089999951,2
draw_commands,15779216.3373,0.590599998832,0
end_draw,15779216.928,0.842400001362,0
paint,15779216.3249,1.44560000114,2
pointer_move,15779216.2599,1.53009999916,2
draw_commands,15779224.3182,0.496999999508,0
end_draw,15779224.8153,0.832200000063,0
paint,15779224.3043,1.34329999983,2
pointer_move,15779224.2418,1.42389999889,2
draw_commands,15779232.6492,0.621200000867,0
end_draw,15779233.2706,1.246199999,0
paint,15779232.635,1.88220000081,2
pointer_move,15779232.5033,2.04279999994,2
draw_commands,15779240.5343,0.491100000218,0
end_draw,15779241.0255,1.41060000099,0
paint,15779240.5279,1.908400001,2
pointer_move,15779240.2932,2.1640000008,2
draw_commands,15779248.5006,0.634399998933,0
end_draw,15779249.1353,1.08270000108,0
paint,15779248.4886,1.72959999926,2
pointer_move,15779248.4103,1.83550000004,2
draw_commands,15779256.2439,0.52650000155,0
end_draw,15779256.7704,0.900299999863,0
paint,15779256.2379,1.43290000036,2
pointer_move,15779256.1844,1.50600000098,2
draw_commands,15779264.6736,0.697300000116,0
end_draw,15779265.371,1.30420000106,0
paint,15779264.655,2.02110000141,2
pointer_move,15779264.5787,2.1241999995,2
draw_commands,15779272.2399,0.470399999991,0
end_draw,15779272.7104,0.782899999991,0
paint,15779272.2334,1.25999999978,2
pointer_move,15779272.1879,1.32070000097,2
draw_commands,15779280.5503,0.608300000429,0
end_draw,15779281.1587,1.43249999918,0
paint,15779280.5396,2.05189999938,2
pointer_move,15779280.3391,2.29860000126,2
draw_commands,15779288.3989,0.621999999508,0
end_draw,15779289.021,0.991000000387,0
paint,15779288.3903,1.62170000002,2
pointer_move,15779288.2794,1.77809999883,2
draw_commands,15779296.5239,0.691899999976,0
end_draw,15779297.2166,1.58459999971,0
paint,15779296.5073,2.29429999925,2
pointer_move,15779296.4135,2.42850000039,2
draw_commands,15779304.6479,0.707699999213,0
end_draw,15779305.3557,1.53720000014,0
paint,15779304.6284,2.26459999941,2
pointer_move,15779304.4999,2.42379999906,2
draw_commands,15779312.5028,0.563999999315,0
end_draw,15779313.0669,1.05800000019,0
paint,15779312.4917,1.63390000165,2
pointer_move,15779312.3513,1.80180000141,2
draw_commands,15779320.5393,0.68730000034,0
end_draw,15779321.2268,1.28559999913,0
paint,15779320.5259,1.98659999855,2
pointer_move,15779320.3134,2.25609999895,2
draw_commands,15779328.5974,0.600600000471,0
end_draw,15779329.1981,1.03019999899,0
paint,15779328.5877,1.64069999941,2
pointer_move,15779328.4192,1.87150000036,2
draw_commands,15779336.8437,0.829800000414,0
end_draw,15779337.6737,1.59150000103,0
paint,15779336.8312,2.43410000019,2
pointer_move,15779336.733,2.56210000068,2
draw_commands,15779344.2946,0.471699999645,0
end_draw,15779344.7665,0.832800000906,0
paint,15779344.2851,1.31430000067,2
pointer_move,15779344.2172,1.39660000056,2
draw_commands,15779352.5003,0.520200001076,0
end_draw,15779353.0207,0.750399999321,0
paint,15779352.4912,1.2798999995,2
pointer_move,15779352.3449,1.44179999828,2
draw_commands,15779360.2452,0.441800000146,0
end_draw,15779360.6871,0.819199999794,0
paint,15779360.2407,1.26569999941,2
pointer_move,15779360.1926,1.32809999958,2
draw_commands,15779368.24,0.460500000045,0
end_draw,15779368.7006,0.778699999675,0
paint,15779368.2342,1.24519999884,2
pointer_move,15779368.1787,1.31550000049,2
draw_commands,15779376.1679,0.427600000054,0
end_draw,15779376.5956,0.674399999902,0
paint,15779376.165,1.10510000028,2
pointer_move,15779376.1185,1.16559999995,2
draw_commands,15779384.6928,0.532499998808,0
end_draw,15779385.2254,1.11769999936,0
paint,15779384.6843,1.65919999965,2
pointer_move,15779384.5089,1.8629999999,2
draw_commands,15779392.4326,0.45709999837,0
end_draw,15779392.8898,0.774700000882,0
paint,15779392.4271,1.23749999888,2
pointer_move,15779392.2216,1.46000000089,2
draw_commands,15779464.3041,0.518400000408,0
end_draw,15779464.8227,1.00339999981,0
paint,15779464.2961,1.53020000085,2
pointer_move,15779464.2184,1.63660000078,2
draw_commands,15779472.232,0.417700000107,0
end_draw,15779472.6498,0.724899999797,0
paint,15779472.2263,1.14850000106,2
pointer_move,15779472.1592,1.23080000095,2
draw_commands,15779488.216,0.436100000516,0
end_draw,15779488.6523,0.738299999386,0
paint,15779488.2097,1.18099999987,2
pointer_move,15779488.1684,1.23919999972,2
draw_commands,15779496.3009,0.440900001675,0
end_draw,15779496.7419,0.924699999392,0
paint,15779496.2952,1.37150000036,2
pointer_move,15779496.2466,1.44180000015,2
draw_commands,15779504.6488,0.476800000295,0
end_draw,15779505.1257,0.924999998882,0
paint,15779504.6394,1.41139999963,2
pointer_move,15779504.3994,1.66730000079,2
draw_commands,15779512.3492,0.465200001374,0
end_draw,15779512.8145,0.824999999255,0
paint,15779512.343,1.29659999907,2
pointer_move,15779512.2871,1.36889999919,2
draw_commands,15779520.5598,0.452699998394,0
end_draw,15779521.0127,0.748399998993,0
paint,15779520.5527,1.20849999972,2
pointer_move,15779520.3267,1.4506000001,2
draw_commands,15779528.3993,0.515699999407,0
end_draw,15779528.9152,0.819099999964,0
paint,15779528.3881,1.34630000032,2
pointer_move,15779528.3372,1.41399999894,2
draw_commands,15779536.4257,0.440400000662,0
end_draw,15779536.8666,0.737300001085,0
paint,15779536.4209,1.18310000002,2
pointer_move,15779536.2788,1.33960000053,2
draw_commands,15779544.7239,0.427300000563,0
end_draw,15779545.1513,0.745899999514,0
paint,15779544.7182,1.1791999992,2
pointer_move,15779544.559,1.35400000028,2
draw_commands,15779552.4333,0.456900000572,0
end_draw,15779552.8903,0.689999999478,0
paint,15779552.4256,1.15479999967,2
pointer_move,15779552.3675,1.22819999978,2
draw_commands,15779560.3139,0.496100001037,0
end_draw,15779560.8101,0.850399998948,0
paint,15779560.3058,1.35479999892,2
pointer_move,15779560.2466,1.43209999986,2
draw_commands,15779568.3936,0.458899999037,0
end_draw,15779568.8526,0.765199998394,0
paint,15779568.3874,1.23050000146,2
pointer_move,15779568.288,1.34569999948,2
draw_commands,15779576.7246,0.601999999955,0
end_draw,15779577.3268,1.20329999924,0
paint,15779576.7137,1.81670000032,2
pointer_move,15779576.4309,2.1361999996,2
draw_commands,15779584.376,0.662399999797,0
end_draw,15779585.0385,1.16440000013,0
paint,15779584.3646,1.83849999867,2
pointer_move,15779584.2996,1.92879999988,2
draw_commands,15779592.648,0.55709999986,0
end_draw,15779593.2054,1.17410000041,0
paint,15779592.6296,1.75009999983,2
pointer_move,15779592.5553,1.84790000133,2
draw_commands,15779601.0718,0.548000000417,0
end_draw,15779601.62,1.11360000074,0
paint,15779601.0613,1.6724999994,2
pointer_move,15779600.9153,1.8423999995,2
draw_commands,15779608.2799,0.614400001243,0
end_draw,15779608.8945,1.29160000011,0
paint,15779608.2647,1.92170000076,2
pointer_move,15779608.2086,2.0206000004,2
draw_commands,15779616.449,0.545400001109,0
end_draw,15779616.9945,0.92650000006,0
paint,15779616.4399,1.4813000001,2
pointer_move,15779616.3689,1.57980000041,2
draw_commands,15779624.2874,0.67679999955,0
end_draw,15779624.9643,1.14940000139,0
paint,15779624.2739,1.83999999985,2
pointer_move,15779624.2077,1.93020000122,2
draw_commands,15779632.3749,0.521399999037,0
end_draw,15779632.8964,0.92159999907,0
paint,15779632.3628,1.45529999956,2
pointer_move,15779632.3054,1.5717999991,2
draw_commands,15779640.3639,0.475999999791,0
end_draw,15779640.84,0.837799999863,0
paint,15779640.3592,1.31869999878,2
pointer_move,15779640.2967,1.40119999833,2
draw_commands,15779648.4472,0.632999999449,0
end_draw,15779649.0804,1.13400000148,0
paint,15779648.4339,1.78060000017,2
pointer_move,15779648.2631,1.9748999998,2
draw_commands,15779656.3986,0.5196999982,0
end_draw,15779656.9185,0.9375,0
paint,15779656.3874,1.46870000102,2
pointer_move,15779656.3107,1.56180000119,2
draw_commands,15779664.7394,0.645500000566,0
end_draw,15779665.3851,1.38260000013,0
paint,15779664.728,2.03989999928,2
pointer_move,15779664.6504,2.22540000081,2
draw_commands,15779676.4656,0.553700000048,0
end_draw,15779677.0194,1.14479999989,0
paint,15779676.4562,1.70820000023,2
pointer_move,15779676.4199,1.76520000026,2
draw_commands,15779680.5842,0.982099998742,0
end_draw,15779681.5665,1.89699999988,0
paint,15779680.5648,2.89890000038,2
pointer_move,15779680.4903,2.99799999967,2
draw_commands,15779688.3698,0.544700000435,0
end_draw,15779688.9146,0.940400000662,0
paint,15779688.3625,1.49269999936,2
pointer_move,15779688.2317,1.64660000056,2
draw_commands,15779713.5048,0.650299999863,0
end_draw,15779714.1552,0.918599998578,0
paint,15779713.4984,1.57549999841,2
pointer_move,15779713.1309,1.98040000163,2
draw_commands,15779728.618,0.457200000063,0
end_draw,15779729.0756,1.27649999969,0
paint,15779728.6121,1.74050000124,2
pointer_move,15779728.5107,1.92650000006,2
draw_commands,15779736.6252,0.574100000784,0
end_draw,15779737.1994,1.0569000002,0
paint,15779736.6121,1.64440000057,2
pointer_move,15779736.4262,1.85009999946,2
draw_commands,15779744.4496,0.597799999639,0
end_draw,15779745.0475,1.20930000022,0
paint,15779744.4433,1.81379999965,2
pointer_move,15779744.3563,2.26909999922,2
draw_commands,15779752.3598,0.549000000581,0
end_draw,15779752.9089,1.01669999957,0
paint,15779752.3473,1.57859999873,2
pointer_move,15779752.2702,1.68030000106,2
draw_commands,15779760.4157,0.577500000596,0
end_draw,15779760.9938,1.71910000034,0
paint,15779760.4087,2.30439999886,2
pointer_move,15779760.359,2.37710000016,2
draw_commands,15779768.2022,0.509700000286,0
end_draw,15779768.7121,2.72300000116,0
paint,15779768.1946,3.2407000009,2
pointer_move,15779768.1202,3.33459999971,2
draw_commands,15779776.5778,0.491100000218,0
end_draw,15779777.0691,2.55470000021,0
paint,15779776.5667,3.05749999918,2
pointer_move,15779776.5231,3.12050000019,2
draw_commands,15779784.3973,0.670300001279,0
end_draw,15779785.0678,5.15829999931,0
paint,15779784.3844,5.84179999866,2
pointer_move,15779784.314,5.93480000086,2
draw_commands,15779792.1548,0.489400001243,0
end_draw,15779792.6443,3.19620000012,0
paint,15779792.1472,3.69340000115,2
pointer_move,15779792.1137,3.74379999936,2
draw_commands,15779800.4464,0.611800000072,0
end_draw,15779801.0585,5.24110000022,0
paint,15779800.4359,5.86429999955,2
pointer_move,15779800.3682,6.00320000015,2
draw_commands,15779808.7869,1.86840000004,0
end_draw,15779810.6558,2.909500001,0
paint,15779808.7764,4.7893000003,2
pointer_move,15779808.6002,5.94030000083,2
draw_commands,15779817.4292,1.80970000103,0
end_draw,15779819.2394,3.27950000018,0
paint,15779817.4145,5.10480000079,2
pointer_move,15779817.1556,5.43500000052,2
draw_commands,15779824.8564,1.8498999998,0
end_draw,15779826.7067,3.09149999917,0
paint,15779824.844,4.95459999889,2
pointer_move,15779824.6368,5.56010000035,2
draw_commands,15779833.1537,1.88100000098,0
end_draw,15779835.0351,3.30560000055,0
paint,15779833.1408,5.20040000044,2
pointer_move,15779832.9582,5.45160000026,2
draw_commands,15779840.8693,1.89149999991,0
end_draw,15779842.7614,3.13880000077,0
paint,15779840.8575,5.04309999943,2
pointer_move,15779840.6552,5.43589999899,2
draw_commands,15779848.596,1.34489999898,0
end_draw,15779849.9412,2.12200000137,0
paint,15779848.5831,3.48059999943,2
pointer_move,15779848.4507,3.73540000059,2
draw_commands,15779856.7461,1.36830000021,0
end_draw,15779858.1147,2.08539999835,0
paint,15779856.7353,3.46499999985,2
pointer_move,15779856.4947,3.75610000081,2
draw_commands,15779865.4077,1.62260000035,0
end_draw,15779867.0307,2.25850000046,0
paint,15779865.393,3.89650000073,2
pointer_move,15779865.2403,4.10209999979,2
draw_commands,15779872.6542,1.30389999971,0
end_draw,15779873.9584,1.87820000015,0
paint,15779872.6434,3.19339999929,2
pointer_move,15779872.4978,3.38389999978,2
draw_commands,15779880.5844,1.31210000068,0
end_draw,15779881.8968,3.98980000056,0
paint,15779880.5769,5.31039999984,2
pointer_move,15779880.4365,5.51750000007,2
draw_commands,15779888.7515,1.50970000029,0
end_draw,15779890.2615,2.0428000018,0
paint,15779888.7345,3.57010000013,2
pointer_move,15779888.5736,3.7826000005,2
draw_commands,15779896.6031,1.81739999913,0
end_draw,15779898.4211,2.1696000006,0
paint,15779896.5944,3.99709999934,2
pointer_move,15779896.4526,4.18819999881,2
draw_commands,15779904.6079,1.29450000077,0
end_draw,15779905.9027,2.15530000068,0
paint,15779904.6009,3.45759999938,2
pointer_move,15779904.4575,3.66260000132,2
draw_commands,15779912.7844,1.38609999977,0
end_draw,15779914.1708,2.30729999952,0
paint,15779912.7724,3.70600000024,2
pointer_move,15779912.5803,3.95920000039,2
draw_commands,15779920.625,1.3303999994,0
end_draw,15779921.9557,1.93729999848,0
paint,15779920.6159,3.27740000002,2
pointer_move,15779920.4928,3.4458000008,2
draw_commands,15779928.7322,1.58369999938,0
end_draw,15779930.3162,3.26050000079,0
paint,15779928.7224,4.85469999909,2
pointer_move,15779928.4056,5.2324000001,2
draw_commands,15779936.6533,1.37949999981,0
end_draw,15779938.0332,3.65020000003,0
paint,15779936.6428,5.04100000113,2
pointer_move,15779936.5032,6.0987999998,2
draw_commands,15779945.6395,0.979199999943,0
end_draw,15779946.6189,1.69420000166,0
paint,15779945.6285,2.68490000069,2
pointer_move,15779945.1236,3.2324000001,2
draw_commands,15779952.4978,0.956700000912,0
end_draw,15779953.4547,1.46279999986,0
paint,15779952.4887,2.42899999954,2
pointer_move,15779952.3608,2.59500000067,2
draw_commands,15779960.3758,1.07419999875,0
end_draw,15779961.4506,1.27960000001,0
paint,15779960.3645,2.36600000039,2
pointer_move,15779960.2551,2.50489999913,2
draw_commands,15779968.4044,0.700299998745,0
end_draw,15779969.1049,1.32039999962,0
paint,15779968.3919,2.03350000083,2
pointer_move,15779968.2684,2.19009999931,2
draw_commands,15779976.4704,0.731499999762,0
end_draw,15779977.202,1.09360000119,0
paint,15779976.4604,1.83530000038,2
pointer_move,15779976.389,1.93159999885,2
draw_commands,15779984.4703,0.617000000551,0
end_draw,15779985.0875,1.19109999947,0
paint,15779984.4597,1.81909999996,2
pointer_move,15779984.3917,1.91640000045,2
draw_commands,15779992.1665,0.487499998882,0
end_draw,15779992.6541,0.78569999896,0
paint,15779992.1586,1.28129999898,2
pointer_move,15779992.0968,1.35700000077,2
draw_commands,15780000.1651,0.491499999538,0
end_draw,15780000.6567,0.738199999556,0
paint,15780000.1597,1.23529999889,2
pointer_move,15780000.1134,1.29660000093,2
draw_commands,15780008.2916,0.474199999124,0
end_draw,15780008.7659,0.882699999958,0
paint,15780008.2828,1.36590000056,2
pointer_move,15780008.1969,1.46869999915,2
draw_commands,15780016.2986,0.576300000772,0
end_draw,15780016.875,0.903899999335,0
paint,15780016.2884,1.4905999992,2
pointer_move,15780016.2293,1.56799999997,2
draw_commands,15780024.1658,0.451700000092,0
end_draw,15780024.6176,0.795199999586,0
paint,15780024.1593,1.25360000134,2
pointer_move,15780024.1142,1.31530000083,2
draw_commands,15780033.0503,1.83169999905,0
end_draw,15780034.8823,3.90799999982,0
paint,15780033.0369,5.75379999913,2
pointer_move,15780032.8315,6.22990000062,2
draw_commands,15780041.1584,1.92590000108,0
end_draw,15780043.0847,2.9550999999,0
paint,15780041.1459,4.89430000074,2
pointer_move,15780040.843,5.26669999957,2
draw_commands,15780074.3924,2.48440000042,0
end_draw,15780076.8772,2.86209999956,0
paint,15780074.3783,5.36140000075,2
pointer_move,15780073.8893,6.03009999916,2
draw_commands,15780081.1682,1.91830000095,0
end_draw,15780083.0869,3.25740000047,0
paint,15780081.1556,5.18909999914,2
pointer_move,15780080.7284,5.78309999965,2
draw_commands,15780089.4706,1.91650000028,0
end_draw,15780091.3874,2.24579999968,0
paint,15780089.4556,4.17799999937,2
pointer_move,15780089.2033,4.49679999985,2
draw_commands,15780096.689,1.2920000013,0
end_draw,15780097.9813,2.3984999992,0
paint,15780096.6801,3.70000000112,2
pointer_move,15780096.5387,4.58290000074,2
draw_commands,15780104.7032,1.20000000112,0
end_draw,15780105.9035,1.76589999907,0
paint,15780104.6905,2.97910000011,2
pointer_move,15780104.514,3.54759999923,2
draw_commands,15780112.401,0.792499998584,0
end_draw,15780113.1937,1.21769999899,0
paint,15780112.395,2.01659999974,2
pointer_move,15780112.3359,2.11370000057,2
draw_commands,15780120.4751,0.966600000858,0
end_draw,15780121.4419,1.59569999948,0
paint,15780120.4652,2.57300000079,2
pointer_move,15780120.3679,2.69909999892,2
draw_commands,15780128.662,1.30879999883,0
end_draw,15780129.9711,2.60679999925,0
paint,15780128.6539,3.92430000007,2
pointer_move,15780128.5061,4.7405999992,2
draw_commands,15780138.0798,1.43699999899,0
end_draw,15780139.5173,2.01249999925,0
paint,15780138.0689,3.46119999886,2
pointer_move,15780137.8472,3.74049999937,2
draw_commands,15780144.4344,1.02850000001,0
end_draw,15780145.4632,1.96090000123,0
paint,15780144.4229,3.00149999931,2
pointer_move,15780144.326,3.23000000045,2
draw_commands,15780152.4571,0.856499999762,0
end_draw,15780153.3138,1.39120000042,0
paint,15780152.4444,2.26080000028,2
pointer_move,15780152.3573,2.37470000051,2
draw_commands,15780160.3342,0.673499999568,0
end_draw,15780161.0079,1.18439999968,0
paint,15780160.3287,1.86369999871,2
pointer_move,15780160.269,2.35130000114,2
draw_commands,15780168.3897,0.674800001085,0
end_draw,15780169.0647,1.01459999941,0
paint,15780168.3836,1.69579999894,2
pointer_move,15780168.2835,1.81769999862,2
draw_commands,15780176.7327,2.28949999996,0
end_draw,15780179.0226,3.48570000008,0
paint,15780176.7243,5.78439999931,2
pointer_move,15780176.5313,6.11180000007,2
draw_commands,15780186.2534,1.90340000018,0
end_draw,15780188.1572,2.97610000148,0
paint,15780186.2419,4.89199999906,2
pointer_move,15780185.9189,5.2882000003,2
draw_commands,15780250.1982,1.88759999909,0
end_draw,15780252.0864,2.92239999957,0
paint,15780250.1834,4.82579999976,2
pointer_move,15780249.8997,5.18379999883,2
draw_commands,15780257.5848,1.8219000008,0
end_draw,15780259.407,2.02170000039,0
paint,15780257.5677,3.86129999906,2
pointer_move,15780257.2967,4.18399999849,2
draw_commands,15780265.6581,1.68580000103,0
end_draw,15780267.3442,2.34459999949,0
paint,15780265.6425,4.04659999907,2
pointer_move,15780265.4919,4.25709999911,2
draw_commands,15780273.3587,1.42679999955,0
end_draw,15780274.7858,2.11239999905,0
paint,15780273.3438,3.55469999835,2
pointer_move,15780273.0916,3.85879999958,2
draw_commands,15780281.293,1.2575000003,0
end_draw,15780282.5508,2.04450000077,0
paint,15780281.283,3.31259999983,2
pointer_move,15780281.1746,3.46939999983,2
draw_commands,15780289.0162,1.25740000047,0
end_draw,15780290.2738,1.47529999912,0
paint,15780288.9956,2.75359999947,2
pointer_move,15780288.903,2.87859999947,2
draw_commands,15780296.4763,0.756100000814,0
end_draw,15780297.2326,1.64149999991,0
paint,15780296.4661,2.408400001,2
pointer_move,15780296.385,2.52969999984,2
draw_commands,15780304.7365,0.722599999979,0
end_draw,15780305.4593,1.12089999951,0
paint,15780304.7257,1.85469999909,2
pointer_move,15780304.6001,2.00370000117,2
draw_commands,15780312.3587,0.590600000694,0
end_draw,15780312.9496,1.12079999968,0
paint,15780312.3456,1.7248999998,2
pointer_move,15780312.2818,1.81650000066,2
draw_commands,15780320.2949,0.531600000337,0
end_draw,15780320.8266,0.790200000629,0
paint,15780320.2851,1.33180000074,2
pointer_move,15780320.2357,1.39729999937,2
draw_commands,15780328.1995,0.49459999986,0
end_draw,15780328.6942,0.846899999306,0
paint,15780328.1906,1.3507000003,2
pointer_move,15780328.1429,1.4140000008,2
draw_commands,15780336.3567,0.522900000215,0
end_draw,15780336.8797,0.756799999624,0
paint,15780336.3468,1.28969999962,2
pointer_move,15780336.2758,1.37699999847,2
draw_commands,15780344.1343,0.45880000107,0
end_draw,15780344.5932,0.743200000376,0
paint,15780344.1289,1.20759999938,2
pointer_move,15780344.0756,1.2751000002,2
draw_commands,15780352.4047,0.591299999505,0
end_draw,15780352.9961,0.785700000823,0
paint,15780352.393,1.3889000006,2
pointer_move,15780352.3407,1.45849999972,2
draw_commands,15780360.2475,0.489799998701,0
end_draw,15780360.7374,0.763799998909,0
paint,15780360.2386,1.26269999892,2
pointer_move,15780360.1873,1.32839999907,2
draw_commands,15780368.3722,0.5895000007,0
end_draw,15780368.9619,1.04690000042,0
paint,15780368.3623,1.64660000056,2
pointer_move,15780368.2994,1.72910000011,2
draw_commands,15780376.2029,0.498199999332,0
end_draw,15780376.7012,0.868800001219,0
paint,15780376.1969,1.37319999933,2
pointer_move,15780376.1531,1.43379999883,2
draw_commands,15780384.3833,0.547299999744,0
end_draw,15780384.9309,0.893099999055,0
paint,15780384.369,1.4550999999,2
pointer_move,15780384.3144,1.527999999,2
draw_commands,15780392.2377,0.443800000474,0
end_draw,15780392.6816,0.813099998981,0
paint,15780392.2293,1.26539999992,2
pointer_move,15780392.1615,1.34830000065,2
draw_commands,15780401.5327,0.67139999941,0
end_draw,15780402.2043,1.02910000086,0
paint,15780401.5206,1.71309999935,2
pointer_move,15780401.4595,1.80450000055,2
draw_commands,15780408.2398,0.463399998844,0
end_draw,15780408.7033,0.75530000031,0
paint,15780408.2343,1.22439999878,2
pointer_move,15780408.1868,1.28700000048,2
draw_commands,15780416.3033,0.535199999809,0
end_draw,15780416.8386,0.774499999359,0
paint,15780416.2965,1.31660000049,2
pointer_move,15780416.2365,1.3909999989,2
draw_commands,15780424.3944,0.456499999389,0
end_draw,15780424.8511,0.878299999982,0
paint,15780424.3889,1.34059999883,2
pointer_move,15780424.3365,1.41029999964,2
draw_commands,15780432.6464,0.509399998933,0
end_draw,15780433.1559,1.16980000027,0
paint,15780432.6339,1.69199999981,2
pointer_move,15780432.4385,1.91889999993,2
draw_commands,15780440.1527,0.473899999633,0
end_draw,15780440.6268,0.757999999449,0
paint,15780440.1444,1.24049999937,2
pointer_move,15780440.095,1.30409999937,2
draw_commands,15780505.2514,0.555500000715,0
end_draw,15780505.807,1.04429999925,0
paint,15780505.2449,1.60649999976,2
pointer_move,15780505.0038,1.8702000007,2
draw_commands,15780507.826,0.525299999863,0
end_draw,15780508.3515,0.746899999678,0
paint,15780507.8215,1.2770000007,2
pointer_move,15780516.155,0.01070000045,2
draw_commands,15780516.2285,0.558000000194,0
end_draw,15780516.7866,0.953999999911,0
paint,15780516.219,1.52199999988,2
pointer_move,15781032.4506,0.00689999945462,2
draw_commands,15781032.5881,0.462100001052,0
end_draw,15781033.0503,0.859799999744,0
paint,15781032.5819,1.32829999924,2
pointer_move,15781216.4543,0.0178000014275,2
draw_commands,15781216.7098,0.599600000307,0
end_draw,15781217.3097,0.915000000969,0
paint,15781216.7028,1.52199999988,2
pointer_move,15781245.4125,0.331900000572,2
draw_commands,15781247.0027,0.51060000062,0
end_draw,15781247.5133,1.22609999962,0
paint,15781246.9952,1.74459999986,2
pointer_move,15781250.3516,0.093999998644,2
draw_commands,15781251.1941,0.581100000069,0
end_draw,15781251.7753,1.19189999998,0
paint,15781251.1798,1.78759999946,2
pointer_move,15781256.7013,0.0110999997705,2
draw_commands,15781256.803,0.638100000098,0
end_draw,15781257.4412,0.77690000087,0
paint,15781256.7956,1.42259999923,2
pointer_move,15781264.5982,0.00649999827147,2
draw_commands,15781264.6591,0.575999999419,0
end_draw,15781265.2351,1.30620000139,0
paint,15781264.6509,1.89049999975,2
pointer_move,15781272.8974,0.00730000063777,2
draw_commands,15781273.6661,0.458200000226,0
end_draw,15781274.1244,0.854500001296,0
paint,15781273.6562,1.32290000096,2
pointer_move,15781280.497,0.00640000030398,2
draw_commands,15781280.5529,0.522400001064,0
end_draw,15781281.0754,1.68789999932,0
paint,15781280.5444,2.21970000118,2
pointer_move,15781288.3797,0.00760000012815,2
draw_commands,15781288.433,0.445299999788,0
end_draw,15781288.8783,0.79609999992,0
paint,15781288.4282,1.24639999866,2
pointer_move,15781296.5145,0.0077999997884,2
draw_commands,15781296.573,0.625899998471,0
end_draw,15781297.199,1.1950000003,0
paint,15781296.5648,1.82950000092,2
pointer_move,15781304.5336,0.00749999843538,2
draw_commands,15781304.6017,0.48949999921,0
end_draw,15781305.0913,0.814600000158,0
paint,15781304.5925,1.31340000033,2
pointer_move,15781312.4859,0.00830000080168,2
draw_commands,15781312.5397,0.535199999809,0
end_draw,15781313.075,2.86670000106,0
paint,15781312.5328,3.40909999982,2
pointer_move,15781320.3351,0.00619999878109,2
draw_commands,15781320.3808,0.439899999648,0
end_draw,15781320.8209,0.704799998552,0
paint,15781320.3767,1.14910000004,2
pointer_move,15781329.2314,0.0208000000566,2
draw_commands,15781329.3578,0.507400000468,0
end_draw,15781329.8653,0.797299999744,0
paint,15781329.3482,1.3145999983,2
pointer_move,15781336.3663,0.00699999928474,2
draw_commands,15781336.4148,0.429300000891,0
end_draw,15781336.8442,0.69270000048,0
paint,15781336.4101,1.1269000005,2
pointer_move,15781344.9874,0.00869999825954,2
draw_commands,15781345.0767,0.514100000262,0
end_draw,15781345.5909,1.05749999918,0
paint,15781345.0663,1.58260000125,2
pointer_move,15781352.5197,0.00799999944866,2
draw_commands,15781352.6877,0.473300000653,0
end_draw,15781353.1611,0.696299999952,0
paint,15781352.6798,1.17760000005,2
pointer_move,15781360.7914,0.00789999961853,2
draw_commands,15781360.8513,0.476100001484,0
end_draw,15781361.3275,0.870899999514,0
paint,15781360.8425,1.35600000061,2
pointer_move,15781368.3469,0.00690000131726,2
draw_commands,15781368.3994,0.440700000152,0
end_draw,15781368.8401,0.793500000611,0
paint,15781368.3948,1.23890000023,2
pointer_move,15781376.5147,0.0074000004679,2
draw_commands,15781376.5684,0.430600000545,0
end_draw,15781376.999,0.757400000468,0
paint,15781376.5613,1.19519999996,2
pointer_move,15781384.621,0.0121999997646,2
draw_commands,15781384.6994,0.480000000447,0
end_draw,15781385.1795,0.737299999222,0
paint,15781384.6898,1.22709999979,2
pointer_move,15781392.5647,0.00940000079572,2
draw_commands,15781392.6269,0.435100000352,0
end_draw,15781393.0621,0.752399999648,0
paint,15781392.6186,1.19629999995,2
pointer_move,15781400.4576,0.00659999996424,2
draw_commands,15781400.5109,0.43200000003,0
end_draw,15781400.943,0.718100000173,0
paint,15781400.5056,1.15550000034,2
pointer_move,15781408.5051,0.00509999878705,2
draw_commands,15781408.5503,0.387399999425,0
end_draw,15781408.9378,0.709700001404,0
paint,15781408.546,1.10160000063,2
pointer_move,15781416.3241,0.0116999987513,2
draw_commands,15781416.4873,0.447300000116,0
end_draw,15781416.9347,0.677400000393,0
paint,15781416.4827,1.12949999981,2
pointer_move,15781424.5362,0.00860000029206,2
draw_commands,15781424.5955,0.463300000876,0
end_draw,15781425.0589,0.71789999865,0
paint,15781424.5858,1.19110000134,2
pointer_move,15781432.3163,0.00760000012815,2
draw_commands,15781432.3707,0.493499999866,0
end_draw,15781432.8643,0.903400000185,0
paint,15781432.3655,1.40230000019,2
pointer_move,15781440.4986,0.00769999995828,2
draw_commands,15781440.5564,0.465000001714,0
end_draw,15781441.0215,0.768499998376,0
paint,15781440.548,1.24199999869,2
pointer_move,15781448.479,0.00709999911487,2
draw_commands,15781448.5294,0.427799999714,0
end_draw,15781448.9573,0.717600001022,0
paint,15781448.5232,1.15180000104,2
pointer_move,15781512.5386,0.00659999996424,2
draw_commands,15781512.5899,0.427400000393,0
end_draw,15781513.0174,0.7555999998,0
paint,15781512.5839,1.18919999897,2
pointer_move,15781520.3555,0.00640000030398,2
draw_commands,15781520.4056,0.419299999252,0
end_draw,15781520.8253,0.699599999934,0
paint,15781520.3992,1.1258000005,2
pointer_move,15781528.2746,0.00710000097752,2
draw_commands,15781528.3232,0.42689999938,0
end_draw,15781528.7502,0.773500001058,0
paint,15781528.3183,1.20550000109,2
pointer_move,15781536.438,0.00720000080764,2
draw_commands,15781536.4921,0.436200000346,0
end_draw,15781536.9284,0.742300000042,0
paint,15781536.4867,1.18410000019,2
pointer_move,15781544.5496,0.00600000098348,2
draw_commands,15781544.5964,0.422599999234,0
end_draw,15781545.019,0.868499999866,0
paint,15781544.5915,1.29620000161,2
pointer_move,15781552.4193,0.00640000030398,2
draw_commands,15781552.473,0.440899999812,0
end_draw,15781552.914,0.750499999151,0
paint,15781552.4665,1.19810000062,2
pointer_move,15781560.8171,0.0103000011295,2
draw_commands,15781560.9212,0.439400000498,0
end_draw,15781561.3607,0.87470000051,0
paint,15781560.9155,1.3200000003,2
pointer_move,15781568.3586,0.00750000029802,2
draw_commands,15781568.4135,0.475800000131,0
end_draw,15781568.8894,0.803799999878,0
paint,15781568.4077,1.28559999913,2
pointer_move,15781576.311,0.00659999996424,2
draw_commands,15781576.3599,0.43740000017,0
end_draw,15781576.7974,0.707900000736,0
paint,15781576.3546,1.15080000088,2
pointer_move,15781584.3106,0.00760000012815,2
draw_commands,15781584.3632,0.445800000802,0
end_draw,15781584.8091,0.740699999034,0
paint,15781584.3582,1.19159999862,2
pointer_move,15781592.4571,0.0097000002861,2
draw_commands,15781592.5852,0.500900000334,0
end_draw,15781593.0862,0.944799998775,0
paint,15781592.5794,1.45190000162,2
pointer_move,15781600.57,0.0104999989271,2
draw_commands,15781600.635,0.52690000087,0
end_draw,15781601.1619,0.829699998721,0
paint,15781600.6289,1.36269999854,2
pointer_move,15781608.6936,0.00869999825954,2
draw_commands,15781608.7907,0.45920000039,0
end_draw,15781609.25,0.891499999911,0
paint,15781608.7847,1.35689999908,2
pointer_move,15781616.5884,0.0090999994427,2
draw_commands,15781616.6443,0.472500000149,0
end_draw,15781617.1169,0.967000000179,0
paint,15781616.6395,1.44450000115,2
pointer_move,15781624.4623,0.00939999893308,2
draw_commands,15781624.5351,0.647199999541,0
end_draw,15781625.1824,1.02250000089,0
paint,15781624.5237,1.68129999936,2
pointer_move,15781632.6305,0.00699999928474,2
draw_commands,15781632.6895,0.494099998847,0
end_draw,15781633.1837,1.04459999874,0
paint,15781632.6826,1.54609999992,2
pointer_move,15781640.5303,0.0288999993354,2
draw_commands,15781640.6509,0.520899999887,0
end_draw,15781641.1719,0.765799999237,0
paint,15781640.6432,1.29459999874,2
pointer_move,15781649.3915,0.00730000063777,2
draw_commands,15781649.4588,0.546700000763,0
end_draw,15781650.0056,0.810300000012,0
paint,15781649.4516,1.36449999921,2
pointer_move,15781657.0013,0.0119000002742,2
draw_commands,15781657.1313,0.641699999571,0
end_draw,15781657.7733,1.10250000097,0
paint,15781657.1171,1.75879999995,2
pointer_move,15781664.9536,0.0714999996126,2
draw_commands,15781665.4441,0.54639999941,0
end_draw,15781665.9908,0.845699999481,0
paint,15781665.4337,1.40289999917,2
pointer_move,15781672.6205,0.00689999945462,2
draw_commands,15781672.7154,0.485100001097,0
end_draw,15781673.2006,0.927600000054,0
paint,15781672.7083,1.4199000001,2
pointer_move,15781680.4737,0.00489999912679,2
draw_commands,15781680.515,0.410099999979,0
end_draw,15781680.9252,1.152999999,0
paint,15781680.5111,1.56740000099,2
pointer_move,15781688.872,0.012800000608,2
draw_commands,15781689.0191,0.45370000042,0
end_draw,15781689.4729,1.05090000108,0
paint,15781689.0121,1.51190000027,2
pointer_move,15781696.6502,0.0074000004679,2
draw_commands,15781696.8803,0.45390000008,0
end_draw,15781697.3343,1.0987999998,0
paint,15781696.8726,1.56110000052,2
pointer_move,15781704.6946,0.068100001663,2
draw_commands,15781704.9147,0.485600000247,0
end_draw,15781705.4004,0.83930000104,0
paint,15781704.9085,1.33129999973,2
pointer_move,15781712.6876,0.0090999994427,2
draw_commands,15781712.7575,0.543800000101,0
end_draw,15781713.3014,1.81399999931,0
paint,15781712.7469,2.36900000088,2
pointer_move,15781720.6554,0.00659999996424,2
draw_commands,15781720.726,0.462600000203,0
end_draw,15781721.1886,0.845899999142,0
paint,15781720.7173,1.31730000116,2
pointer_move,15781728.4765,0.00609999895096,2
draw_commands,15781728.5256,0.45340000093,0
end_draw,15781728.979,0.935000000522,0
paint,15781728.5192,1.39489999972,2
pointer_move,15781736.4656,0.00559999980032,2
draw_commands,15781736.5772,0.43730000034,0
end_draw,15781737.0145,0.777800001204,0
paint,15781736.5706,1.22180000134,2
pointer_move,15781744.3246,0.00510000064969,2
draw_commands,15781744.3656,0.400400001556,0
end_draw,15781744.7661,1.01559999958,0
paint,15781744.3609,1.42090000026,2
pointer_move,15781752.6525,0.00689999945462,2
draw_commands,15781752.7054,0.493100000545,0
end_draw,15781753.1991,1.20029999875,0
paint,15781752.6976,1.70210000128,2
pointer_move,15781760.5341,0.00789999961853,2
draw_commands,15781760.5887,0.438200000674,0
end_draw,15781761.027,0.791899999604,0
paint,15781760.5836,1.23540000059,2
pointer_move,15781768.5893,0.00960000045598,2
draw_commands,15781768.6604,0.539200000465,0
end_draw,15781769.1997,0.689200000837,0
paint,15781768.65,1.23900000006,2
pointer_move,15781776.5421,0.0061000008136,2
draw_commands,15781776.5826,0.384500000626,0
end_draw,15781776.9671,0.627499999478,0
paint,15781776.5801,1.01459999941,2
pointer_move,15781784.5006,0.00799999944866,2
draw_commands,15781784.5552,0.466500001028,0
end_draw,15781785.0218,0.730299999937,0
paint,15781784.5511,1.20109999925,2
pointer_move,15781792.4147,0.00490000098944,2
draw_commands,15781792.4499,0.38010000065,0
end_draw,15781792.83,0.674699999392,0
paint,15781792.448,1.05679999851,2
pointer_move,15781800.4773,0.075300000608,2
draw_commands,15781800.8078,0.491599999368,0
end_draw,15781801.2995,0.93730000034,0
paint,15781800.8025,1.43459999934,2
pointer_move,15781808.5551,0.00730000063777,2
draw_commands,15781808.6095,0.466800000519,0
end_draw,15781809.0764,0.738299999386,0
paint,15781808.6021,1.21270000003,2
pointer_move,15781816.3376,0.00689999945462,2
draw_commands,15781816.3888,0.429699998349,0
end_draw,15781816.8186,0.718599999323,0
paint,15781816.3845,1.15279999934,2
pointer_move,15781824.3855,0.00449999980628,2
draw_commands,15781824.4217,0.35929999873,0
end_draw,15781824.7811,0.550000000745,0
paint,15781824.4201,0.911000000313,2
pointer_move,15781832.3335,0.00659999996424,2
draw_commands,15781832.3825,0.451600000262,0
end_draw,15781832.8342,0.734899999574,0
paint,15781832.378,1.1911999993,2
pointer_move,15781840.4888,0.00659999996424,2
draw_commands,15781840.5322,0.427000001073,0
end_draw,15781840.9593,0.644899999723,0
paint,15781840.5281,1.07619999908,2
pointer_move,15781848.4735,0.00679999962449,2
draw_commands,15781848.5234,0.45320000127,0
end_draw,15781848.9766,0.946599999443,0
paint,15781848.5176,1.40589999966,2
pointer_move,15781856.5587,0.00699999928474,2
draw_commands,15781856.6117,0.457399999723,0
end_draw,15781857.0692,0.704800000414,0
paint,15781856.6044,1.16970000044,2
pointer_move,15781864.4922,0.00699999928474,2
draw_commands,15781864.5447,0.441399998963,0
end_draw,15781864.9862,0.84470000118,0
paint,15781864.538,1.29309999943,2
pointer_move,15781872.4816,0.00850000046194,2
draw_commands,15781872.5392,0.465599998832,0
end_draw,15781873.0048,0.799800001085,0
paint,15781872.5311,1.27360000089,2
pointer_move,15781880.3259,0.00520000047982,2
draw_commands,15781880.3684,0.402599999681,0
end_draw,15781880.771,0.933000000194,0
paint,15781880.3642,1.33999999985,2
pointer_move,15781888.5711,0.00750000029802,2
draw_commands,15781888.6301,0.467399999499,0
end_draw,15781889.0976,0.805800000206,0
paint,15781888.6211,1.28240000084,2
pointer_move,15781896.4082,0.00669999979436,2
draw_commands,15781896.4552,0.417700000107,0
end_draw,15781896.873,0.795800000429,0
paint,15781896.4498,1.21910000034,2
pointer_move,15781904.3841,0.0077999997884,2
draw_commands,15781904.4388,0.447300000116,0
end_draw,15781904.8862,0.688500000164,0
paint,15781904.4341,1.14059999958,2
pointer_move,15781912.3904,0.00520000047982,2
draw_commands,15781912.435,0.40519999899,0
end_draw,15781912.8403,0.685500001535,0
paint,15781912.4307,1.09530000016,2
pointer_move,15781920.4401,0.00700000114739,2
draw_commands,15781920.4916,0.439100001007,0
end_draw,15781920.9308,0.768400000408,0
paint,15781920.4874,1.21189999953,2
pointer_move,15781928.3105,0.00689999945462,2
draw_commands,15781928.3589,0.418200001121,0
end_draw,15781928.7772,0.698899999261,0
paint,15781928.3532,1.12299999967,2
pointer_move,15781936.5426,0.00929999910295,2
draw_commands,15781936.6126,0.53029999882,0
end_draw,15781937.143,0.758300000802,0
paint,15781936.6019,1.29949999973,2
pointer_move,15781944.5006,0.00889999978244,2
draw_commands,15781944.5644,0.444699998945,0
end_draw,15781945.0092,1.14090000093,0
paint,15781944.5579,1.59259999916,2
pointer_move,15781952.4559,0.00760000012815,2
draw_commands,15781952.5147,0.4645000007,0
end_draw,15781952.9793,1.25459999964,0
paint,15781952.5098,1.72419999912,2
pointer_move,15781960.4866,0.00699999928474,2
draw_commands,15781960.5388,0.452100001276,0
end_draw,15781960.991,0.724299998954,0
paint,15781960.5319,1.18349999934,2
pointer_move,15781968.7441,0.0137999989092,2
draw_commands,15781968.834,0.618999999017,0
end_draw,15781969.4531,1.03790000081,0
paint,15781968.8246,1.66650000028,2
pointer_move,15781976.5426,0.00750000029802,2
draw_commands,15781976.5963,0.460300000384,0
end_draw,15781977.0567,0.754799999297,0
paint,15781976.5885,1.22309999913,2
