event,start_ms,duration_ms,value
mode_demo,21959913.5233,0.00340000167489,0
mode_isolated,21959913.5267,9.99979674816e-05,0
include_cursor,21959913.5268,0,1
theme,21959913.5269,0,0
process_priority,21959913.5295,9.99979674816e-05,32
process_affinity,21959913.533,0,63
refresh_hz,21959913.5404,0.000100001692772,60
capture_and_blur,21959945.5061,179.781600002,0
monitor_width,21960125.732,9.99979674816e-05,3840
monitor_height,21960125.7322,0,2160
render_initialize,21960130.0326,200.7163,0
draw_commands,21960330.7716,3.63679999858,0
end_draw,21960334.4086,4.13280000165,0
prepare_submit,21960338.5415,0.000100001692772,0
paint,21960130.0325,208.509300001,0
prepare_overlay,21960130.0292,208.513300002,0
draw_commands,21960342.6601,0.343899998814,0
end_draw,21960343.0041,2.48550000042,0
present,21960345.4903,1.12009999901,0
paint,21960342.6524,3.95850000158,0
magnifier_update,21960427.2665,8.56810000166,0
show_views,21960125.7319,310.103100002,0
input_age_ms,21960439.1061,0.000399999320507,0
magnifier_update,21960439.1077,0.820399999619,0
pointer_move,21960439.1069,0.821900002658,0
input_age_ms,21960440.6567,0.000199999660254,0
magnifier_update,21960440.6578,0.516699999571,0
pointer_move,21960440.6571,0.517700001597,0
input_age_ms,21960446.9295,0.000199999660254,0
magnifier_update,21960446.9313,0.496899999678,0
pointer_move,21960446.9299,0.49849999696,0
input_age_ms,21960453.3111,0.000199999660254,0
magnifier_update,21960453.3127,0.126800000668,0
pointer_move,21960453.3116,0.128100000322,0
input_age_ms,21960455.2057,0.000199999660254,0
magnifier_update,21960455.2069,0.547199998051,0
pointer_move,21960455.2061,0.548500001431,0
input_age_ms,21960462.8159,0.000199999660254,0
magnifier_update,21960462.8177,0.490200001746,0
pointer_move,21960462.8163,0.491900000721,0
input_age_ms,21960469.7283,0.000299997627735,0
magnifier_update,21960469.73,0.125799998641,0
pointer_move,21960469.7289,0.127099998295,0
input_age_ms,21960470.757,0.000199999660254,0
magnifier_update,21960470.7579,0.498300001025,0
pointer_move,21960470.7574,0.499099999666,0
input_age_ms,21960484.3288,0.000799998641014,16
magnifier_update,21960484.3325,1.77919999883,0
pointer_move,21960484.3304,1.78299999982,0
input_age_ms,21960493.2732,0.00139999762177,0
magnifier_update,21960493.2776,1.56199999899,0
pointer_move,21960493.2754,1.56549999863,0
input_age_ms,21960496.6077,0.000699996948242,15
magnifier_update,21960496.6114,0.450899999589,0
pointer_move,21960496.6092,0.453899998218,0
input_age_ms,21960498.4482,0.000700000673532,15
magnifier_update,21960498.4517,2.17650000006,0
pointer_move,21960498.4495,2.18000000343,0
input_age_ms,21960507.0377,0.000499997287989,0
magnifier_update,21960507.0401,0.914699997753,0
pointer_move,21960507.0386,0.916999999434,0
input_age_ms,21960508.7922,0.000600002706051,0
magnifier_update,21960508.795,0.274899996817,0
pointer_move,21960508.7932,0.27710000053,0
input_age_ms,21960511.1354,0.000700000673532,16
magnifier_update,21960511.138,0.823199998587,0
pointer_move,21960511.1365,0.825199998915,0
input_age_ms,21960520.552,0.000399999320507,0
magnifier_update,21960520.5539,0.720400001854,0
pointer_move,21960520.5527,0.721899997443,0
input_age_ms,21960521.4156,9.99979674816e-05,0
magnifier_update,21960521.4163,0.145200002939,0
pointer_move,21960521.4158,0.145799998194,0
input_age_ms,21960526.9151,0.000299997627735,0
magnifier_update,21960526.9171,0.612900000066,0
pointer_move,21960526.9157,0.614700000733,0
input_age_ms,21960536.8992,0.000300001353025,0
magnifier_update,21960536.9007,0.507400002331,0
pointer_move,21960536.8997,0.50869999826,0
input_age_ms,21960537.5404,0.000100001692772,0
magnifier_update,21960537.5411,0.123500000685,0
pointer_move,21960537.5406,0.124199997634,0
input_age_ms,21960542.8757,0.000199999660254,0
magnifier_update,21960542.877,0.601100001484,0
pointer_move,21960542.8761,0.602299999446,0
input_age_ms,21960560.2271,0.00120000168681,0
magnifier_update,21960560.2312,2.16210000217,0
pointer_move,21960560.2289,2.16559999809,0
input_age_ms,21960571.2482,0.000900000333786,0
magnifier_update,21960571.2536,2.32909999788,0
pointer_move,21960571.2503,2.33369999751,0
input_age_ms,21960581.1387,0.000700000673532,15
magnifier_update,21960581.1415,0.851300001144,0
pointer_move,21960581.1399,0.853600002825,0
input_age_ms,21960585.8376,0.000500001013279,0
magnifier_update,21960585.8408,1.70780000091,0
pointer_move,21960585.8393,1.71030000225,0
input_age_ms,21960588.609,0.000399999320507,0
magnifier_update,21960588.611,1.11319999769,0
pointer_move,21960588.6098,1.11540000141,0
input_age_ms,21960591.5118,0.000400003045797,0
magnifier_update,21960591.5143,0.481899999082,0
pointer_move,21960591.5129,0.483800001442,0
input_age_ms,21960592.6814,0.000399999320507,0
magnifier_update,21960592.6836,0.798699997365,0
pointer_move,21960592.6821,0.800699997693,0
input_age_ms,21960599.3841,0.000399999320507,0
magnifier_update,21960599.3866,1.33510000259,0
pointer_move,21960599.385,1.3376000002,0
input_age_ms,21960604.6656,0.000699996948242,16
magnifier_update,21960604.6684,0.499699998647,0
pointer_move,21960604.6666,0.502000000328,0
input_age_ms,21960607.0189,0.000199999660254,0
magnifier_update,21960607.0204,0.642100002617,0
pointer_move,21960607.0193,0.643500000238,0
input_age_ms,21960615.1758,0.000399999320507,0
magnifier_update,21960615.1774,0.756099998951,0
pointer_move,21960615.1764,0.757800001651,0
input_age_ms,21960619.8043,0.000300001353025,0
magnifier_update,21960619.806,0.126499999315,0
pointer_move,21960619.8049,0.127799998969,0
input_age_ms,21960622.8534,0.000300001353025,0
magnifier_update,21960622.8565,0.541799999774,0
pointer_move,21960622.8542,0.544399999082,0
input_age_ms,21960630.9099,0.000300001353025,0
magnifier_update,21960630.9112,0.531999997795,0
pointer_move,21960630.9104,0.539599999785,0
input_age_ms,21960636.4772,0.000199999660254,0
magnifier_update,21960636.4788,0.126299999654,0
pointer_move,21960636.4781,0.127199999988,0
input_age_ms,21961014.8668,0.000199999660254,0
magnifier_update,21961014.8681,0.524900000542,0
pointer_move,21961014.8672,0.526100002229,0
input_age_ms,21961022.8682,0.000199999660254,0
magnifier_update,21961022.8699,0.489100001752,0
pointer_move,21961022.8687,0.490599997342,0
input_age_ms,21961030.8182,0.000199999660254,0
magnifier_update,21961030.8191,0.568900000304,0
pointer_move,21961030.8186,0.569600000978,0
input_age_ms,21961036.6712,0.000300001353025,0
magnifier_update,21961036.6725,0.239500001073,0
pointer_move,21961036.6717,0.240499999374,0
input_age_ms,21961038.8185,0.000700000673532,0
magnifier_update,21961038.8202,0.494800001383,0
pointer_move,21961038.8194,0.495899997652,0
input_age_ms,21961046.8185,0.000199999660254,0
magnifier_update,21961046.8196,0.433699999005,0
pointer_move,21961046.8189,0.434599999338,0
input_age_ms,21961053.7882,0.000200003385544,0
magnifier_update,21961053.79,0.131700001657,0
pointer_move,21961053.7886,0.133299998939,0
input_age_ms,21961054.7382,0.000299997627735,0
magnifier_update,21961054.7395,0.465799998492,0
pointer_move,21961054.7387,0.467399999499,0
input_age_ms,21961062.8332,0.000500001013279,0
magnifier_update,21961062.8348,0.467199999839,0
pointer_move,21961062.8339,0.468699999154,0
input_age_ms,21961069.9507,0.000199999660254,0
magnifier_update,21961069.9522,0.13010000065,0
pointer_move,21961069.9512,0.131299998611,0
input_age_ms,21961070.7306,0.000199999660254,0
magnifier_update,21961070.7319,0.506799999624,0
pointer_move,21961070.7314,0.507499996573,0
input_age_ms,21961079.4979,0.000299997627735,0
magnifier_update,21961079.4995,0.524800002575,0
pointer_move,21961079.4986,0.526000000536,0
input_age_ms,21961086.6381,0.000300001353025,0
magnifier_update,21961086.64,0.158099997789,0
pointer_move,21961086.6388,0.159400001168,0
input_age_ms,21961086.9327,0.000199999660254,0
magnifier_update,21961086.9337,0.536800000817,0
pointer_move,21961086.9331,0.537900000811,0
input_age_ms,21961095.8069,0.000400003045797,0
magnifier_update,21961095.8088,0.54659999907,0
pointer_move,21961095.8077,0.548000000417,0
input_age_ms,21961103.6571,0.000199999660254,0
magnifier_update,21961103.6587,0.572499997914,0
pointer_move,21961103.6576,0.574000000954,0
input_age_ms,21961104.3392,0.000199999660254,16
magnifier_update,21961104.3398,0.095600001514,0
pointer_move,21961104.3394,0.0960000008345,0
input_age_ms,21961110.8206,0.000199999660254,0
magnifier_update,21961110.8219,0.536700002849,0
pointer_move,21961110.8211,0.53770000115,0
input_age_ms,21961120.1053,0.000199999660254,0
magnifier_update,21961120.1066,0.532199997455,0
pointer_move,21961120.1057,0.533399999142,0
input_age_ms,21961120.7397,0,0
magnifier_update,21961120.7401,0.0909999981523,0
pointer_move,21961120.7398,0.0912999995053,0
input_age_ms,21961126.7722,0.000199999660254,0
magnifier_update,21961126.7737,0.481800001115,0
pointer_move,21961126.7725,0.483500000089,0
input_age_ms,21961136.7436,0.000300001353025,16
magnifier_update,21961136.7459,0.514100000262,0
pointer_move,21961136.7443,0.51590000093,0
input_age_ms,21961137.3583,9.99979674816e-05,0
magnifier_update,21961137.3588,0.0911999978125,0
pointer_move,21961137.3585,0.0916000008583,0
input_age_ms,21961142.8755,0.000199999660254,0
magnifier_update,21961142.8772,0.503299999982,0
pointer_move,21961142.876,0.504800003022,0
input_age_ms,21961153.247,0.000399999320507,16
magnifier_update,21961153.2497,0.491500001401,0
pointer_move,21961153.2479,0.493599999696,0
input_age_ms,21961153.8554,0.000100001692772,0
magnifier_update,21961153.856,0.0976000018418,0
pointer_move,21961153.8556,0.0982000008225,0
input_age_ms,21961158.8237,0.000300001353025,0
magnifier_update,21961158.8256,0.50549999997,0
pointer_move,21961158.8247,0.506599999964,0
input_age_ms,21961170.5089,0.000299997627735,15
magnifier_update,21961170.5105,0.456800002605,0
pointer_move,21961170.5095,0.458000000566,0
input_age_ms,21961171.3433,0.000799998641014,0
magnifier_update,21961171.3449,0.153200000525,0
pointer_move,21961171.3444,0.153900001198,0
input_age_ms,21961174.7815,0.000199999660254,0
magnifier_update,21961174.7825,0.470699999481,0
pointer_move,21961174.7819,0.471500001848,0
input_age_ms,21961186.6539,0.000399999320507,16
magnifier_update,21961186.6556,0.558199997991,0
pointer_move,21961186.6545,0.559700001031,0
input_age_ms,21961187.3495,0.000199999660254,0
magnifier_update,21961187.3503,0.101199999452,0
pointer_move,21961187.3498,0.1018999964,0
input_age_ms,21961190.7781,0.000199999660254,0
magnifier_update,21961190.7795,0.496500000358,0
pointer_move,21961190.7789,0.497399996966,0
input_age_ms,21961198.805,0.000100001692772,15
magnifier_update,21961198.806,0.577699996531,0
pointer_move,21961198.8053,0.578999999911,0
input_age_ms,21961204.378,0.000199999660254,0
magnifier_update,21961204.3799,0.145199999213,0
pointer_move,21961204.3786,0.146699998528,0
input_age_ms,21961206.8505,0.000199999660254,0
magnifier_update,21961206.8518,0.515800002962,0
pointer_move,21961206.851,0.516899999231,0
input_age_ms,21961214.9867,0.000400003045797,16
magnifier_update,21961214.9895,1.01839999855,0
pointer_move,21961214.9876,1.02100000158,0
input_age_ms,21961220.8976,0.000300001353025,0
magnifier_update,21961220.8998,0.316800002009,0
pointer_move,21961220.8982,0.318699996918,0
input_age_ms,21961223.0769,0.000199999660254,0
magnifier_update,21961223.0783,0.471000000834,0
pointer_move,21961223.0773,0.472199998796,0
input_age_ms,21961230.8611,0.000199999660254,0
magnifier_update,21961230.8622,0.495799999684,0
pointer_move,21961230.8615,0.496800001711,0
input_age_ms,21961236.6584,0.000399999320507,0
magnifier_update,21961236.6604,0.250399999321,0
pointer_move,21961236.6591,0.252199999988,0
input_age_ms,21961238.9727,0.000399999320507,0
magnifier_update,21961238.9825,0.620600000024,0
pointer_move,21961238.9806,0.622900001705,0
input_age_ms,21961248.2868,0.000199999660254,0
magnifier_update,21961248.2886,0.474999997765,0
pointer_move,21961248.2874,0.476399999112,0
input_age_ms,21961253.3422,0.000399999320507,0
magnifier_update,21961253.3446,0.136700000614,0
pointer_move,21961253.3428,0.138700000942,0
input_age_ms,21961255.1579,0.000299997627735,0
magnifier_update,21961255.1596,0.43559999764,0
pointer_move,21961255.1584,0.437000002712,0
input_age_ms,21961272.0384,0.000599998980761,0
magnifier_update,21961272.0421,0.709300000221,0
pointer_move,21961272.0394,0.71249999851,0
input_age_ms,21961273.1002,0.000499997287989,0
magnifier_update,21961273.1021,0.125399999321,0
pointer_move,21961273.101,0.126699998975,0
input_age_ms,21961286.445,0.000300001353025,0
magnifier_update,21961286.4465,0.163200002164,0
pointer_move,21961286.4455,0.164599999785,0
input_age_ms,21961302.9699,0.000199999660254,0
magnifier_update,21961302.971,0.499099999666,0
pointer_move,21961302.9703,0.500100001693,0
input_age_ms,21961310.8247,0.000199999660254,0
magnifier_update,21961310.826,0.494199998677,0
pointer_move,21961310.8251,0.495299998671,0
input_age_ms,21961320.6195,0.000300001353025,0
magnifier_update,21961320.6218,0.510899998248,0
pointer_move,21961320.6205,0.51250000298,0
input_age_ms,21961321.234,0,0
magnifier_update,21961321.2344,0.0909999981523,0
pointer_move,21961321.2341,0.0914000011981,0
input_age_ms,21961336.493,0.000199999660254,0
magnifier_update,21961336.4943,0.152800001204,0
pointer_move,21961336.4935,0.153899997473,0
input_age_ms,21961342.7833,0.000199999660254,0
magnifier_update,21961342.7849,0.498800002038,0
pointer_move,21961342.7837,0.500300001353,0
input_age_ms,21961353.0839,0.000299997627735,0
magnifier_update,21961353.0852,0.131899997592,0
pointer_move,21961353.0844,0.133000001311,0
input_age_ms,21961358.8067,0.000199999660254,0
magnifier_update,21961358.8079,0.366399999708,0
pointer_move,21961358.8071,0.367399998009,0
input_age_ms,21961369.5759,0.000199999660254,0
magnifier_update,21961369.5773,0.197399999946,0
pointer_move,21961369.5763,0.198899999261,0
input_age_ms,21961390.8618,0.000199999660254,0
magnifier_update,21961390.8635,0.515300001949,0
pointer_move,21961390.8622,0.516800001264,0
input_age_ms,21961403.2556,0.000299997627735,0
magnifier_update,21961403.2571,0.138499997556,0
pointer_move,21961403.2562,0.139499999583,0
input_age_ms,21961430.9163,0.000199999660254,0
magnifier_update,21961430.9175,0.505599997938,0
pointer_move,21961430.9167,0.506999999285,0
input_age_ms,21961436.5843,0.000700000673532,0
magnifier_update,21961436.587,0.134399998933,0
pointer_move,21961436.5854,0.136300001293,0
input_age_ms,21961454.8071,0.000199999660254,0
magnifier_update,21961454.8082,0.502999998629,0
pointer_move,21961454.8076,0.503800000995,0
input_age_ms,21961463.3628,0.000400003045797,0
magnifier_update,21961463.3641,0.465499997139,0
pointer_move,21961463.3634,0.466399997473,0
input_age_ms,21961469.9518,0.000300001353025,0
magnifier_update,21961469.9532,0.127599999309,0
pointer_move,21961469.9522,0.128800000995,0
input_age_ms,21961470.7922,0.000600002706051,0
magnifier_update,21961470.7949,0.479499999434,0
pointer_move,21961470.7931,0.481600001454,0
input_age_ms,21961480.0628,0.000199999660254,16
magnifier_update,21961480.0642,0.497000001371,0
pointer_move,21961480.0633,0.498100001365,0
input_age_ms,21961486.2385,0.000199999660254,0
magnifier_update,21961486.2404,0.128499999642,0
pointer_move,21961486.2389,0.130200002342,0
input_age_ms,21961486.7908,9.99979674816e-05,0
magnifier_update,21961486.7916,0.472699999809,0
pointer_move,21961486.7911,0.473500002176,0
input_age_ms,21961502.9746,0.000400003045797,0
magnifier_update,21961502.9765,0.569399997592,0
pointer_move,21961502.9752,0.570999998599,0
input_age_ms,21961503.9263,0.000199999660254,0
magnifier_update,21961503.9274,0.10020000115,0
pointer_move,21961503.9267,0.100999999791,0
input_age_ms,21961510.8711,0.000199999660254,16
magnifier_update,21961510.8724,0.499899998307,0
pointer_move,21961510.8715,0.501099999994,0
input_age_ms,21961520.2533,0.000300001353025,0
magnifier_update,21961520.2551,0.520399998873,0
pointer_move,21961520.2539,0.521900001913,0
input_age_ms,21961520.9219,9.99979674816e-05,0
magnifier_update,21961520.9229,0.0994000025094,0
pointer_move,21961520.9221,0.100299999118,0
input_age_ms,21961527.1485,0.000199999660254,0
magnifier_update,21961527.1499,0.498599998653,0
pointer_move,21961527.1489,0.499900002033,0
input_age_ms,21961536.1535,0.000200003385544,0
magnifier_update,21961536.1554,0.500900000334,0
pointer_move,21961536.1539,0.502599999309,0
input_age_ms,21961537.019,0.000199999660254,0
magnifier_update,21961537.0203,0.096400000155,0
pointer_move,21961537.0194,0.0973999984562,0
input_age_ms,21961542.8368,0.000299997627735,15
magnifier_update,21961542.8381,0.482999999076,0
pointer_move,21961542.8373,0.484000001103,0
input_age_ms,21961553.4101,0.000499997287989,0
magnifier_update,21961553.4124,0.642799999565,0
pointer_move,21961553.4109,0.64449999854,0
input_age_ms,21961554.3002,0.000199999660254,0
magnifier_update,21961554.3015,0.107599999756,0
pointer_move,21961554.3007,0.108599998057,0
input_age_ms,21961558.7988,0.000199999660254,0
magnifier_update,21961558.8001,0.492600001395,0
pointer_move,21961558.7992,0.493800003082,0
input_age_ms,21961569.7009,0.000300001353025,0
magnifier_update,21961569.7021,0.517099998891,0
pointer_move,21961569.7014,0.517999999225,0
input_age_ms,21961570.3256,0.000100001692772,0
magnifier_update,21961570.3262,0.0890999995172,0
pointer_move,21961570.3258,0.0894999988377,0
input_age_ms,21961574.8265,0.000199999660254,0
magnifier_update,21961574.8277,0.489900000393,0
pointer_move,21961574.8269,0.490999996662,0
input_age_ms,21961586.4027,0.000500001013279,0
magnifier_update,21961586.4052,0.54129999876,0
pointer_move,21961586.4037,0.543099999428,0
input_age_ms,21961587.2978,0.000299997627735,0
magnifier_update,21961587.2991,0.122999999672,0
pointer_move,21961587.2984,0.123900000006,0
input_age_ms,21961590.7774,0.000200003385544,0
magnifier_update,21961590.7788,0.482000000775,0
pointer_move,21961590.7778,0.483300000429,0
input_age_ms,21961598.8259,0.000700000673532,0
magnifier_update,21961598.8275,0.551599998027,0
pointer_move,21961598.8268,0.553700000048,0
input_age_ms,21961603.2885,0.000300001353025,0
magnifier_update,21961603.2905,0.267299998552,0
pointer_move,21961603.2893,0.268800001591,0
input_age_ms,21961606.7664,0.000200003385544,0
magnifier_update,21961606.7676,0.487599998713,0
pointer_move,21961606.7668,0.488699998707,0
input_age_ms,21961614.8396,0.000500001013279,0
magnifier_update,21961614.8411,0.439199998975,0
pointer_move,21961614.8403,0.440299998969,0
input_age_ms,21961619.5615,0.000899996608496,0
magnifier_update,21961619.5638,0.133799999952,0
pointer_move,21961619.5627,0.135000001639,0
input_age_ms,21961622.7655,0.000299997627735,0
magnifier_update,21961622.7664,0.474700000137,0
pointer_move,21961622.766,0.475300002843,0
input_age_ms,21961630.872,0.000199999660254,0
magnifier_update,21961630.8732,0.471300002187,0
pointer_move,21961630.8724,0.472300000489,0
input_age_ms,21961636.7362,0.000199999660254,0
magnifier_update,21961636.738,0.132599998266,0
pointer_move,21961636.7366,0.134500000626,0
input_age_ms,21961638.8629,0.000300001353025,0
magnifier_update,21961638.8642,0.510499998927,0
pointer_move,21961638.8634,0.511700000614,0
input_age_ms,21961646.8563,0.000199999660254,0
magnifier_update,21961646.858,0.445300001651,0
pointer_move,21961646.8571,0.446499999613,0
input_age_ms,21961653.0733,0.000199999660254,0
magnifier_update,21961653.0751,0.116499997675,0
pointer_move,21961653.0741,0.117699999362,0
input_age_ms,21961654.7209,0.000199999660254,0
magnifier_update,21961654.7223,0.467199999839,0
pointer_move,21961654.7213,0.468400001526,0
input_age_ms,21961662.7836,0.000199999660254,0
magnifier_update,21961662.7844,0.42159999907,0
pointer_move,21961662.7839,0.422299999744,0
input_age_ms,21961669.517,0.000299997627735,0
magnifier_update,21961669.5185,0.125700000674,0
pointer_move,21961669.5175,0.12690000236,0
input_age_ms,21961670.8231,0.000199999660254,0
magnifier_update,21961670.8241,0.516699999571,0
pointer_move,21961670.8235,0.517499998212,0
input_age_ms,21961678.9151,0.000299997627735,0
magnifier_update,21961678.9168,0.457600001246,0
pointer_move,21961678.9155,0.45910000056,0
input_age_ms,21961686.7066,0.000399999320507,0
magnifier_update,21961686.7082,0.137899998575,0
pointer_move,21961686.7074,0.138899996877,0
input_age_ms,21961687.0312,0.000199999660254,0
magnifier_update,21961687.032,0.627000000328,0
pointer_move,21961687.0316,0.627600003034,0
input_age_ms,21961694.8789,0.000199999660254,0
magnifier_update,21961694.8801,0.470599997789,0
pointer_move,21961694.8793,0.471600003541,0
input_age_ms,21961702.685,0.000199999660254,0
magnifier_update,21961702.6862,0.126899998635,0
pointer_move,21961702.6854,0.127899996936,0
input_age_ms,21961702.9012,0,0
magnifier_update,21961702.9015,0.445499997586,0
pointer_move,21961702.9013,0.445900000632,0
input_age_ms,21961710.8097,0.000199999660254,0
magnifier_update,21961710.8105,0.403200000525,0
pointer_move,21961710.81,0.403900001198,0
input_age_ms,21961719.9997,0.000300001353025,0
magnifier_update,21961720.0009,0.508600000292,0
pointer_move,21961720.0002,0.509599998593,0
input_age_ms,21961720.9155,0.000199999660254,0
magnifier_update,21961720.9163,0.0934999994934,0
pointer_move,21961720.9159,0.0940000005066,0
input_age_ms,21961736.0504,0.000300001353025,0
magnifier_update,21961736.0517,0.149300001562,0
pointer_move,21961736.0509,0.150299999863,0
input_age_ms,21961750.892,0.000299997627735,0
magnifier_update,21961750.8942,0.532299999148,0
pointer_move,21961750.8925,0.534400001168,0
input_age_ms,21961759.3454,0.000299997627735,0
magnifier_update,21961759.3519,0.491099998355,0
pointer_move,21961759.3465,0.496899999678,0
input_age_ms,21961769.5995,0.000300001353025,0
magnifier_update,21961769.6008,0.500599998981,0
pointer_move,21961769.6,0.501899998635,0
input_age_ms,21961770.4562,0.000199999660254,0
magnifier_update,21961770.4569,0.0927999988198,0
pointer_move,21961770.4565,0.0933999978006,0
input_age_ms,21961775.3824,0.000199999660254,0
magnifier_update,21961775.3834,0.444099999964,0
pointer_move,21961775.3828,0.444899998605,0
input_age_ms,21961786.0031,0.000199999660254,0
magnifier_update,21961786.0049,0.492899999022,0
pointer_move,21961786.0036,0.49489999935,0
input_age_ms,21961786.8796,0.000199999660254,0
magnifier_update,21961786.8804,0.0948000028729,0
pointer_move,21961786.88,0.0953000001609,0
input_age_ms,21961791.3845,0.000199999660254,0
magnifier_update,21961791.3855,0.470400001854,0
pointer_move,21961791.3849,0.471200000495,0
input_age_ms,21961798.8986,0.000199999660254,0
magnifier_update,21961798.8995,0.558399997652,0
pointer_move,21961798.8989,0.559600003064,0
input_age_ms,21961803.3039,0.000199999660254,0
magnifier_update,21961803.3058,0.117200002074,0
pointer_move,21961803.3044,0.118799999356,0
input_age_ms,21961807.4035,0.000300001353025,0
magnifier_update,21961807.4051,0.482900001109,0
pointer_move,21961807.404,0.484200000763,0
input_age_ms,21961815.7931,0.000700000673532,0
magnifier_update,21961815.7963,1.53099999949,0
pointer_move,21961815.7945,1.53399999812,0
input_age_ms,21961826.5863,0.000700000673532,15
magnifier_update,21961826.5899,1.27200000361,0
pointer_move,21961826.5881,1.2744999975,0
input_age_ms,21961828.5516,0.000399999320507,0
magnifier_update,21961828.5537,0.300999999046,0
pointer_move,21961828.5524,0.302900001407,0
input_age_ms,21961831.2591,0.000299997627735,0
magnifier_update,21961831.2607,0.861100003123,0
pointer_move,21961831.2597,0.862599998713,0
input_age_ms,21961838.0467,0.000299997627735,0
magnifier_update,21961838.0486,0.224100001156,0
pointer_move,21961838.0473,0.23429999873,0
input_age_ms,21961839.2777,0.000799998641014,0
magnifier_update,21961839.2798,0.768999997526,0
pointer_move,21961839.2788,0.770500000566,0
input_age_ms,21961847.0534,0.000300001353025,0
magnifier_update,21961847.0549,0.588799998164,0
pointer_move,21961847.0539,0.590199999511,0
input_age_ms,21961853.8867,0.000199999660254,0
magnifier_update,21961853.8887,0.142299998552,0
pointer_move,21961853.8873,0.143899999559,0
input_age_ms,21961854.851,0.000199999660254,16
magnifier_update,21961854.8517,0.450699999928,0
pointer_move,21961854.8514,0.451200000942,0
input_age_ms,21961862.7884,9.99979674816e-05,0
magnifier_update,21961862.7895,0.409299999475,0
pointer_move,21961862.7886,0.41039999947,0
input_age_ms,21961869.886,0.000399999320507,0
magnifier_update,21961869.8884,0.131599999964,0
pointer_move,21961869.8868,0.133400000632,0
input_age_ms,21961870.7773,0.000199999660254,15
magnifier_update,21961870.7781,0.501800000668,0
pointer_move,21961870.7777,0.502399999648,0
input_age_ms,21961878.8552,0.000199999660254,0
magnifier_update,21961878.8563,0.434099998325,0
pointer_move,21961878.8555,0.435100000352,0
input_age_ms,21961886.3513,0.000199999660254,0
magnifier_update,21961886.3525,0.118200000376,0
pointer_move,21961886.3518,0.119100000709,0
input_age_ms,21961910.8938,0.000199999660254,0
magnifier_update,21961910.8956,0.508200000972,0
pointer_move,21961910.8943,0.509700000286,0
input_age_ms,21961919.9636,0.000400003045797,0
magnifier_update,21961919.9651,0.524699997157,0
pointer_move,21961919.9642,0.525899998844,0
input_age_ms,21961921.7007,0.000300001353025,0
magnifier_update,21961921.7028,0.342400003225,0
pointer_move,21961921.7014,0.344000000507,0
input_age_ms,21961926.8702,0.000199999660254,0
magnifier_update,21961926.8714,0.467000000179,0
pointer_move,21961926.8706,0.468100000173,0
input_age_ms,21961936.6226,0.000300001353025,0
magnifier_update,21961936.624,0.503199998289,0
pointer_move,21961936.6232,0.504300002009,0
input_age_ms,21961937.3866,0.000100001692772,0
magnifier_update,21961937.3873,0.0932999998331,0
pointer_move,21961937.3868,0.0939000025392,0
input_age_ms,21961942.8307,0.000199999660254,0
magnifier_update,21961942.8314,0.398600000888,0
pointer_move,21961942.8311,0.399100001901,0
input_age_ms,21961953.3166,0.000300001353025,0
magnifier_update,21961953.3183,0.685899998993,0
pointer_move,21961953.3173,0.687200002372,0
input_age_ms,21961954.2491,0.000100001692772,0
magnifier_update,21961954.2504,0.102800000459,0
pointer_move,21961954.2496,0.103700000793,0
input_age_ms,21961958.8341,0.000199999660254,0
magnifier_update,21961958.8349,0.492100000381,0
pointer_move,21961958.8345,0.492800001055,0
input_age_ms,21961969.7674,0.000300001353025,0
magnifier_update,21961969.7686,0.494600001723,0
pointer_move,21961969.768,0.495400000364,0
input_age_ms,21961970.6413,9.99979674816e-05,0
magnifier_update,21961970.6419,0.0912999995053,0
pointer_move,21961970.6415,0.0918000005186,0
input_age_ms,21961986.3755,0.000199999660254,0
magnifier_update,21961986.377,0.523299999535,0
pointer_move,21961986.3759,0.524599999189,0
input_age_ms,21961987.2125,0.000199999660254,0
magnifier_update,21961987.2133,0.0989999994636,0
pointer_move,21961987.2129,0.0994999967515,0
input_age_ms,21961992.0065,0.000300001353025,0
magnifier_update,21961992.0076,0.484300002456,0
pointer_move,21961992.007,0.485100001097,0
input_age_ms,21962002.6464,0.000299997627735,0
magnifier_update,21962002.6486,0.13010000065,0
pointer_move,21962002.647,0.131900001317,0
input_age_ms,21962014.9489,0.000199999660254,0
magnifier_update,21962014.9501,0.497199997306,0
pointer_move,21962014.9493,0.498300001025,0
input_age_ms,21962030.9181,0.000199999660254,0
magnifier_update,21962030.9199,0.480299998075,0
pointer_move,21962030.9186,0.481800001115,0
input_age_ms,21962037.6146,0.000300001353025,0
magnifier_update,21962037.6161,0.231200002134,0
pointer_move,21962037.6152,0.232400000095,0
input_age_ms,21962054.8395,0.000199999660254,0
magnifier_update,21962054.8408,0.483600001782,0
pointer_move,21962054.8399,0.485000003129,0
input_age_ms,21962069.4666,0.000299997627735,0
magnifier_update,21962069.468,0.124300003052,0
pointer_move,21962069.4671,0.125400003046,0
input_age_ms,21962070.7747,0.000199999660254,0
magnifier_update,21962070.7762,0.469799999148,0
pointer_move,21962070.775,0.471300002187,0
input_age_ms,21962086.1566,0.000400003045797,0
magnifier_update,21962086.1581,0.134499996901,0
pointer_move,21962086.1572,0.135699998587,0
input_age_ms,21962151.0172,0.000199999660254,0
magnifier_update,21962151.0186,1.04150000215,0
pointer_move,21962151.0177,1.0431999974,0
draw_commands,21962155.1242,0.362799998373,0
end_draw,21962155.4872,0.246100001037,1
present,21962155.7334,0.390300001949,1
paint,21962155.1126,1.01130000129,1
input_age_ms,21962166.5137,0.000299997627735,0
draw_commands,21962166.5669,0.429200001061,0
end_draw,21962166.9963,0.477899998426,1
present,21962167.4743,0.15509999916,1
paint,21962166.5547,1.07490000129,1
pointer_move,21962166.5146,1.15320000052,1
input_age_ms,21962169.94,0.000399999320507,0
frame_deferred,21962169.981,0.000100001692772,0
paint,21962169.9788,0.00239999964833,1
pointer_move,21962169.9406,0.055799998343,1
input_age_ms,21962174.5261,0.000600002706051,0
frame_deferred,21962174.5601,9.99979674816e-05,0
paint,21962174.558,0.00260000303388,1
pointer_move,21962174.5272,0.0459000021219,1
input_age_ms,21962182.7337,0.000399999320507,16
draw_commands,21962182.8176,0.405899997801,0
end_draw,21962183.2237,0.389099996537,1
present,21962183.613,0.0864999964833,1
paint,21962182.804,0.895700000226,1
pointer_move,21962182.7344,1.0075000003,1
input_age_ms,21962191.6412,0.000300001353025,0
frame_deferred,21962191.9204,0.000199999660254,0
paint,21962191.9185,0.00230000168085,1
pointer_move,21962191.6417,0.398400001228,1
input_age_ms,21962198.5524,0.000199999660254,0
frame_deferred,21962198.5862,0.000100001692772,0
paint,21962198.5843,0.00209999829531,1
pointer_move,21962198.5529,0.0463999994099,1
input_age_ms,21962206.593,0.000300001353025,0
draw_commands,21962206.6382,0.336500000209,0
end_draw,21962206.9747,0.443500000983,1
present,21962207.4183,0.0670999996364,1
paint,21962206.6289,0.856600001454,1
pointer_move,21962206.5937,0.916600000113,1
input_age_ms,21962215.242,0.000300001353025,0
frame_deferred,21962215.4475,0.000199999660254,0
paint,21962215.4453,0.00259999930859,1
pointer_move,21962215.2425,0.281599998474,1
input_age_ms,21962222.7273,0.000399999320507,0
draw_commands,21962222.7774,0.365400001407,0
end_draw,21962223.1428,0.607000000775,1
present,21962223.7502,0.140500001609,1
paint,21962222.7664,1.12450000271,1
pointer_move,21962222.7282,1.48050000146,1
input_age_ms,21962230.6367,0.000399999320507,0
frame_deferred,21962230.676,0,0
paint,21962230.6729,0.00320000201464,1
pointer_move,21962230.6376,0.0529999993742,1
input_age_ms,21962238.7144,0.000399999320507,0
draw_commands,21962238.7735,0.370000001043,0
end_draw,21962239.1436,0.277600001544,1
present,21962239.4213,0.070799998939,1
paint,21962238.7611,0.731199998409,1
pointer_move,21962238.715,0.909400001168,1
input_age_ms,21962246.6035,0.000199999660254,0
frame_deferred,21962246.6407,9.99979674816e-05,0
paint,21962246.638,0.00290000066161,1
pointer_move,21962246.604,0.0498000010848,1
input_age_ms,21962255.0575,0.000399999320507,0
draw_commands,21962255.5619,0.3321999982,0
end_draw,21962255.8942,0.230299998075,1
present,21962256.1246,0.0819999985397,1
paint,21962255.5519,0.654800001532,1
pointer_move,21962255.0581,1.1884999983,1
input_age_ms,21962262.6192,0.000300001353025,0
frame_deferred,21962262.7664,0.000200003385544,0
paint,21962262.7644,0.00259999930859,1
pointer_move,21962262.6198,0.159499999136,1
input_age_ms,21962270.7101,0.000399999320507,0
draw_commands,21962270.7552,0.36590000242,0
end_draw,21962271.1212,0.227700002491,1
present,21962271.349,0.0650999993086,1
paint,21962270.7441,0.670099999756,1
pointer_move,21962270.711,0.723300002515,1
input_age_ms,21962278.5452,0.000199999660254,0
frame_deferred,21962278.5921,0.000100001692772,0
paint,21962278.5888,0.00360000133514,1
pointer_move,21962278.5457,0.062800001353,1
input_age_ms,21962286.5539,0.000399999320507,0
draw_commands,21962286.6012,0.355599999428,0
end_draw,21962286.9569,0.232200000435,1
present,21962287.1891,0.0665999986231,1
paint,21962286.5902,0.665600001812,1
pointer_move,21962286.5547,0.721700001508,1
input_age_ms,21962294.5358,0.000300001353025,0
frame_deferred,21962294.5666,0.000100001692772,0
paint,21962294.5642,0.00259999930859,1
pointer_move,21962294.5368,0.0436000004411,1
input_age_ms,21962302.5741,0.000399999320507,0
draw_commands,21962302.6122,0.324500001967,0
end_draw,21962302.9368,0.208300001919,1
present,21962303.1452,0.0613000020385,1
paint,21962302.6027,0.604000002146,1
pointer_move,21962302.5747,0.650899998844,1
input_age_ms,21962310.5822,0.000300001353025,0
frame_deferred,21962310.6222,9.99979674816e-05,0
paint,21962310.6198,0.00269999727607,1
pointer_move,21962310.5827,0.0512000024319,1
input_age_ms,21962318.5837,0.000499997287989,0
draw_commands,21962318.7268,0.46950000152,0
end_draw,21962319.1964,0.406700000167,1
present,21962319.6032,0.0835000015795,1
paint,21962318.7169,0.970100000501,1
pointer_move,21962318.5845,1.21609999985,1
input_age_ms,21962326.5082,0.000299997627735,0
frame_deferred,21962326.5459,0.000100001692772,0
paint,21962326.5439,0.00219999998808,1
pointer_move,21962326.5087,0.0504000000656,1
input_age_ms,21962334.6783,0.000299997627735,0
draw_commands,21962334.7344,0.379900000989,0
end_draw,21962335.1144,0.215399999171,1
present,21962335.3299,0.0634999983013,1
paint,21962334.7262,0.667399998754,1
pointer_move,21962334.6789,0.740400001407,1
input_age_ms,21962342.5404,0.000200003385544,0
frame_deferred,21962342.5755,9.99979674816e-05,0
paint,21962342.5718,0.00379999727011,1
pointer_move,21962342.5408,0.0468999966979,1
input_age_ms,21962350.8754,0.000500001013279,0
draw_commands,21962350.9318,0.407499998808,0
end_draw,21962351.3394,0.281899999827,1
present,21962351.6213,0.0863000005484,1
paint,21962350.9181,0.789799999446,1
pointer_move,21962350.8761,0.869199998677,1
input_age_ms,21962358.5004,0.000300001353025,0
frame_deferred,21962358.5373,9.99979674816e-05,0
paint,21962358.5347,0.00270000100136,1
pointer_move,21962358.501,0.0495000034571,1
input_age_ms,21962366.5701,0.000500001013279,0
draw_commands,21962366.7993,0.41059999913,0
end_draw,21962367.2101,0.647800002247,1
present,21962367.858,0.185600001365,1
paint,21962366.6127,1.4310999997,1
pointer_move,21962366.5709,1.50840000063,1
input_age_ms,21962374.513,0.000399999320507,0
frame_deferred,21962374.5484,0,0
paint,21962374.5459,0.00260000303388,1
pointer_move,21962374.5137,0.047800000757,1
input_age_ms,21962382.5806,0.000399999320507,0
draw_commands,21962382.6336,0.413399998099,0
end_draw,21962383.0472,0.840499997139,1
present,21962383.888,0.0940000005066,1
paint,21962382.6185,1.36369999871,1
pointer_move,21962382.5817,1.43699999899,1
input_age_ms,21962390.5818,0.000300001353025,0
frame_deferred,21962390.6197,0.000100001692772,0
paint,21962390.6171,0.00279999896884,1
pointer_move,21962390.5824,0.0512999966741,1
input_age_ms,21962398.5131,0.000300001353025,0
frame_deferred,21962398.5456,0,0
paint,21962398.5433,0.00239999964833,1
pointer_move,21962398.5136,0.0446000024676,1
input_age_ms,21962406.5825,0.000300001353025,0
draw_commands,21962406.6266,0.325799997896,0
end_draw,21962406.9524,0.225700002164,1
present,21962407.1782,0.0557000003755,1
paint,21962406.6168,0.617200002074,1
pointer_move,21962406.5831,0.668300002813,1
input_age_ms,21962414.5644,0.000300001353025,0
frame_deferred,21962414.6006,0,0
paint,21962414.5985,0.00219999998808,1
pointer_move,21962414.565,0.0482000000775,1
input_age_ms,21962422.5861,0.000299997627735,0
draw_commands,21962422.63,0.339900001884,0
end_draw,21962422.97,0.196299999952,1
present,21962423.1664,0.0650000013411,1
paint,21962422.6206,0.610899999738,1
pointer_move,21962422.5866,0.663900002837,1
input_age_ms,21962430.5678,0.000300001353025,0
frame_deferred,21962430.6046,0,0
paint,21962430.6022,0.00249999761581,1
pointer_move,21962430.5683,0.0500999987125,1
input_age_ms,21962438.584,0.000300001353025,0
draw_commands,21962438.6275,0.31609999761,0
end_draw,21962438.9437,0.232400000095,1
present,21962439.1762,0.0565000027418,1
paint,21962438.6178,0.614999998361,1
pointer_move,21962438.5845,0.666700001806,1
input_age_ms,21962446.5539,0.000300001353025,0
frame_deferred,21962446.5877,0.000100001692772,0
paint,21962446.5857,0.00219999998808,1
pointer_move,21962446.5545,0.0459000021219,1
input_age_ms,21962454.5683,0.000299997627735,0
draw_commands,21962454.6149,0.33960000053,0
end_draw,21962454.9546,0.210300002247,1
present,21962455.165,0.0656000003219,1
paint,21962454.6052,0.625500001013,1
pointer_move,21962454.5688,0.681400001049,1
input_age_ms,21962462.5525,0.000300001353025,0
frame_deferred,21962462.586,0,0
paint,21962462.5842,0.00190000236034,1
pointer_move,21962462.553,0.0465000011027,1
input_age_ms,21962470.5663,0.000299997627735,0
draw_commands,21962470.6096,0.328699998558,0
end_draw,21962470.9384,0.190999999642,1
present,21962471.1295,0.0594999976456,1
paint,21962470.5996,0.589500002563,1
pointer_move,21962470.5669,0.639699999243,1
input_age_ms,21962478.5543,0.000300001353025,0
frame_deferred,21962478.5886,0,0
paint,21962478.5867,0.00200000032783,1
pointer_move,21962478.5548,0.0465999990702,1
input_age_ms,21962486.5511,0.000299997627735,0
draw_commands,21962486.5952,0.31780000031,0
end_draw,21962486.913,0.212700001895,1
present,21962487.1258,0.0654000006616,1
paint,21962486.5856,0.605599999428,1
pointer_move,21962486.5516,0.811699997634,1
input_age_ms,21962494.5674,0.000299997627735,0
frame_deferred,21962494.6002,9.99979674816e-05,0
paint,21962494.5987,0.00189999863505,1
pointer_move,21962494.5679,0.0457000024617,1
input_age_ms,21962606.583,0.000299997627735,0
draw_commands,21962606.6289,0.315500002354,0
end_draw,21962606.9445,0.196200001985,1
present,21962607.1408,0.0725999996066,1
paint,21962606.6184,0.594999998808,1
pointer_move,21962606.5835,0.648099999875,1
input_age_ms,21962615.2685,0.000300001353025,0
frame_deferred,21962615.3093,9.99979674816e-05,0
paint,21962615.3071,0.00249999761581,1
pointer_move,21962615.2691,0.0875000022352,1
input_age_ms,21962622.5766,0.000300001353025,0
draw_commands,21962622.6206,0.328499998897,0
end_draw,21962622.9492,0.191399998963,1
present,21962623.1407,0.0747999995947,1
paint,21962622.6105,0.605099998415,1
pointer_move,21962622.5771,0.656599998474,1
input_age_ms,21962630.6307,0.000399999320507,0
frame_deferred,21962630.6773,0.000100001692772,0
paint,21962630.6747,0.00279999896884,1
pointer_move,21962630.6317,0.0593999996781,1
input_age_ms,21962638.5769,0.000299997627735,0
draw_commands,21962638.6214,0.32880000025,0
end_draw,21962638.9503,0.215599998832,1
present,21962639.166,0.0535000003874,1
paint,21962638.6116,0.607999999076,1
pointer_move,21962638.5775,0.660299997777,1
input_age_ms,21962646.6824,0.000199999660254,0
frame_deferred,21962646.7243,9.99979674816e-05,0
paint,21962646.7221,0.00249999761581,1
pointer_move,21962646.6828,0.061700001359,1
input_age_ms,21962654.5965,0.000299997627735,0
draw_commands,21962654.6408,0.321499999613,0
end_draw,21962654.9624,0.217299997807,1
present,21962655.1798,0.0630999989808,1
paint,21962654.6308,0.612199999392,1
pointer_move,21962654.597,0.663100000471,1
input_age_ms,21962662.8194,0.000299997627735,0
frame_deferred,21962662.9314,9.99979674816e-05,0
paint,21962662.9297,0.00200000032783,1
pointer_move,21962662.8199,0.135700002313,1
input_age_ms,21962670.604,0.000300001353025,0
draw_commands,21962670.6474,0.337099999189,0
end_draw,21962670.9846,0.217900000513,1
present,21962671.2026,0.0600000023842,1
paint,21962670.6399,0.622800000012,1
pointer_move,21962670.6048,0.675999999046,1
input_age_ms,21962678.51,0.000199999660254,0
frame_deferred,21962678.5448,0,0
paint,21962678.543,0.00189999863505,1
pointer_move,21962678.5104,0.0469999983907,1
input_age_ms,21962686.5837,0.000299997627735,0
draw_commands,21962686.6268,0.324999999255,0
end_draw,21962686.9519,0.225399997085,1
present,21962687.1773,0.0524000003934,1
paint,21962686.6163,0.613499999046,1
pointer_move,21962686.5842,0.663800001144,1
input_age_ms,21962694.4936,0.000399999320507,0
frame_deferred,21962694.5301,0.000100001692772,0
paint,21962694.528,0.00229999795556,1
pointer_move,21962694.4945,0.0483999997377,1
input_age_ms,21962702.5537,0.000500001013279,0
draw_commands,21962702.6097,0.390999998897,0
end_draw,21962703.001,0.333800002933,1
present,21962703.3349,0.074500001967,1
paint,21962702.5968,0.812800001353,1
pointer_move,21962702.5546,0.88369999826,1
input_age_ms,21962710.5971,0.000299997627735,0
frame_deferred,21962710.6348,0.000100001692772,0
paint,21962710.6327,0.00490000098944,1
pointer_move,21962710.5976,0.0527999997139,1
input_age_ms,21962718.5594,0.000500001013279,0
draw_commands,21962718.6111,0.399300001562,0
end_draw,21962719.0105,0.42820000276,1
present,21962719.4388,0.0758999995887,1
paint,21962718.6003,0.914599999785,1
pointer_move,21962718.5603,1.51579999924,1
input_age_ms,21962726.6263,0.000399999320507,0
frame_deferred,21962726.6639,0.000100001692772,0
paint,21962726.6616,0.00249999761581,1
pointer_move,21962726.6269,0.0508000031114,1
input_age_ms,21962734.5772,0.000500001013279,0
draw_commands,21962734.6258,0.357200000435,0
end_draw,21962734.9831,0.240499999374,1
present,21962735.2237,0.0617999993265,1
paint,21962734.614,0.67159999907,1
pointer_move,21962734.578,1.79789999872,1
input_age_ms,21962758.527,0.000300001353025,0
draw_commands,21962758.5704,0.325399998575,0
end_draw,21962758.8959,0.222500000149,1
present,21962759.1185,0.0609999969602,1
paint,21962758.5606,0.618999999017,1
pointer_move,21962758.5275,0.669300001115,1
input_age_ms,21962766.6176,0.000900000333786,0
draw_commands,21962766.7644,0.41079999879,0
end_draw,21962767.1754,0.264100000262,1
present,21962767.4396,0.0752000026405,1
paint,21962766.7514,0.763499997556,1
pointer_move,21962766.6195,0.929299999028,1
input_age_ms,21962774.5554,0.000300001353025,0
frame_deferred,21962774.5894,9.99979674816e-05,0
paint,21962774.587,0.00259999930859,1
pointer_move,21962774.5559,0.0463999994099,1
input_age_ms,21962782.685,0.000500001013279,0
draw_commands,21962782.7334,0.421500001103,0
end_draw,21962783.155,0.262899998575,1
present,21962783.418,0.0797999985516,1
paint,21962782.7197,0.778299998492,1
pointer_move,21962782.6858,0.845699999481,1
input_age_ms,21962790.5232,0.000199999660254,0
frame_deferred,21962790.5577,9.99979674816e-05,0
paint,21962790.5555,0.00239999964833,1
pointer_move,21962790.5237,0.0468000024557,1
input_age_ms,21962798.5216,0.000299997627735,0
frame_deferred,21962798.5487,9.99979674816e-05,0
paint,21962798.547,0.00180000066757,1
pointer_move,21962798.522,0.0381999984384,1
input_age_ms,21962806.5801,0.000300001353025,0
draw_commands,21962806.6234,0.333100002259,0
end_draw,21962806.9566,0.225299999118,1
present,21962807.182,0.0608000010252,1
paint,21962806.6137,0.629200000316,1
pointer_move,21962806.5807,0.680900000036,1
input_age_ms,21962814.5396,0.000100001692772,0
frame_deferred,21962814.5666,0.000100001692772,0
paint,21962814.5653,0.00149999931455,1
pointer_move,21962814.54,0.0384000018239,1
input_age_ms,21962822.5803,0.000799998641014,0
draw_commands,21962822.6216,0.311700001359,0
end_draw,21962822.9334,0.224299997091,1
present,21962823.1577,0.0646999999881,1
paint,21962822.6137,0.608800001442,1
pointer_move,21962822.5814,0.657999999821,1
input_age_ms,21962830.5677,0.000300001353025,0
frame_deferred,21962830.6012,0,0
paint,21962830.5994,0.00190000236034,1
pointer_move,21962830.5682,0.0452000014484,1
input_age_ms,21962838.5805,0.000300001353025,0
draw_commands,21962838.627,0.331700000912,0
end_draw,21962838.9588,0.217500001192,1
present,21962839.1764,0.0612000003457,1
paint,21962838.6164,0.621300000697,1
pointer_move,21962838.5815,0.673499997705,1
input_age_ms,21962846.562,0.000199999660254,0
frame_deferred,21962846.5933,0,0
paint,21962846.5913,0.0021000020206,1
pointer_move,21962846.5624,0.0431000031531,1
input_age_ms,21962854.6269,0.000700000673532,16
draw_commands,21962854.6897,0.351300001144,0
end_draw,21962855.0411,0.234700001776,1
present,21962855.2758,0.0623000003397,1
paint,21962854.6754,0.662799999118,1
pointer_move,21962854.6282,0.728100001812,1
input_age_ms,21962862.589,9.99979674816e-05,0
frame_deferred,21962862.6237,0,0
paint,21962862.6214,0.00239999964833,1
pointer_move,21962862.5897,0.0464000031352,1
input_age_ms,21962870.574,0.000299997627735,0
draw_commands,21962870.6149,0.309099998325,0
end_draw,21962870.9241,0.215500000864,1
present,21962871.1396,0.0620999969542,1
paint,21962870.6075,0.594299998134,1
pointer_move,21962870.5745,0.644200000912,1
input_age_ms,21962878.5409,0.000800002366304,0
frame_deferred,21962878.5706,0.000100001692772,0
paint,21962878.5691,0.0016999989748,1
pointer_move,21962878.5419,0.0405999980867,1
input_age_ms,21962886.5903,0.000299997627735,0
draw_commands,21962886.6363,0.318399999291,0
end_draw,21962886.9548,0.210900001228,1
present,21962887.1657,0.0502999983728,1
paint,21962886.6256,0.590500000864,1
pointer_move,21962886.5909,0.643100000918,1
input_age_ms,21962894.5863,0.000199999660254,0
frame_deferred,21962894.6201,0.000100001692772,0
paint,21962894.618,0.00229999795556,1
pointer_move,21962894.5867,0.0465000011027,1
input_age_ms,21962902.5881,0.000199999660254,0
draw_commands,21962902.6292,0.320199999958,0
end_draw,21962902.9494,0.210200000554,1
present,21962903.1596,0.0599000006914,1
paint,21962902.6222,0.597399998456,1
pointer_move,21962902.5886,0.647800002247,1
input_age_ms,21962910.5267,0.000199999660254,0
frame_deferred,21962910.5543,0.000100001692772,0
paint,21962910.5523,0.00219999998808,1
pointer_move,21962910.5271,0.0384999997914,1
input_age_ms,21962927.7591,0.000299997627735,0
draw_commands,21962928.1119,0.32709999755,0
end_draw,21962928.4391,0.23389999941,1
present,21962928.6731,0.0676000006497,1
paint,21962928.1018,0.639000002295,1
pointer_move,21962927.7596,0.996800001711,1
input_age_ms,21962942.7713,0.000300001353025,0
draw_commands,21962942.9791,0.330800000578,0
end_draw,21962943.3101,0.214899998158,1
present,21962943.5251,0.0672000013292,1
paint,21962942.9683,0.627199999988,1
pointer_move,21962942.7719,0.844100002199,1
input_age_ms,21962950.5781,0.000500001013279,0
draw_commands,21962950.634,0.410500001162,0
end_draw,21962951.0446,0.245500002056,1
present,21962951.2902,0.0819000005722,1
paint,21962950.6214,0.751000002027,1
pointer_move,21962950.5788,0.826200000942,1
input_age_ms,21962958.5011,0.000300001353025,0
frame_deferred,21962958.6156,0.000199999660254,0
paint,21962958.613,0.00289999693632,1
pointer_move,21962958.5016,0.127999998629,1
input_age_ms,21962966.6159,0.000400003045797,0
draw_commands,21962966.6694,0.38560000062,0
end_draw,21962967.055,0.312899999321,1
present,21962967.3679,0.0621000006795,1
paint,21962966.6558,0.774399999529,1
pointer_move,21962966.6167,0.848400000483,1
input_age_ms,21962974.8857,0.000300001353025,0
frame_deferred,21962975.0107,0.000199999660254,0
paint,21962975.008,0.00319999828935,1
pointer_move,21962974.8864,0.180600002408,1
input_age_ms,21962982.6312,0.000399999320507,0
draw_commands,21962982.6791,0.406500000507,0
end_draw,21962983.0858,0.269299998879,1
present,21962983.3551,0.0629000030458,1
paint,21962982.6669,0.751399997622,1
pointer_move,21962982.6318,0.818300001323,1
input_age_ms,21962990.5724,0.000300001353025,0
frame_deferred,21962990.6101,9.99979674816e-05,0
paint,21962990.6072,0.00299999862909,1
pointer_move,21962990.5729,0.0498999990523,1
input_age_ms,21962998.5234,0.000299997627735,0
frame_deferred,21962998.5581,0.000100001692772,0
paint,21962998.5558,0.00240000337362,1
pointer_move,21962998.5239,0.0468000024557,1
input_age_ms,21963006.5542,0.000399999320507,0
draw_commands,21963006.6046,0.375599998981,0
end_draw,21963006.9803,0.247800000012,1
present,21963007.2281,0.0658999979496,1
paint,21963006.5933,0.700800001621,1
pointer_move,21963006.5549,0.761099997908,1
input_age_ms,21963014.7365,0.000300001353025,0
frame_deferred,21963014.7915,0.000100001692772,0
paint,21963014.789,0.00279999896884,1
pointer_move,21963014.737,0.0678000003099,1
input_age_ms,21963022.5455,0.000300001353025,0
draw_commands,21963022.5906,0.330800000578,0
end_draw,21963022.9214,0.237100001425,1
present,21963023.1585,0.0660999976099,1
paint,21963022.5799,0.644799999893,1
pointer_move,21963022.546,0.698199998587,1
input_age_ms,21963030.5512,0.000199999660254,0
frame_deferred,21963030.5878,0.000100001692772,0
paint,21963030.5857,0.00219999998808,1
pointer_move,21963030.5516,0.0494999997318,1
input_age_ms,21963038.632,0.000500001013279,0
draw_commands,21963038.7226,0.438699997962,0
end_draw,21963039.1615,0.252599999309,1
present,21963039.4142,0.0734999999404,1
paint,21963038.6906,0.797199998051,1
pointer_move,21963038.6328,0.879399999976,1
input_age_ms,21963046.6308,0.000299997627735,0
frame_deferred,21963046.7108,0.000100001692772,0
paint,21963046.7081,0.00300000235438,1
pointer_move,21963046.6313,0.129100002348,1
input_age_ms,21963054.5501,0.000300001353025,0
draw_commands,21963054.5918,0.321899998933,0
end_draw,21963054.9138,0.230799999088,1
present,21963055.1446,0.0590999983251,1
paint,21963054.5824,0.621299996972,1
pointer_move,21963054.5506,0.675599999726,1
input_age_ms,21963062.5976,0.000299997627735,0
frame_deferred,21963062.6297,9.99979674816e-05,0
paint,21963062.6277,0.00219999998808,1
pointer_move,21963062.5982,0.0443999990821,1
input_age_ms,21963070.5466,0.000300001353025,0
draw_commands,21963070.5929,0.320799998939,0
end_draw,21963070.9138,0.235799998045,1
present,21963071.1497,0.0597999989986,1
paint,21963070.5817,0.627900000662,1
pointer_move,21963070.5471,0.679699998349,1
input_age_ms,21963078.596,0.000299997627735,0
frame_deferred,21963078.6313,0,0
paint,21963078.6292,0.00219999998808,1
pointer_move,21963078.5966,0.0472000017762,1
input_age_ms,21963086.6035,0.000399999320507,0
draw_commands,21963086.6503,0.327800001949,0
end_draw,21963086.9782,0.239300001413,1
present,21963087.2175,0.0663999989629,1
paint,21963086.6393,0.644799999893,1
pointer_move,21963086.6041,0.701400000602,1
input_age_ms,21963110.5595,0.000299997627735,0
draw_commands,21963110.6053,0.360899999738,0
end_draw,21963110.9663,0.223700001836,1
present,21963111.1901,0.0666000023484,1
paint,21963110.595,0.661800000817,1
pointer_move,21963110.56,0.718800000846,1
input_age_ms,21963118.5696,0.000399999320507,0
draw_commands,21963118.6239,0.392000000924,0
end_draw,21963119.016,0.488700002432,1
present,21963119.5048,0.0974000021815,1
paint,21963118.6139,0.988600000739,1
pointer_move,21963118.5703,1.06489999965,1
input_age_ms,21963126.5968,0.000399999320507,0
frame_deferred,21963126.6412,0,0
paint,21963126.6386,0.00270000100136,1
pointer_move,21963126.5974,0.0585000030696,1
input_age_ms,21963134.6087,0.000399999320507,0
draw_commands,21963134.6653,0.396899998188,0
end_draw,21963135.0623,0.229600001127,1
present,21963135.2919,0.0742999985814,1
paint,21963134.6507,0.715800002217,1
pointer_move,21963134.6095,0.872800000012,1
input_age_ms,21963142.5604,0.000399999320507,0
frame_deferred,21963142.5978,9.99979674816e-05,0
paint,21963142.5951,0.00290000066161,1
pointer_move,21963142.5611,0.0494999997318,1
input_age_ms,21963150.6681,0.000399999320507,0
draw_commands,21963150.7297,0.42650000006,0
end_draw,21963151.1564,0.267100002617,1
present,21963151.4239,0.0913999974728,1
paint,21963150.7153,0.800200000405,1
pointer_move,21963150.6689,0.877499997616,1
input_age_ms,21963158.5708,0.000399999320507,0
frame_deferred,21963158.6116,9.99979674816e-05,0
paint,21963158.6092,0.00279999896884,1
pointer_move,21963158.5714,0.0556999966502,1
input_age_ms,21963166.6051,0.000400003045797,0
draw_commands,21963166.6857,0.405200000852,0
end_draw,21963167.0911,0.524000000209,1
present,21963167.6153,0.068900000304,1
paint,21963166.6726,1.01239999756,1
pointer_move,21963166.6058,1.11850000173,1
input_age_ms,21963174.614,0.000199999660254,0
frame_deferred,21963174.6504,9.99979674816e-05,0
paint,21963174.6482,0.00239999964833,1
pointer_move,21963174.6145,0.0497999973595,1
input_age_ms,21963182.665,0.000399999320507,16
draw_commands,21963182.7181,0.398600000888,0
end_draw,21963183.1167,0.261499997228,1
present,21963183.3785,0.0865000002086,1
paint,21963182.704,0.761199999601,1
pointer_move,21963182.6657,0.84430000186,1
input_age_ms,21963190.571,0.000400003045797,0
frame_deferred,21963190.6088,9.99979674816e-05,0
paint,21963190.6066,0.00239999964833,1
pointer_move,21963190.5716,0.0509999990463,1
input_age_ms,21963198.5724,0.000300001353025,0
frame_deferred,21963198.611,9.99979674816e-05,0
paint,21963198.6083,0.00290000066161,1
pointer_move,21963198.5731,0.0509999990463,1
input_age_ms,21963206.5498,0.000399999320507,0
draw_commands,21963206.6012,0.36950000003,0
end_draw,21963206.9708,0.25,1
present,21963207.2209,0.0791000016034,1
paint,21963206.5877,0.712600000203,1
pointer_move,21963206.5505,0.815399996936,1
input_age_ms,21963214.532,0.000399999320507,0
frame_deferred,21963214.6173,0.000100001692772,0
paint,21963214.614,0.00349999964237,1
pointer_move,21963214.5327,0.0992000028491,1
input_age_ms,21963219.7847,0.000500001013279,0
draw_commands,21963219.8468,0.386100001633,0
end_draw,21963220.233,0.380200002342,1
present,21963220.6133,0.0723999999464,1
paint,21963219.8315,0.854399997741,1
pointer_move,21963219.7855,0.94280000031,1
input_age_ms,21963223.2515,0.000300001353025,0
frame_deferred,21963223.2987,9.99979674816e-05,0
paint,21963223.2963,0.00269999727607,1
pointer_move,21963223.252,0.0722999982536,1
input_age_ms,21963254.5503,0.000400003045797,0
draw_commands,21963254.5997,0.371500000358,0
end_draw,21963254.9713,0.347500000149,1
present,21963255.3189,0.0879000015557,1
paint,21963254.5874,0.819600000978,1
pointer_move,21963254.5511,0.894099999219,1
input_age_ms,21963263.0572,0.000799998641014,0
frame_deferred,21963263.199,0.000199999660254,0
paint,21963263.1963,0.00310000032187,1
pointer_move,21963263.0583,0.229200001806,1
input_age_ms,21963270.8964,0.000299997627735,0
draw_commands,21963270.9786,0.353000000119,0
end_draw,21963271.3317,0.328499998897,1
present,21963271.6603,0.0730999968946,1
paint,21963270.9684,0.765200000256,1
pointer_move,21963270.897,0.914500001818,1
input_age_ms,21963278.5354,0.000399999320507,0
frame_deferred,21963278.5765,0.000100001692772,0
paint,21963278.5738,0.00289999693632,1
pointer_move,21963278.536,0.0543000027537,1
input_age_ms,21963288.3953,0.000399999320507,0
frame_deferred,21963288.4304,0.000100001692772,0
paint,21963288.4282,0.00239999964833,1
pointer_move,21963288.3958,0.0802000015974,1
input_age_ms,21963294.6785,0.00140000134706,0
frame_deferred,21963294.738,0,0
paint,21963294.7333,0.00490000098944,1
pointer_move,21963294.6803,0.0742999985814,1
input_age_ms,21963302.9552,0.000399999320507,0
draw_commands,21963303.0016,0.49450000003,0
end_draw,21963303.4964,0.71950000152,1
present,21963304.2161,0.077500000596,1
paint,21963302.9911,1.30260000005,1
pointer_move,21963302.9559,1.3665000014,1
input_age_ms,21963310.5483,0.000399999320507,0
frame_deferred,21963310.5928,0.000199999660254,0
paint,21963310.5902,0.00299999862909,1
pointer_move,21963310.549,0.0603000000119,1
input_age_ms,21963318.584,0.000500001013279,0
draw_commands,21963318.6317,0.372199997306,0
end_draw,21963319.0041,0.881599999964,1
present,21963319.886,0.0854000002146,1
paint,21963318.6208,1.35090000182,1
pointer_move,21963318.5847,1.42489999905,1
input_age_ms,21963326.5165,0.000399999320507,0
frame_deferred,21963326.5517,0.000100001692772,0
paint,21963326.5492,0.00270000100136,1
pointer_move,21963326.5172,0.0483999997377,1
input_age_ms,21963334.5793,0.000299997627735,0
draw_commands,21963334.6267,0.450400002301,0
end_draw,21963335.0773,0.258099999279,1
present,21963335.3355,0.0785000026226,1
paint,21963334.6143,0.799899999052,1
pointer_move,21963334.5799,0.859699998051,1
input_age_ms,21963342.51,0.000299997627735,0
frame_deferred,21963342.5475,0.000100001692772,0
paint,21963342.5454,0.00229999795556,1
pointer_move,21963342.5105,0.0501000024378,1
input_age_ms,21963350.5754,0.000300001353025,0
draw_commands,21963350.6329,0.452100001276,0
end_draw,21963351.0851,0.247999999672,1
present,21963351.3332,0.0696000009775,1
paint,21963350.6186,0.784400001168,1
pointer_move,21963350.5759,0.855200000107,1
input_age_ms,21963366.8599,0.000499997287989,0
draw_commands,21963367.3694,0.379900000989,0
end_draw,21963367.7495,0.242800001055,1
present,21963367.9924,0.0890999995172,1
paint,21963367.3368,0.744999997318,1
pointer_move,21963366.8607,1.25549999997,1
input_age_ms,21963374.5612,0.000500001013279,0
frame_deferred,21963374.609,9.99979674816e-05,0
paint,21963374.6043,0.00490000098944,1
pointer_move,21963374.5621,0.0627999976277,1
input_age_ms,21963390.5414,0.000599998980761,0
draw_commands,21963390.5926,0.344000000507,0
end_draw,21963390.9367,0.24279999733,1
present,21963391.1796,0.0716999992728,1
paint,21963390.5802,0.67119999975,1
pointer_move,21963390.5426,0.731800001115,1
input_age_ms,21963398.7175,0.000399999320507,0
frame_deferred,21963398.7595,0,0
paint,21963398.757,0.00259999930859,1
pointer_move,21963398.7183,0.0544000007212,1
input_age_ms,21963406.5308,0.000599998980761,0
draw_commands,21963406.5822,0.352200001478,0
end_draw,21963406.9345,0.229699999094,1
present,21963407.1643,0.0752000026405,1
paint,21963406.5704,0.669199999422,1
pointer_move,21963406.5317,0.731899999082,1
input_age_ms,21963414.5238,0.000299997627735,0
frame_deferred,21963414.5701,0.000200003385544,0
paint,21963414.5676,0.00299999862909,1
pointer_move,21963414.5243,0.0606999993324,1
input_age_ms,21963422.538,0.000300001353025,0
draw_commands,21963422.5931,0.373599998653,0
end_draw,21963422.9667,0.232900001109,1
present,21963423.1997,0.0732999965549,1
paint,21963422.5816,0.691600002348,1
pointer_move,21963422.5394,0.755199998617,1
input_age_ms,21963430.5173,0.000600002706051,0
frame_deferred,21963430.5562,9.99979674816e-05,0
paint,21963430.5537,0.00259999930859,1
pointer_move,21963430.5182,0.0524000003934,1
input_age_ms,21963438.5045,0.000299997627735,0
draw_commands,21963438.554,0.358099997044,0
end_draw,21963438.9122,0.227200001478,1
present,21963439.1394,0.0646999999881,1
paint,21963438.5425,0.661699999124,1
pointer_move,21963438.5051,0.719999998808,1
input_age_ms,21963446.4967,0.000199999660254,0
frame_deferred,21963446.5337,9.99979674816e-05,0
paint,21963446.5311,0.00269999727607,1
pointer_move,21963446.4972,0.0491000004113,1
input_age_ms,21963454.5447,0.000399999320507,0
draw_commands,21963454.5948,0.357200000435,0
end_draw,21963454.952,0.241700001061,1
present,21963455.1938,0.070300001651,1
paint,21963454.5837,0.680599998683,1
pointer_move,21963454.5454,0.743999999017,1
input_age_ms,21963462.5169,0.000800002366304,0
frame_deferred,21963462.5626,9.99979674816e-05,0
paint,21963462.5605,0.00270000100136,1
pointer_move,21963462.5179,0.0598999969661,1
input_age_ms,21963470.5146,0.000299997627735,0
draw_commands,21963470.5653,0.378200002015,0
end_draw,21963470.9436,0.233600001782,1
present,21963471.1773,0.0730000026524,1
paint,21963470.5526,0.697799999267,1
pointer_move,21963470.5156,0.757600001991,1
input_age_ms,21963478.5513,0.000300001353025,0
frame_deferred,21963478.5953,0.000100001692772,0
paint,21963478.5931,0.00239999964833,1
pointer_move,21963478.5523,0.0587000027299,1
input_age_ms,21963486.5585,0.000300001353025,0
draw_commands,21963486.6096,0.363000001758,0
end_draw,21963486.9727,0.245799999684,1
present,21963487.2186,0.0713999979198,1
paint,21963486.5974,0.692700002342,1
pointer_move,21963486.5591,0.754700001329,1
input_age_ms,21963494.5733,0.000300001353025,0
frame_deferred,21963494.6181,0,0
paint,21963494.6154,0.00279999896884,1
pointer_move,21963494.5738,0.0612999983132,1
input_age_ms,21963510.5282,0.000399999320507,0
draw_commands,21963510.5794,0.357700001448,0
end_draw,21963510.9372,0.349700000137,1
present,21963511.287,0.0720000006258,1
paint,21963510.5664,0.792700000107,1
pointer_move,21963510.5288,0.851800002158,1
input_age_ms,21963526.5314,0.000300001353025,0
draw_commands,21963526.5856,0.361299999058,0
end_draw,21963526.9469,0.237300001085,1
present,21963527.1843,0.0740999989212,1
paint,21963526.5736,0.684899996966,1
pointer_move,21963526.5321,0.74660000205,1
input_age_ms,21963534.619,0.000500001013279,0
draw_commands,21963534.6834,0.401899997145,0
end_draw,21963535.0854,0.233599998057,1
present,21963535.319,0.0783000029624,1
paint,21963534.6689,0.728499997407,1
pointer_move,21963534.6197,0.799200002104,1
input_age_ms,21963542.5484,0.000300001353025,0
frame_deferred,21963542.5899,0,0
paint,21963542.5876,0.00239999964833,1
pointer_move,21963542.5489,0.0571999996901,1
input_age_ms,21963550.5623,0.000399999320507,0
draw_commands,21963550.6197,0.434900000691,0
end_draw,21963551.0547,0.264299999923,1
present,21963551.3191,0.0879999995232,1
paint,21963550.6058,0.801400002092,1
pointer_move,21963550.563,0.879499997944,1
input_age_ms,21963558.5005,0.000199999660254,0
frame_deferred,21963558.5379,0.000199999660254,0
paint,21963558.5358,0.0025000013411,1
pointer_move,21963558.5012,0.0505999997258,1
input_age_ms,21963566.634,0.00120000168681,0
draw_commands,21963566.6924,0.397399999201,0
end_draw,21963567.0899,0.27860000357,1
present,21963567.3687,0.169799998403,1
paint,21963566.6786,0.860100001097,1
pointer_move,21963566.6361,0.98199999705,1
input_age_ms,21963574.5356,0.000300001353025,0
frame_deferred,21963574.5736,0.000199999660254,0
paint,21963574.5712,0.00260000303388,1
pointer_move,21963574.5362,0.0511999987066,1
input_age_ms,21963582.7113,0.000299997627735,0
draw_commands,21963582.7662,0.420800000429,0
end_draw,21963583.1871,0.376199997962,1
present,21963583.5634,0.0947000011802,1
paint,21963582.7513,0.90700000152,1
pointer_move,21963582.7118,0.98219999671,1
input_age_ms,21963590.4959,0.000299997627735,0
frame_deferred,21963590.5352,0.000100001692772,0
paint,21963590.533,0.00239999964833,1
pointer_move,21963590.4964,0.0524000003934,1
input_age_ms,21963598.4106,0.000199999660254,0
frame_deferred,21963598.4358,9.99979674816e-05,0
paint,21963598.4344,0.00149999931455,1
pointer_move,21963598.411,0.0367000028491,1
input_age_ms,21963606.559,0.000300001353025,0
draw_commands,21963606.6055,0.342399999499,0
end_draw,21963606.948,0.224500000477,1
present,21963607.1726,0.0711000002921,1
paint,21963606.5951,0.648699998856,1
pointer_move,21963606.5594,0.704300001264,1
input_age_ms,21963614.5589,0.000199999660254,0
frame_deferred,21963614.5915,0,0
paint,21963614.5897,0.00190000236034,1
pointer_move,21963614.5592,0.169599998742,1
input_age_ms,21963622.5729,0.000299997627735,0
draw_commands,21963622.6211,0.379299998283,0
end_draw,21963623.0053,0.272900000215,1
present,21963623.2783,0.0838000029325,1
paint,21963622.6107,0.751499999315,1
pointer_move,21963622.5736,0.813899997622,1
input_age_ms,21963631.0237,0.000300001353025,0
frame_deferred,21963631.0676,0.000199999660254,0
paint,21963631.0647,0.00319999828935,1
pointer_move,21963631.0243,0.0570999979973,1
input_age_ms,21963638.5826,0.000299997627735,0
draw_commands,21963638.63,0.331100001931,0
end_draw,21963638.9612,0.249500002712,1
present,21963639.2108,0.0811999998987,1
paint,21963638.6187,0.673599999398,1
pointer_move,21963638.5831,0.73900000006,1
input_age_ms,21963647.6538,0.000300001353025,0
frame_deferred,21963647.8898,0.0130999982357,0
paint,21963647.8873,0.0157999992371,1
pointer_move,21963647.6544,0.264500003308,1
input_age_ms,21963654.7292,0.000299997627735,0
draw_commands,21963654.7814,0.393400002271,0
end_draw,21963655.1749,0.247099999338,1
present,21963655.422,0.0807000026107,1
paint,21963654.7697,0.733100000769,1
pointer_move,21963654.7297,0.798799999058,1
input_age_ms,21963662.8411,0.000500001013279,0
frame_deferred,21963662.9128,0.000199999660254,0
paint,21963662.9098,0.00329999998212,1
pointer_move,21963662.8423,0.107400000095,1
input_age_ms,21963670.5921,0.000600002706051,0
draw_commands,21963670.6386,0.338899999857,0
end_draw,21963670.9776,0.202899999917,1
present,21963671.1805,0.0606999993324,1
paint,21963670.628,0.613300003111,1
pointer_move,21963670.5933,0.669500000775,1
input_age_ms,21963679.1565,0.000399999320507,0
frame_deferred,21963679.2349,9.99979674816e-05,0
paint,21963679.2322,0.00299999862909,1
pointer_move,21963679.1573,0.126000002027,1
input_age_ms,21963686.6056,0.000300001353025,0
draw_commands,21963686.6523,0.329999998212,0
end_draw,21963686.9824,0.21400000155,1
present,21963687.1964,0.0773999989033,1
paint,21963686.6421,0.631799999624,1
pointer_move,21963686.6061,1.04199999943,1
input_age_ms,21963694.5379,0.000299997627735,0
frame_deferred,21963694.5774,0.000100001692772,0
paint,21963694.5754,0.00219999998808,1
pointer_move,21963694.5385,0.0524000003934,1
input_age_ms,21963702.5388,0.000299997627735,0
draw_commands,21963702.5856,0.325699999928,0
end_draw,21963702.9113,0.206900000572,1
present,21963703.1182,0.0663999989629,1
paint,21963702.5752,0.609500002116,1
pointer_move,21963702.5393,0.664800003171,1
input_age_ms,21963710.5366,0.000299997627735,0
frame_deferred,21963710.5737,0.000100001692772,0
paint,21963710.5714,0.00249999761581,1
pointer_move,21963710.5372,0.0493000000715,1
input_age_ms,21963718.5276,0.000299997627735,0
draw_commands,21963718.5747,0.348600000143,0
end_draw,21963718.9234,0.210099998862,1
present,21963719.1336,0.0538999997079,1
paint,21963718.5634,0.624200001359,1
pointer_move,21963718.5282,0.684799998999,1
input_age_ms,21963726.5699,0.000300001353025,0
frame_deferred,21963726.6055,9.99979674816e-05,0
paint,21963726.6034,0.00230000168085,1
pointer_move,21963726.5704,0.0478999987245,1
input_age_ms,21963734.6176,0.000299997627735,0
draw_commands,21963734.6715,0.352399997413,0
end_draw,21963735.024,0.247999999672,1
present,21963735.2721,0.0689999982715,1
paint,21963734.6566,0.684600003064,1
pointer_move,21963734.6182,0.747699998319,1
input_age_ms,21963742.5328,0.000199999660254,0
frame_deferred,21963742.5674,0,0
paint,21963742.5651,0.00239999964833,1
pointer_move,21963742.5333,0.0466999970376,1
input_age_ms,21963750.5623,0.000300001353025,0
draw_commands,21963750.6252,0.394700001925,0
end_draw,21963751.0201,0.296900000423,1
present,21963751.317,0.0999999977648,1
paint,21963750.6132,0.804099999368,1
pointer_move,21963750.5628,0.888499997556,1
input_age_ms,21963758.6656,0.000299997627735,0
frame_deferred,21963758.7323,0.000100001692772,0
paint,21963758.7301,0.0025000013411,1
pointer_move,21963758.6661,0.134300000966,1
input_age_ms,21963766.5848,0.000499997287989,0
draw_commands,21963766.6444,0.40740000084,0
end_draw,21963767.0519,0.244800001383,1
present,21963767.2968,0.0758000016212,1
paint,21963766.6304,0.742400001734,1
pointer_move,21963766.5857,0.818999998271,1
input_age_ms,21963774.6336,0.000300001353025,0
frame_deferred,21963774.6715,9.99979674816e-05,0
paint,21963774.6692,0.0025000013411,1
pointer_move,21963774.6342,0.0505999997258,1
input_age_ms,21963782.7094,0.000400003045797,0
draw_commands,21963782.8056,0.439500000328,0
end_draw,21963783.2452,0.700599998236,1
present,21963783.9461,0.0923000015318,1
paint,21963782.7911,1.24760000035,1
pointer_move,21963782.7103,1.37100000307,1
input_age_ms,21963790.5799,0.000300001353025,0
frame_deferred,21963790.6168,0.000100001692772,0
paint,21963790.6142,0.00279999896884,1
pointer_move,21963790.5808,0.0498999990523,1
input_age_ms,21963798.5334,0.000199999660254,0
frame_deferred,21963798.5626,0,0
paint,21963798.56,0.00270000100136,1
pointer_move,21963798.5338,0.0406999997795,1
input_age_ms,21963806.5594,0.000300001353025,0
draw_commands,21963806.6028,0.320500001311,0
end_draw,21963806.9234,0.224500000477,1
present,21963807.148,0.0664000026882,1
paint,21963806.5921,0.622400000691,1
pointer_move,21963806.5599,0.671900000423,1
input_age_ms,21963814.592,0.000300001353025,0
frame_deferred,21963814.6262,9.99979674816e-05,0
paint,21963814.624,0.00239999964833,1
pointer_move,21963814.5925,0.0465999990702,1
input_age_ms,21963822.6095,0.000300001353025,0
draw_commands,21963822.6534,0.325100000948,0
end_draw,21963822.9786,0.247000001371,1
present,21963823.2256,0.0623000003397,1
paint,21963822.6431,0.64489999786,1
pointer_move,21963822.6105,0.90210000053,1
input_age_ms,21963830.5903,0.000499997287989,0
frame_deferred,21963830.6275,9.99979674816e-05,0
paint,21963830.6249,0.00270000100136,1
pointer_move,21963830.591,0.0497000031173,1
input_age_ms,21963838.5564,0.000399999320507,0
draw_commands,21963838.6077,0.396599996835,0
end_draw,21963839.0045,0.231899999082,1
present,21963839.2365,0.0800000019372,1
paint,21963838.595,0.721599999815,1
pointer_move,21963838.5571,0.790199998766,1
input_age_ms,21963846.5511,0.000399999320507,0
frame_deferred,21963846.5935,0.000100001692772,0
paint,21963846.5905,0.00319999828935,1
pointer_move,21963846.5517,0.0568000003695,1
input_age_ms,21963854.6291,0.000400003045797,0
draw_commands,21963854.6772,0.363600000739,0
end_draw,21963855.0409,0.243799999356,1
present,21963855.2848,0.0659999996424,1
paint,21963854.6657,0.685200002044,1
pointer_move,21963854.6297,0.741999998689,1
input_age_ms,21963862.6099,0.000299997627735,0
frame_deferred,21963862.6475,9.99979674816e-05,0
paint,21963862.6448,0.00290000066161,1
pointer_move,21963862.6104,0.0500000007451,1
input_age_ms,21963870.5958,0.000299997627735,15
draw_commands,21963870.6527,0.356899999082,0
end_draw,21963871.0096,0.253499999642,1
present,21963871.2631,0.0793000012636,1
paint,21963870.6403,0.702200002968,1
pointer_move,21963870.5969,0.770799998194,1
input_age_ms,21963878.7666,0.000299997627735,0
frame_deferred,21963879.3057,0.000199999660254,0
paint,21963879.3037,0.00230000168085,1
pointer_move,21963878.7671,0.737300001085,1
input_age_ms,21963886.6772,0.000399999320507,0
draw_commands,21963886.7257,0.350300002843,0
end_draw,21963887.0762,0.28049999848,1
present,21963887.3568,0.0515999980271,1
paint,21963886.7141,0.694499999285,1
pointer_move,21963886.6778,0.754399999976,1
input_age_ms,21963894.7546,0.000399999320507,0
frame_deferred,21963895.176,0.000100001692772,0
paint,21963895.1735,0.00289999693632,1
pointer_move,21963894.7553,0.512199997902,1
input_age_ms,21963902.9442,0.000699996948242,0
draw_commands,21963903.0509,0.840799998492,0
end_draw,21963903.8919,0.431400001049,1
present,21963904.3234,0.130000002682,1
paint,21963903.0314,1.42240000144,1
pointer_move,21963902.9455,1.55579999834,1
input_age_ms,21963912.4189,0.000499997287989,0
frame_deferred,21963912.789,0.000399999320507,0
paint,21963912.7863,0.00329999998212,1
pointer_move,21963912.42,0.472299996763,1
input_age_ms,21963918.5322,0.000299997627735,0
draw_commands,21963918.5782,0.355799999088,0
end_draw,21963918.9341,0.238400001079,1
present,21963919.1726,0.0898000001907,1
paint,21963918.5681,0.694499999285,1
pointer_move,21963918.5328,0.761100001633,1
input_age_ms,21963926.7355,0.000399999320507,0
frame_deferred,21963926.7901,0.000199999660254,0
paint,21963926.7878,0.00259999930859,1
pointer_move,21963926.7361,0.14090000093,1
input_age_ms,21963935.0222,0.00140000134706,0
draw_commands,21963935.1728,1.36230000108,0
end_draw,21963936.5354,0.706500001252,1
present,21963937.2423,0.203299999237,1
paint,21963935.1446,2.30150000006,1
pointer_move,21963935.0241,2.5017000027,1
input_age_ms,21963943.745,0.000599998980761,0
frame_deferred,21963944.0005,0.000499997287989,0
paint,21963943.9942,0.00730000063777,1
pointer_move,21963943.7462,1.31839999929,1
input_age_ms,21963950.7497,0.000600002706051,0
draw_commands,21963950.8394,0.827500000596,0
end_draw,21963951.6672,0.861900001764,1
present,21963952.5294,0.123800002038,1
paint,21963950.8205,1.83320000023,1
pointer_move,21963950.7507,1.95899999887,1
input_age_ms,21963958.7808,0.000300001353025,0
frame_deferred,21963958.8782,0.000200003385544,0
paint,21963958.875,0.00369999930263,1
pointer_move,21963958.7815,0.116299998015,1
input_age_ms,21963966.6295,0.000399999320507,0
draw_commands,21963966.6901,0.48580000177,0
end_draw,21963967.1761,0.45209999755,1
present,21963967.6285,0.0879000015557,1
paint,21963966.6765,1.04030000046,1
pointer_move,21963966.6305,1.12489999831,1
input_age_ms,21963974.7575,0.000300001353025,0
frame_deferred,21963974.8027,9.99979674816e-05,0
paint,21963974.7999,0.00310000032187,1
pointer_move,21963974.758,0.0690999999642,1
input_age_ms,21963982.68,0.000300001353025,0
draw_commands,21963982.7978,0.418199997395,0
end_draw,21963983.2162,0.23369999975,1
present,21963983.45,0.0674999989569,1
paint,21963982.7826,0.734999999404,1
pointer_move,21963982.6807,0.874299999326,1
input_age_ms,21963990.5617,0.000399999320507,0
frame_deferred,21963990.5973,9.99979674816e-05,0
paint,21963990.5953,0.00219999998808,1
pointer_move,21963990.5623,0.0482000000775,1
input_age_ms,21963998.9082,0.000800002366304,0
frame_deferred,21963999.0168,0.000299997627735,0
paint,21963999.0102,0.007199998945,1
pointer_move,21963998.9097,0.159099999815,1
input_age_ms,21964007.2316,0.000999998301268,0
draw_commands,21964007.6134,2.60239999741,0
end_draw,21964010.2163,0.744400002062,1
present,21964010.9611,0.214499998838,1
paint,21964007.5861,3.58999999985,1
pointer_move,21964007.2721,4.0410999991,1
input_age_ms,21964015.0037,0.000500001013279,0
frame_deferred,21964015.0939,0.000300001353025,0
paint,21964015.0873,0.00810000300407,1
pointer_move,21964015.0048,0.127199999988,1
input_age_ms,21964022.8036,0.000500001013279,0
draw_commands,21964022.8841,0.68730000034,0
end_draw,21964023.5716,0.419700000435,1
present,21964023.9915,0.111899998039,1
paint,21964022.8674,1.23619999737,1
pointer_move,21964022.8045,1.33700000122,1
input_age_ms,21964030.643,0.000300001353025,0
frame_deferred,21964030.6943,0.000100001692772,0
paint,21964030.6914,0.00310000032187,1
pointer_move,21964030.6437,0.0725999996066,1
input_age_ms,21964038.6621,0.000900000333786,0
draw_commands,21964038.7627,0.611200001091,0
end_draw,21964039.3741,0.371399998665,1
present,21964039.7457,0.0900999978185,1
paint,21964038.7483,1.08769999817,1
pointer_move,21964038.6634,1.21119999886,1
input_age_ms,21964046.6729,0.000400003045797,0
frame_deferred,21964046.7277,0.000100001692772,0
paint,21964046.7237,0.00429999828339,1
pointer_move,21964046.6737,0.0766999982297,1
input_age_ms,21964054.7777,0.000599998980761,0
draw_commands,21964054.86,0.591200001538,0
end_draw,21964055.4514,0.368900001049,1
present,21964055.8204,0.0876000002027,1
paint,21964054.8419,1.066300001,1
pointer_move,21964054.7788,1.17009999976,1
input_age_ms,21964062.6647,0.000499997287989,0
frame_deferred,21964062.7219,9.99979674816e-05,0
paint,21964062.7187,0.00340000167489,1
pointer_move,21964062.6656,0.0792999975383,1
input_age_ms,21964070.6291,0.000400003045797,0
draw_commands,21964070.6893,0.492599997669,0
end_draw,21964071.1821,0.312899999321,1
present,21964071.4951,0.0883000008762,1
paint,21964070.6769,0.906600002199,1
pointer_move,21964070.6298,0.98369999975,1
input_age_ms,21964078.6264,0.000199999660254,0
frame_deferred,21964078.6629,0.000199999660254,0
paint,21964078.661,0.00219999998808,1
pointer_move,21964078.6269,0.0518000014126,1
input_age_ms,21964086.677,0.000399999320507,0
draw_commands,21964086.7296,0.449299998581,0
end_draw,21964087.179,0.255799997598,1
present,21964087.4349,0.0694999992847,1
paint,21964086.7186,0.785900000483,1
pointer_move,21964086.6777,0.853899996728,1
input_age_ms,21964094.6829,0.000300001353025,0
frame_deferred,21964094.7274,9.99979674816e-05,0
paint,21964094.7251,0.0025000013411,1
pointer_move,21964094.6835,0.0612000003457,1
input_age_ms,21964102.5878,0.000300001353025,0
draw_commands,21964102.6359,0.348500002176,0
end_draw,21964102.9845,0.194800000638,1
present,21964103.1794,0.0507999993861,1
paint,21964102.6227,0.607600003481,1
pointer_move,21964102.5886,0.661299999803,1
input_age_ms,21964111.0384,0.000599998980761,0
frame_deferred,21964111.1502,0.000300001353025,0
paint,21964111.1443,0.00659999996424,1
pointer_move,21964111.0397,0.161899998784,1
input_age_ms,21964119.2172,0.00140000134706,0
draw_commands,21964119.3635,1.36180000007,0
end_draw,21964120.7262,0.866500001401,1
present,21964121.5931,0.206000000238,1
paint,21964119.3352,2.46440000087,1
pointer_move,21964119.2194,2.66279999912,1
input_age_ms,21964127.0831,0.000700000673532,0
frame_deferred,21964127.2058,0.000299997627735,0
paint,21964127.1982,0.00820000097156,1
pointer_move,21964127.0845,0.175200000405,1
input_age_ms,21964135.0808,0.00139999762177,0
draw_commands,21964135.225,1.52939999849,0
end_draw,21964136.7549,0.709799997509,1
present,21964137.4651,0.230599999428,1
paint,21964135.1991,2.49709999934,1
pointer_move,21964135.0829,2.69930000231,1
input_age_ms,21964143.4709,0.00100000202656,0
frame_deferred,21964145.5973,0.00129999965429,0
paint,21964145.5894,0.00989999994636,1
pointer_move,21964143.473,3.59059999883,1
input_age_ms,21964150.7789,0.000399999320507,0
draw_commands,21964151.003,0.411299999803,0
end_draw,21964151.4144,0.276000000536,1
present,21964151.6905,0.0733000002801,1
paint,21964150.989,0.77499999851,1
pointer_move,21964150.7797,1.01550000161,1
input_age_ms,21964161.3338,0.00120000168681,0
frame_deferred,21964161.8883,0.000799998641014,0
paint,21964161.8808,0.00879999995232,1
pointer_move,21964161.3356,0.830499999225,1
input_age_ms,21964167.1268,0.000900000333786,0
draw_commands,21964167.2694,1.35370000079,0
end_draw,21964168.6235,0.732900001109,1
present,21964169.3568,0.200999997556,1
paint,21964167.2429,2.31540000066,1
pointer_move,21964167.1283,2.51680000126,1
input_age_ms,21964177.4235,0.000999998301268,0
frame_deferred,21964178.1614,0.000900000333786,0
paint,21964178.1533,0.0097000002861,1
pointer_move,21964177.4256,1.04700000212,1
input_age_ms,21964183.201,0.000799998641014,16
draw_commands,21964183.6154,1.38539999723,0
end_draw,21964185.0021,0.77100000158,1
present,21964185.7737,0.227299999446,1
paint,21964183.589,2.41289999709,1
pointer_move,21964183.2028,2.88870000094,1
input_age_ms,21964192.1117,0.00100000202656,0
frame_deferred,21964192.7556,0.000999998301268,0
paint,21964192.7479,0.00919999927282,1
pointer_move,21964192.1135,1.13500000164,1
input_age_ms,21964198.9243,0.000999998301268,0
frame_deferred,21964199.0452,0.000299997627735,0
paint,21964199.0381,0.00789999961853,1
pointer_move,21964198.926,0.17330000177,1
input_age_ms,21964208.1747,0.000599998980761,0
draw_commands,21964208.5173,1.52290000021,0
end_draw,21964210.0406,0.722499996424,1
present,21964210.7634,0.171500001103,1
paint,21964208.4938,2.44160000235,1
pointer_move,21964208.176,2.82880000025,1
input_age_ms,21964214.7603,0.000500001013279,0
frame_deferred,21964214.8308,9.99979674816e-05,0
paint,21964214.8269,0.00459999963641,1
pointer_move,21964214.7615,0.0986999981105,1
input_age_ms,21964224.0265,0.000499997287989,0
draw_commands,21964224.3714,0.504000000656,0
end_draw,21964224.8755,0.202899999917,1
present,21964225.0784,0.0590999983251,1
paint,21964224.3569,0.780700001866,1
pointer_move,21964224.0279,1.17860000208,1
input_age_ms,21964230.9986,0.00150000303984,0
frame_deferred,21964231.0584,9.99979674816e-05,0
paint,21964231.0556,0.00300000235438,1
pointer_move,21964231.002,0.0936999991536,1
input_age_ms,21964238.5245,0.000299997627735,0
draw_commands,21964238.5809,0.341800000519,0
end_draw,21964238.9229,0.205400001258,1
present,21964239.1284,0.0667999982834,1
paint,21964238.571,0.628700003028,1
pointer_move,21964238.525,0.691200003028,1
input_age_ms,21964246.4748,0.000199999660254,0
frame_deferred,21964246.5035,0.000100001692772,0
paint,21964246.5018,0.00189999863505,1
pointer_move,21964246.4752,0.0400999970734,1
input_age_ms,21964254.7393,0.000399999320507,0
draw_commands,21964254.7919,0.352799996734,0
end_draw,21964255.1448,0.256599999964,1
present,21964255.4015,0.0646999999881,1
paint,21964254.7812,0.685200002044,1
pointer_move,21964254.74,0.745200000703,1
input_age_ms,21964262.5038,0.000299997627735,0
frame_deferred,21964262.5332,0.000100001692772,0
paint,21964262.5312,0.00219999998808,1
pointer_move,21964262.5043,0.0404000021517,1
input_age_ms,21964270.5017,0.000300001353025,0
draw_commands,21964270.5424,0.329900000244,0
end_draw,21964270.8724,0.20340000093,1
present,21964271.0759,0.0573000013828,1
paint,21964270.5323,0.600999999791,1
pointer_move,21964270.5026,0.649500001222,1
input_age_ms,21964278.5326,0.000399999320507,0
frame_deferred,21964278.5607,0,0
paint,21964278.558,0.00280000269413,1
pointer_move,21964278.5332,0.0388000011444,1
input_age_ms,21964286.597,0.000399999320507,0
draw_commands,21964286.6396,0.368499998003,0
end_draw,21964287.0082,0.206599999219,1
present,21964287.2149,0.0619000010192,1
paint,21964286.6282,0.648800000548,1
pointer_move,21964286.5978,0.698599997908,1
input_age_ms,21964294.4951,0.000500001013279,0
frame_deferred,21964294.5375,0.000199999660254,0
paint,21964294.535,0.00290000066161,1
pointer_move,21964294.4958,0.0582999996841,1
input_age_ms,21964302.5205,0.000299997627735,0
draw_commands,21964302.5662,0.345499999821,0
end_draw,21964302.9118,0.210699997842,1
present,21964303.1226,0.0535999983549,1
paint,21964302.5527,0.623599998653,1
pointer_move,21964302.521,0.677999999374,1
input_age_ms,21964310.557,0.000199999660254,0
frame_deferred,21964310.5844,0.000100001692772,0
paint,21964310.5828,0.00180000066757,1
pointer_move,21964310.5574,0.0379000008106,1
input_age_ms,21964318.5144,0.000299997627735,0
draw_commands,21964318.5617,0.345799997449,0
end_draw,21964318.9075,0.252399999648,1
present,21964319.1599,0.0638000033796,1
paint,21964318.5506,0.673599999398,1
pointer_move,21964318.515,0.733799997717,1
input_age_ms,21964326.9008,0.00139999762177,0
frame_deferred,21964327.0201,0.000299997627735,0
paint,21964327.0129,0.00789999961853,1
pointer_move,21964326.9027,0.171300001442,1
input_age_ms,21964335.3348,0.000900000333786,0
draw_commands,21964335.4847,1.61239999905,0
end_draw,21964337.0976,0.720699999481,1
present,21964337.8187,0.203299999237,1
paint,21964335.4572,2.56550000235,1
pointer_move,21964335.3364,2.88340000063,1
input_age_ms,21964343.0158,0.00109999999404,0
frame_deferred,21964343.1439,0.000399999320507,0
paint,21964343.1361,0.00859999656677,1
pointer_move,21964343.0176,0.180700000376,1
input_age_ms,21964351.0715,0.00100000202656,0
draw_commands,21964351.2179,1.6510999985,0
end_draw,21964352.8696,1.37280000001,1
present,21964354.243,0.235999997705,1
paint,21964351.1908,3.28889999911,1
pointer_move,21964351.0733,3.4915000014,1
input_age_ms,21964358.9287,0.000999998301268,0
frame_deferred,21964359.0531,0.000299997627735,0
paint,21964359.0466,0.00720000267029,1
pointer_move,21964358.9304,0.177000001073,1
input_age_ms,21964367.2169,0.000600002706051,0
draw_commands,21964367.3656,1.54519999772,0
end_draw,21964368.9113,0.864999998361,1
present,21964369.7767,0.199499998242,1
paint,21964367.3377,2.63920000196,1
pointer_move,21964367.2183,2.8489000015,1
input_age_ms,21964374.9348,0.000900000333786,0
frame_deferred,21964375.0611,0.000300001353025,0
paint,21964375.0535,0.00829999893904,1
pointer_move,21964374.9363,0.178700000048,1
input_age_ms,21964383.8246,0.000999998301268,0
draw_commands,21964383.9751,1.67200000212,0
end_draw,21964385.6475,1.25139999762,1
present,21964386.8999,0.21440000087,1
paint,21964383.9479,3.16719999909,1
pointer_move,21964383.8263,3.38810000196,1
input_age_ms,21964390.9314,0.000700000673532,0
frame_deferred,21964391.0314,0.000199999660254,0
paint,21964391.0249,0.00699999928474,1
pointer_move,21964390.9328,0.138300001621,1
input_age_ms,21964398.6831,0.000599998980761,0
frame_deferred,21964398.7553,0.000199999660254,0
paint,21964398.7513,0.00439999997616,1
pointer_move,21964398.6845,0.0999999977648,1
input_age_ms,21964406.6143,0.000900000333786,0
draw_commands,21964406.6816,0.563200000674,0
end_draw,21964407.245,0.351199999452,1
present,21964407.5964,0.084699999541,1
paint,21964406.6679,1.01339999959,1
pointer_move,21964406.6155,1.09740000218,1
input_age_ms,21964414.5794,0.000399999320507,0
frame_deferred,21964414.6363,9.99979674816e-05,0
paint,21964414.633,0.00359999760985,1
pointer_move,21964414.5802,0.0784999988973,1
input_age_ms,21964422.6458,0.000900000333786,0
draw_commands,21964422.7113,0.553599998355,0
end_draw,21964423.2651,0.333399999887,1
present,21964423.5987,0.0925999991596,1
paint,21964422.6979,0.993599999696,1
pointer_move,21964422.647,1.3264000006,1
input_age_ms,21964430.6191,0.000299997627735,0
frame_deferred,21964430.6726,0.000199999660254,0
paint,21964430.6697,0.00319999828935,1
pointer_move,21964430.6199,0.075600001961,1
input_age_ms,21964438.6141,0.000399999320507,0
draw_commands,21964438.683,0.79790000245,0
end_draw,21964439.4811,0.346299998462,1
present,21964439.8276,0.108400002122,1
paint,21964438.6688,1.26749999821,1
pointer_move,21964438.6149,1.45939999819,1
input_age_ms,21964446.6318,0.000399999320507,0
frame_deferred,21964446.6882,0.000199999660254,0
paint,21964446.685,0.0106000006199,1
pointer_move,21964446.6325,0.0865999981761,1
input_age_ms,21964462.6614,0.000399999320507,0
draw_commands,21964462.7297,0.569200001657,0
end_draw,21964463.2991,0.350999999791,1
present,21964463.6502,0.10550000146,1
paint,21964462.7151,1.04079999775,1
pointer_move,21964462.6622,1.12319999933,1
input_age_ms,21964471.1161,0.000600002706051,0
draw_commands,21964471.4888,0.724199999124,0
end_draw,21964472.2132,0.372299998999,1
present,21964472.5857,0.117199998349,1
paint,21964471.4729,1.23020000011,1
pointer_move,21964471.1171,1.62649999931,1
input_age_ms,21964478.6819,0.000400003045797,0
frame_deferred,21964478.7389,0.000100001692772,0
paint,21964478.7353,0.00409999862313,1
pointer_move,21964478.6827,0.0791999995708,1
input_age_ms,21964486.6581,0.000399999320507,0
draw_commands,21964486.7284,0.623100001365,0
end_draw,21964487.3517,0.377399999648,1
present,21964487.7292,0.105799999088,1
paint,21964486.7146,1.12060000002,1
pointer_move,21964486.659,1.21499999985,1
input_age_ms,21964495.075,0.000800002366304,0
frame_deferred,21964495.1912,0.000300001353025,0
paint,21964495.1849,0.00710000097752,1
pointer_move,21964495.0764,0.167799998075,1
input_age_ms,21964503.8556,0.00100000202656,0
draw_commands,21964505.0052,1.55430000275,0
end_draw,21964506.5601,0.702399998903,1
present,21964507.2629,0.199799999595,1
paint,21964504.9783,2.4849999994,1
pointer_move,21964503.8578,3.72630000114,1
input_age_ms,21964511.0462,0.000700000673532,16
frame_deferred,21964511.1669,0.000399999320507,0
paint,21964511.1604,0.00730000063777,1
pointer_move,21964511.0476,0.172899998724,1
input_age_ms,21964518.9945,0.000799998641014,0
draw_commands,21964519.1389,1.37000000104,0
end_draw,21964520.5093,0.77160000056,1
present,21964521.2812,0.217199999839,1
paint,21964519.1126,2.38640000299,1
pointer_move,21964518.9962,2.58520000055,1
input_age_ms,21964527.056,0.000799998641014,16
frame_deferred,21964527.1841,0.000400003045797,0
paint,21964527.1763,0.00869999825954,1
pointer_move,21964527.0575,0.180799998343,1
input_age_ms,21964535.9355,0.00129999965429,0
draw_commands,21964536.3989,1.39580000192,0
end_draw,21964537.7952,0.688499998301,1
present,21964538.484,0.192399997264,1
paint,21964536.3728,2.30409999937,1
pointer_move,21964535.9376,3.17779999971,1
input_age_ms,21964543.0429,0.00100000202656,0
frame_deferred,21964543.1686,0.000300001353025,0
paint,21964543.1611,0.00840000063181,1
pointer_move,21964543.0447,0.179899998009,1
input_age_ms,21964552.4172,0.000700000673532,0
draw_commands,21964552.5951,1.00189999864,0
end_draw,21964553.5974,0.451799999923,1
present,21964554.0494,0.133999999613,1
paint,21964552.5685,1.61519999802,1
pointer_move,21964552.4186,1.81170000136,1
input_age_ms,21964558.7434,0.000700000673532,0
frame_deferred,21964558.8199,0.000199999660254,0
paint,21964558.8152,0.00510000064969,1
pointer_move,21964558.7446,0.161299999803,1
input_age_ms,21964566.8845,0.000500001013279,0
draw_commands,21964566.9641,0.65170000121,0
end_draw,21964567.616,0.46990000084,1
present,21964568.0861,0.116999998689,1
paint,21964566.9471,1.25630000234,1
pointer_move,21964566.8858,1.36510000005,1
input_age_ms,21964574.6449,0.000499997287989,0
frame_deferred,21964574.7019,0.000199999660254,0
paint,21964574.6986,0.00359999760985,1
pointer_move,21964574.6457,0.0793999992311,1
input_age_ms,21964583.005,0.000500001013279,0
draw_commands,21964583.0834,0.657699998468,0
end_draw,21964583.7413,1.06569999829,1
present,21964584.8077,0.119199998677,1
paint,21964583.0661,1.86160000041,1
pointer_move,21964583.0058,1.97349999845,1
input_age_ms,21964590.6136,0.000500001013279,0
frame_deferred,21964590.6738,0.000100001692772,0
paint,21964590.6699,0.0042000003159,1
pointer_move,21964590.6148,0.0833999998868,1
input_age_ms,21964598.5804,0.000499997287989,0
frame_deferred,21964598.6353,0.000100001692772,0
paint,21964598.6322,0.00340000167489,1
pointer_move,21964598.5812,0.076099999249,1
input_age_ms,21964606.6421,0.000399999320507,0
draw_commands,21964606.7093,0.56269999966,0
end_draw,21964607.2721,0.333200000226,1
present,21964607.6054,0.0859999991953,1
paint,21964606.6956,0.995999999344,1
pointer_move,21964606.6429,1.07970000058,1
input_age_ms,21964615.8305,0.000800002366304,0
draw_commands,21964616.1701,1.4151000008,0
end_draw,21964617.5857,0.776299998164,1
present,21964618.3626,0.22500000149,1
paint,21964616.1442,2.44399999827,1
pointer_move,21964615.832,2.87460000068,1
input_age_ms,21964623.0188,0.000899996608496,0
frame_deferred,21964623.1574,0.000399999320507,0
paint,21964623.1505,0.0076000019908,1
pointer_move,21964623.0202,0.192700002342,1
input_age_ms,21964631.2153,0.000799998641014,0
frame_deferred,21964631.3371,0.000399999320507,0
paint,21964631.3297,0.00820000097156,1
pointer_move,21964631.2173,0.174099996686,1
input_age_ms,21964638.9905,0.000800002366304,0
draw_commands,21964639.1368,1.28680000082,0
end_draw,21964640.424,0.723799999803,1
present,21964641.1482,0.209399998188,1
paint,21964639.1107,2.24740000069,1
pointer_move,21964638.9921,2.44579999894,1
input_age_ms,21964647.0325,0.000800002366304,0
frame_deferred,21964647.1557,0.000300001353025,0
paint,21964647.1483,0.00809999927878,1
pointer_move,21964647.0341,0.177000001073,1
input_age_ms,21964654.8744,0.000599998980761,0
draw_commands,21964654.9809,0.915599998087,0
end_draw,21964655.8968,0.562800001353,1
present,21964656.4599,0.164900001138,1
paint,21964654.9616,1.66360000148,1
pointer_move,21964654.8755,1.81230000034,1
input_age_ms,21964662.6764,0.000500001013279,0
frame_deferred,21964662.7469,0.000100001692772,0
paint,21964662.7431,0.00410000234842,1
pointer_move,21964662.6773,0.0978999994695,1
input_age_ms,21964670.699,0.000599998980761,0
draw_commands,21964670.7884,0.706399999559,0
end_draw,21964671.4951,0.408900000155,1
present,21964671.9042,0.144000001252,1
paint,21964670.7703,1.27809999883,1
pointer_move,21964670.7001,1.40340000018,1
input_age_ms,21964678.609,0.000499997287989,0
frame_deferred,21964678.6677,0.000100001692772,0
paint,21964678.6639,0.00400000065565,1
pointer_move,21964678.6102,0.0804999992251,1
input_age_ms,21964686.6593,0.000599998980761,0
draw_commands,21964686.7307,0.633999999613,0
end_draw,21964687.365,0.56380000338,1
present,21964687.929,0.0876000002027,1
paint,21964686.7164,1.30049999803,1
pointer_move,21964686.6602,1.39429999888,1
input_age_ms,21964694.5952,0.000400003045797,0
frame_deferred,21964694.6539,0.000199999660254,0
paint,21964694.6501,0.00409999862313,1
pointer_move,21964694.5962,0.0810999982059,1
input_age_ms,21964702.6544,0.000500001013279,0
draw_commands,21964702.7301,0.598400000483,0
end_draw,21964703.3286,0.344799999148,1
present,21964703.6736,0.109500002116,1
paint,21964702.7146,1.06870000064,1
pointer_move,21964702.6552,1.1697999984,1
input_age_ms,21964710.5849,0.000500001013279,0
frame_deferred,21964710.6451,0.000199999660254,0
paint,21964710.6417,0.0038000009954,1
pointer_move,21964710.5858,0.0826000012457,1
input_age_ms,21964718.614,0.000399999320507,0
draw_commands,21964718.6802,0.499499998987,0
end_draw,21964719.1798,0.314699999988,1
present,21964719.4946,0.0987999998033,1
paint,21964718.6663,0.927500002086,1
pointer_move,21964718.6153,1.13030000031,1
input_age_ms,21964726.5441,0.000399999320507,0
frame_deferred,21964726.5886,0.000100001692772,0
paint,21964726.586,0.00279999896884,1
pointer_move,21964726.5447,0.0608999989927,1
input_age_ms,21964734.6712,0.000500001013279,0
draw_commands,21964734.7418,0.502199999988,0
end_draw,21964735.2442,0.283700000495,1
present,21964735.528,0.0817999988794,1
paint,21964734.7269,0.883099999279,1
pointer_move,21964734.6721,0.970399998128,1
input_age_ms,21964742.5179,0.000299997627735,0
frame_deferred,21964742.5596,0.000100001692772,0
paint,21964742.5571,0.00269999727607,1
pointer_move,21964742.5185,0.0566999986768,1
input_age_ms,21964750.6595,0.000600002706051,0
draw_commands,21964750.7175,0.425999999046,0
end_draw,21964751.1436,0.356400001794,1
present,21964751.5003,0.0733000002801,1
paint,21964750.7014,0.872299998999,1
pointer_move,21964750.6604,0.944200001657,1
input_age_ms,21964758.4875,0.000299997627735,0
frame_deferred,21964758.5247,9.99979674816e-05,0
paint,21964758.5221,0.00279999896884,1
pointer_move,21964758.488,0.049399998039,1
input_age_ms,21964766.6108,0.000399999320507,0
draw_commands,21964766.6639,0.535300001502,0
end_draw,21964767.1994,0.359999999404,1
present,21964767.5595,0.0949999988079,1
paint,21964766.6517,1.00299999863,1
pointer_move,21964766.6115,1.08700000122,1
input_age_ms,21964774.4918,0.000300001353025,0
frame_deferred,21964774.5272,0.000100001692772,0
paint,21964774.5245,0.00289999693632,1
pointer_move,21964774.4922,0.0476000010967,1
input_age_ms,21964790.5561,0.000300001353025,0
draw_commands,21964790.6017,0.327199999243,0
end_draw,21964790.929,0.204199999571,1
present,21964791.1333,0.0696000009775,1
paint,21964790.591,0.612000003457,1
pointer_move,21964790.5566,0.665300000459,1
input_age_ms,21964798.9092,0.000299997627735,0
frame_deferred,21964799.0098,0.000100001692772,0
paint,21964799.0078,0.00229999795556,1
pointer_move,21964798.9099,0.14280000329,1
input_age_ms,21964806.4963,0.000299997627735,0
draw_commands,21964806.5402,0.330299999565,0
end_draw,21964806.8706,0.215300001204,1
present,21964807.0859,0.0625999979675,1
paint,21964806.5296,0.619000002742,1
pointer_move,21964806.4968,0.672100000083,1
input_age_ms,21964814.7798,0.000199999660254,0
frame_deferred,21964814.8727,0.000100001692772,0
paint,21964814.8706,0.00239999964833,1
pointer_move,21964814.7802,0.116900000721,1
input_age_ms,21964822.5205,0.000199999660254,0
draw_commands,21964822.5624,0.324200000614,0
end_draw,21964822.8867,0.2285999991,1
present,21964823.1154,0.0652999989688,1
paint,21964822.5521,0.628800000995,1
pointer_move,21964822.521,0.680799998343,1
input_age_ms,21964830.4951,0.000300001353025,0
frame_deferred,21964830.5342,9.99979674816e-05,0
paint,21964830.5317,0.00259999930859,1
pointer_move,21964830.4959,0.0511999987066,1
input_age_ms,21964838.5657,0.000300001353025,0
draw_commands,21964838.613,0.325099997222,0
end_draw,21964838.9382,0.208299998194,1
present,21964839.1466,0.0619999989867,1
paint,21964838.6023,0.606400001794,1
pointer_move,21964838.5663,0.662299998105,1
input_age_ms,21964846.4985,0.000299997627735,0
frame_deferred,21964846.5336,0.000100001692772,0
paint,21964846.5313,0.00249999761581,1
pointer_move,21964846.4989,0.0480999983847,1
input_age_ms,21964854.4608,0.000300001353025,0
draw_commands,21964854.5014,0.336099997163,0
end_draw,21964854.8375,0.207200001925,1
present,21964855.0447,0.0581999979913,1
paint,21964854.491,0.611999999732,1
pointer_move,21964854.4613,0.659800000489,1
input_age_ms,21964862.506,0.000299997627735,0
frame_deferred,21964862.5434,9.99979674816e-05,0
paint,21964862.5411,0.0025000013411,1
pointer_move,21964862.507,0.0501000024378,1
input_age_ms,21964870.6506,0.00149999931455,15
draw_commands,21964870.7084,0.397500000894,0
end_draw,21964871.106,0.397500000894,1
present,21964871.5036,0.0557000003755,1
paint,21964870.6944,0.870600000024,1
pointer_move,21964870.6524,0.943500000983,1
input_age_ms,21964878.5055,0.000399999320507,0
frame_deferred,21964878.5432,0,0
paint,21964878.5406,0.00269999727607,1
pointer_move,21964878.5061,0.0510000027716,1
input_age_ms,21964886.5481,0.000300001353025,0
draw_commands,21964886.5973,0.342700000852,0
end_draw,21964886.9401,0.218600001186,1
present,21964887.1588,0.0726000033319,1
paint,21964886.5855,0.645900003612,1
pointer_move,21964886.5486,0.705400001258,1
input_age_ms,21964894.4926,0.000299997627735,0
frame_deferred,21964894.5322,9.99979674816e-05,0
paint,21964894.5298,0.00259999930859,1
pointer_move,21964894.4932,0.0522999987006,1
input_age_ms,21964902.5357,0.000799998641014,0
draw_commands,21964902.5809,0.324500001967,0
end_draw,21964902.9055,0.216099999845,1
present,21964903.1216,0.0687000006437,1
paint,21964902.571,0.619400002062,1
pointer_move,21964902.5368,0.673399999738,1
input_age_ms,21964910.5023,0.000299997627735,0
frame_deferred,21964910.5386,9.99979674816e-05,0
paint,21964910.5358,0.00300000235438,1
pointer_move,21964910.5028,0.0487000010908,1
input_age_ms,21964918.5489,0.000299997627735,0
draw_commands,21964918.6054,0.375900000334,0
end_draw,21964918.9815,0.241799999028,1
present,21964919.2234,0.0810999982059,1
paint,21964918.592,0.712799999863,1
pointer_move,21964918.5495,0.784699998796,1
draw_commands,21965047.1269,0.316899999976,0
end_draw,21965047.444,0.229000002146,1
present,21965047.6731,0.0682000033557,1
paint,21965047.1178,0.623599998653,1
pointer_move,21965047.081,0.678199999034,1
frame_deferred,21965048.3854,0.000299997627735,0
paint,21965048.3838,0.00219999998808,2
draw_commands,21965049.1311,0.587900001556,0
end_draw,21965049.7192,3.28049999848,2
present,21965052.9999,0.0924000032246,2
paint,21965049.1215,3.9710999988,2
input_age_ms,21965054.0696,0.000299997627735,0
pointer_move,21965054.0701,0.00580000132322,2
frame_deferred,21965054.1323,9.99979674816e-05,0
paint,21965054.1305,0.00239999964833,2
draw_commands,21965066.4506,1.01990000159,0
end_draw,21965067.4706,0.46289999783,2
present,21965067.9336,0.0827999971807,2
paint,21965066.4408,1.57580000162,2
input_age_ms,21965079.7173,0.000399999320507,0
pointer_move,21965079.7179,0.118900001049,2
frame_deferred,21965080.0937,0.000199999660254,0
paint,21965080.0916,0.00249999761581,2
draw_commands,21965082.8567,0.737399999052,0
end_draw,21965083.5944,0.50569999963,2
present,21965084.1001,0.0914000011981,2
paint,21965082.8457,1.34620000049,2
input_age_ms,21965087.0944,0.000199999660254,0
pointer_move,21965087.0948,0.00650000199676,2
frame_deferred,21965087.1468,0,0
paint,21965087.144,0.00289999693632,2
input_age_ms,21965094.932,0.000300001353025,0
pointer_move,21965094.9324,0.00769999995828,2
frame_deferred,21965094.9875,0.000199999660254,0
paint,21965094.9855,0.00229999795556,2
draw_commands,21965099.4123,0.616299998015,0
end_draw,21965100.0287,0.494599997997,2
present,21965100.5234,0.0673999972641,2
paint,21965099.4017,1.18929999694,2
input_age_ms,21965102.8746,0.000299997627735,0
pointer_move,21965102.8751,0.00629999861121,2
frame_deferred,21965102.9229,0.000199999660254,0
paint,21965102.9205,0.00259999930859,2
input_age_ms,21965110.9009,0.000199999660254,0
pointer_move,21965110.9013,0.00650000199676,2
frame_deferred,21965110.9505,9.99979674816e-05,0
paint,21965110.9486,0.00209999829531,2
draw_commands,21965115.9447,0.566500000656,0
end_draw,21965116.5114,0.481499999762,2
present,21965116.9929,0.0743000023067,2
paint,21965115.9346,1.13280000165,2
input_age_ms,21965119.0196,0.000399999320507,0
pointer_move,21965119.0202,0.00789999961853,2
frame_deferred,21965119.0808,0,0
paint,21965119.0774,0.00349999964237,2
input_age_ms,21965126.9253,0.000200003385544,0
pointer_move,21965126.9258,0.0058999992907,2
frame_deferred,21965126.9742,0,0
paint,21965126.9721,0.00219999998808,2
draw_commands,21965132.629,0.594399999827,0
end_draw,21965133.2236,0.484999999404,2
present,21965133.7087,0.0742000006139,2
paint,21965132.6185,1.16469999775,2
input_age_ms,21965135.1882,0.000500001013279,0
pointer_move,21965135.1889,0.00799999758601,2
frame_deferred,21965135.2506,0,0
paint,21965135.2474,0.00329999998212,2
input_age_ms,21965142.9073,0.000300001353025,0
pointer_move,21965142.9078,0.00699999928474,2
frame_deferred,21965142.9601,0,0
paint,21965142.9581,0.0021000020206,2
draw_commands,21965149.2406,0.650799997151,0
end_draw,21965149.8916,0.453599996865,2
present,21965150.3453,0.0711000002921,2
paint,21965149.2287,1.18809999898,2
input_age_ms,21965151.069,0.000200003385544,0
pointer_move,21965151.0694,0.00699999928474,2
frame_deferred,21965151.1255,9.99979674816e-05,0
paint,21965151.1237,0.00189999863505,2
input_age_ms,21965158.87,0.000199999660254,0
pointer_move,21965158.8705,0.00650000199676,2
frame_deferred,21965158.9171,9.99979674816e-05,0
paint,21965158.9153,0.00200000032783,2
draw_commands,21965166.0738,0.807699996978,0
end_draw,21965166.8817,0.564699999988,2
present,21965167.4467,0.103100001812,2
paint,21965166.0647,1.48530000076,2
input_age_ms,21965167.8641,0.000199999660254,15
pointer_move,21965167.8645,0.00750000029802,2
frame_deferred,21965167.9441,0.000199999660254,0
paint,21965167.942,0.00239999964833,2
input_age_ms,21965174.9944,0.000300001353025,0
pointer_move,21965174.995,0.0103999972343,2
frame_deferred,21965175.1014,0.000199999660254,0
paint,21965175.0984,0.0033999979496,2
draw_commands,21965182.8266,0.534800000489,0
end_draw,21965183.3685,0.465399999171,2
present,21965183.8341,0.0603999979794,2
paint,21965182.8169,1.07770000026,2
input_age_ms,21965184.1242,9.99979674816e-05,16
pointer_move,21965184.1245,0.00730000063777,2
frame_deferred,21965184.3491,0.000199999660254,0
paint,21965184.3471,0.00239999964833,2
input_age_ms,21965191.0615,0.000299997627735,0
pointer_move,21965191.062,0.0063000023365,2
frame_deferred,21965191.274,9.99979674816e-05,0
paint,21965191.2714,0.00290000066161,2
input_age_ms,21965198.9282,0.000300001353025,0
pointer_move,21965198.9286,0.00659999996424,2
frame_deferred,21965198.9805,9.99979674816e-05,0
paint,21965198.9781,0.00259999930859,2
draw_commands,21965199.4005,0.588600002229,0
end_draw,21965199.9892,0.462700001895,2
present,21965200.4519,0.0799999982119,2
paint,21965199.3885,1.1436999999,2
input_age_ms,21965206.9169,0.000299997627735,0
pointer_move,21965206.9173,0.00629999861121,2
frame_deferred,21965206.9661,0.000100001692772,0
paint,21965206.9633,0.00290000066161,2
input_age_ms,21965215.5325,0.000400003045797,0
pointer_move,21965215.5332,0.0188999995589,2
frame_deferred,21965215.7427,0.000100001692772,0
paint,21965215.7407,0.00230000168085,2
draw_commands,21965216.0507,0.529299996793,0
end_draw,21965216.5802,0.469799999148,2
present,21965217.0501,0.214800000191,2
paint,21965216.0389,1.22670000046,2
input_age_ms,21965223.1329,0.000199999660254,0
pointer_move,21965223.1333,0.00560000166297,2
frame_deferred,21965223.182,0,0
paint,21965223.1796,0.0025000013411,2
input_age_ms,21965231.1348,0.000400003045797,0
pointer_move,21965231.1354,0.0172999985516,2
frame_deferred,21965231.2294,0.000199999660254,0
paint,21965231.2269,0.00279999896884,2
draw_commands,21965232.7275,0.658100001514,0
end_draw,21965233.3857,0.633100003004,2
present,21965234.0189,0.0780000016093,2
paint,21965232.7165,1.38060000166,2
input_age_ms,21965238.9071,0.000199999660254,0
pointer_move,21965238.9075,0.00679999962449,2
frame_deferred,21965238.9588,0.000100001692772,0
paint,21965238.9564,0.00299999862909,2
input_age_ms,21965247.1348,0.000400003045797,0
pointer_move,21965247.1353,0.0179000012577,2
frame_deferred,21965247.2485,0.000199999660254,0
paint,21965247.2464,0.0025000013411,2
draw_commands,21965249.3036,0.63599999994,0
end_draw,21965249.9397,0.431899998337,2
present,21965250.3717,0.0841999985278,2
paint,21965249.2935,1.16259999946,2
input_age_ms,21965254.9974,0.000199999660254,0
pointer_move,21965254.9979,0.00649999827147,2
frame_deferred,21965255.0493,0.000100001692772,0
paint,21965255.0464,0.00300000235438,2
input_age_ms,21965262.8879,0.000199999660254,0
pointer_move,21965262.8884,0.00479999929667,2
frame_deferred,21965262.9376,9.99979674816e-05,0
paint,21965262.9357,0.0021000020206,2
draw_commands,21965266.6394,0.772199999541,0
end_draw,21965267.4117,0.816400002688,2
present,21965268.2283,0.140399999917,2
paint,21965266.6203,1.74970000237,2
input_age_ms,21965271.5353,0.00139999762177,0
pointer_move,21965271.537,0.0135000012815,2
frame_deferred,21965271.6256,0.000100001692772,0
paint,21965271.6224,0.0033999979496,2
input_age_ms,21965278.9167,0.000199999660254,0
pointer_move,21965278.9171,0.00669999793172,2
frame_deferred,21965278.9928,9.99979674816e-05,0
paint,21965278.9907,0.00230000168085,2
draw_commands,21965283.554,0.555599998683,0
end_draw,21965284.1099,0.527300000191,2
present,21965284.6373,0.084699999541,2
paint,21965283.542,1.18019999936,2
input_age_ms,21965286.9231,0.000300001353025,0
pointer_move,21965286.9236,0.00560000166297,2
frame_deferred,21965286.9688,0,0
paint,21965286.9662,0.00269999727607,2
input_age_ms,21965295.0219,0.000500001013279,0
pointer_move,21965295.0227,0.007199998945,2
frame_deferred,21965295.083,9.99979674816e-05,0
paint,21965295.0807,0.00290000066161,2
draw_commands,21965299.3402,0.596799999475,0
end_draw,21965299.9372,1.20920000225,2
present,21965301.1467,0.0767999999225,2
paint,21965299.3286,1.89519999921,2
input_age_ms,21965310.8487,0.000499997287989,0
pointer_move,21965310.8494,0.00620000064373,2
frame_deferred,21965310.8948,0.000100001692772,0
paint,21965310.8925,0.0025000013411,2
draw_commands,21965315.9851,0.80529999733,0
end_draw,21965316.7906,0.54469999671,2
present,21965317.3361,0.0865000002086,2
paint,21965315.9641,1.45859999955,2
input_age_ms,21965318.9434,0.000500001013279,0
pointer_move,21965318.9442,0.00609999895096,2
frame_deferred,21965318.9911,0.000100001692772,0
paint,21965318.9889,0.00230000168085,2
input_age_ms,21965326.9583,0.000500001013279,0
pointer_move,21965326.9591,0.0117999985814,2
frame_deferred,21965327.065,0.000199999660254,0
paint,21965327.063,0.00239999964833,2
draw_commands,21965332.7755,0.591400001198,0
end_draw,21965333.367,0.511800002307,2
present,21965333.879,0.0746999979019,2
paint,21965332.763,1.19089999795,2
input_age_ms,21965335.1364,0.000199999660254,0
pointer_move,21965335.1371,0.00710000097752,2
frame_deferred,21965335.1921,0,0
paint,21965335.1901,0.00219999998808,2
input_age_ms,21965343.3275,0.000199999660254,0
pointer_move,21965343.328,0.00789999961853,2
frame_deferred,21965343.3873,0.000100001692772,0
paint,21965343.3852,0.00229999795556,2
draw_commands,21965349.393,0.581399999559,0
end_draw,21965349.9746,0.772900000215,2
present,21965350.7476,0.102099999785,2
paint,21965349.3829,1.46690000221,2
input_age_ms,21965351.0877,0.000200003385544,0
pointer_move,21965351.0882,0.00830000266433,2
frame_deferred,21965351.1683,0.000199999660254,0
paint,21965351.1665,0.00230000168085,2
input_age_ms,21965359.417,0.000399999320507,0
pointer_move,21965359.4209,0.0172000005841,2
frame_deferred,21965359.5338,0.000200003385544,0
paint,21965359.5314,0.00280000269413,2
draw_commands,21965365.9691,0.638500001281,0
end_draw,21965366.6079,0.49980000034,2
present,21965367.1079,0.068599998951,2
paint,21965365.9581,1.21860000119,2
input_age_ms,21965367.4479,0.000199999660254,0
pointer_move,21965367.4483,0.0075999982655,2
frame_deferred,21965367.5262,9.99979674816e-05,0
paint,21965367.5242,0.00230000168085,2
input_age_ms,21965374.8547,0.000199999660254,0
pointer_move,21965374.8551,0.00620000064373,2
frame_deferred,21965374.9029,0.000100001692772,0
paint,21965374.9011,0.00200000032783,2
draw_commands,21965382.5278,0.563199996948,0
end_draw,21965383.0913,0.500100001693,2
present,21965383.5918,0.0683000013232,2
paint,21965382.5168,1.14350000024,2
input_age_ms,21965383.9049,0.000300001353025,0
pointer_move,21965383.9053,0.00740000233054,2
frame_deferred,21965383.9679,9.99979674816e-05,0
paint,21965383.9652,0.00290000066161,2
input_age_ms,21965390.9382,0.000299997627735,0
pointer_move,21965390.9386,0.00730000063777,2
frame_deferred,21965390.9903,0,0
paint,21965390.9884,0.00200000032783,2
input_age_ms,21965399.4086,0.000600002706051,0
pointer_move,21965399.4096,0.007199998945,2
draw_commands,21965399.5292,0.589999999851,0
end_draw,21965400.1194,0.618000000715,2
present,21965400.7374,0.0694000013173,2
paint,21965399.5167,1.29030000046,2
input_age_ms,21965407.0815,0.000900000333786,0
pointer_move,21965407.0826,0.00829999893904,2
frame_deferred,21965407.157,9.99979674816e-05,0
paint,21965407.1551,0.0021000020206,2
input_age_ms,21965414.9145,0.000699996948242,0
pointer_move,21965414.9154,0.00740000233054,2
frame_deferred,21965414.9714,0.000100001692772,0
paint,21965414.9694,0.00219999998808,2
draw_commands,21965415.9178,0.54449999705,0
end_draw,21965416.4624,0.483300000429,2
present,21965416.9458,0.0580000020564,2
paint,21965415.9056,1.09849999845,2
input_age_ms,21965422.9049,0.000199999660254,0
pointer_move,21965422.9053,0.00600000098348,2
frame_deferred,21965422.9519,0,0
paint,21965422.9495,0.0025000013411,2
input_age_ms,21965430.9561,0.000300001353025,0
pointer_move,21965430.9566,0.00730000063777,2
frame_deferred,21965431.0136,0,0
paint,21965431.0112,0.0025000013411,2
draw_commands,21965432.6948,0.651499997824,0
end_draw,21965433.3466,0.471999999136,2
present,21965433.8187,0.0718999989331,2
paint,21965432.6354,1.25530000031,2
input_age_ms,21965438.876,0.000300001353025,0
pointer_move,21965438.8764,0.00629999861121,2
frame_deferred,21965438.9242,0.000100001692772,0
paint,21965438.921,0.00340000167489,2
input_age_ms,21965446.9121,0.000300001353025,0
pointer_move,21965446.9126,0.0063000023365,2
frame_deferred,21965446.9626,0,0
paint,21965446.9603,0.0025000013411,2
draw_commands,21965449.652,0.820199999958,0
end_draw,21965450.4724,0.494200002402,2
present,21965450.9667,0.116500001401,2
paint,21965449.6406,1.44299999997,2
input_age_ms,21965456.9732,0.000900000333786,0
pointer_move,21965456.9744,0.0215000025928,2
frame_deferred,21965457.2085,0.000199999660254,0
paint,21965457.206,0.00279999896884,2
input_age_ms,21965462.8259,0.000300001353025,0
pointer_move,21965462.8264,0.00620000064373,2
frame_deferred,21965462.8737,0,0
paint,21965462.8718,0.00209999829531,2
draw_commands,21965466.0072,0.620700001717,0
end_draw,21965466.6281,0.590999998152,2
present,21965467.2193,0.0650999993086,2
paint,21965465.9855,1.29919999838,2
input_age_ms,21965470.9235,0.000399999320507,0
pointer_move,21965470.9241,0.00559999793768,2
frame_deferred,21965470.9708,0,0
paint,21965470.9686,0.00229999795556,2
draw_commands,21965482.7287,0.58960000053,0
end_draw,21965483.3185,0.695699997246,2
present,21965484.0143,0.0855000019073,2
paint,21965482.7188,1.38120000064,2
input_age_ms,21965487.0409,0.000300001353025,0
pointer_move,21965487.0414,0.00710000097752,2
frame_deferred,21965487.092,9.99979674816e-05,0
paint,21965487.0896,0.00249999761581,2
draw_commands,21965499.3554,0.763599999249,0
end_draw,21965500.1193,0.465599998832,2
present,21965500.5851,0.0874000005424,2
paint,21965499.3464,1.32629999891,2
draw_commands,21965768.0719,0.461300000548,0
end_draw,21965768.5334,0.466200001538,2
present,21965768.9997,0.0722000002861,2
paint,21965768.062,1.01009999961,2
input_age_ms,21965798.5406,0.000299997627735,0
draw_commands,21965798.5834,0.454199999571,0
end_draw,21965799.0376,0.46970000118,2
present,21965799.5074,0.0833999998868,2
paint,21965798.5742,1.01669999957,2
pointer_move,21965798.5411,1.07600000128,2
input_age_ms,21965806.8126,0.000399999320507,0
frame_deferred,21965806.8501,0.000100001692772,0
paint,21965806.8479,0.00230000168085,2
pointer_move,21965806.8132,0.0498999990523,2
input_age_ms,21965814.5606,0.000299997627735,0
frame_deferred,21965814.5927,0,0
paint,21965814.5908,0.00200000032783,2
pointer_move,21965814.5611,0.0447000004351,2
input_age_ms,21965823.0843,0.000799998641014,15
draw_commands,21965823.2235,1.81870000064,0
end_draw,21965825.0427,1.71079999954,2
present,21965826.754,0.231699999422,2
paint,21965823.1994,3.78700000048,2
pointer_move,21965823.0858,4.30900000036,2
input_age_ms,21965831.1876,0.000599998980761,0
frame_deferred,21965831.3066,0.000299997627735,0
paint,21965831.3002,0.00710000097752,2
pointer_move,21965831.1889,0.228000000119,2
input_age_ms,21965839.0532,0.000800002366304,0
draw_commands,21965839.1957,2.17439999804,0
end_draw,21965841.371,1.6854000017,2
present,21965843.0751,0.222799997777,2
paint,21965839.1707,4.127700001,2
pointer_move,21965839.0548,4.38269999996,2
input_age_ms,21965847.0755,0.00119999796152,0
frame_deferred,21965847.1978,0.000300001353025,0
paint,21965847.1908,0.00769999995828,2
pointer_move,21965847.0775,0.173200000077,2
input_age_ms,21965855.0391,0.000800002366304,0
draw_commands,21965855.1506,1.53989999741,0
end_draw,21965856.6908,1.17489999905,2
present,21965857.8659,0.146900001913,2
paint,21965855.1288,2.88459999859,2
pointer_move,21965855.0405,3.25310000032,2
input_age_ms,21965862.7588,0.000500001013279,0
frame_deferred,21965862.8268,0.000199999660254,0
paint,21965862.8229,0.00429999828339,2
pointer_move,21965862.7598,0.0950000025332,2
input_age_ms,21965870.7109,0.000399999320507,0
draw_commands,21965870.7718,0.685300000012,0
end_draw,21965871.4572,0.598100002855,2
present,21965872.0555,0.0927000008523,2
paint,21965870.7596,1.38880000263,2
pointer_move,21965870.7116,1.4626000002,2
input_age_ms,21965878.7055,0.000399999320507,0
frame_deferred,21965878.7795,0.000199999660254,0
paint,21965878.7772,0.00270000100136,2
pointer_move,21965878.7062,0.15150000155,2
input_age_ms,21965886.6047,0.000399999320507,0
draw_commands,21965886.6531,0.464700002223,0
end_draw,21965887.1179,0.424100000411,2
present,21965887.5421,0.0746999979019,2
paint,21965886.6414,0.975500002503,2
pointer_move,21965886.6054,1.03220000118,2
input_age_ms,21965894.5435,0.000300001353025,0
frame_deferred,21965894.5782,0,0
paint,21965894.5762,0.00209999829531,2
pointer_move,21965894.544,0.0471000000834,2
input_age_ms,21965902.653,0.000799998641014,0
draw_commands,21965902.6961,0.457899998873,0
end_draw,21965903.1541,0.414899997413,2
present,21965903.5691,0.0619999989867,2
paint,21965902.6866,0.944600000978,2
pointer_move,21965902.6541,0.993999999017,2
input_age_ms,21965910.5577,0.000299997627735,0
frame_deferred,21965910.5907,0,0
paint,21965910.589,0.00179999694228,2
pointer_move,21965910.5582,0.0446999967098,2
input_age_ms,21965918.6248,0.000300001353025,0
draw_commands,21965918.6753,0.525400001556,0
end_draw,21965919.2008,0.492199998349,2
present,21965919.6934,0.0813999995589,2
paint,21965918.6637,1.11129999906,2
pointer_move,21965918.6254,1.23350000009,2
input_age_ms,21965926.6062,0.000300001353025,0
frame_deferred,21965926.6441,0,0
paint,21965926.6417,0.0025000013411,2
pointer_move,21965926.6067,0.0507000014186,2
input_age_ms,21965934.6043,0.000300001353025,0
draw_commands,21965934.6551,0.503100000322,0
end_draw,21965935.1584,0.483200002462,2
present,21965935.6417,0.0749000012875,2
paint,21965934.6431,1.0736999996,2
pointer_move,21965934.6049,2.02430000156,2
input_age_ms,21965942.5518,0.000199999660254,0
frame_deferred,21965942.5865,9.99979674816e-05,0
paint,21965942.5843,0.00239999964833,2
pointer_move,21965942.5523,0.0472999997437,2
input_age_ms,21965951.0872,0.000399999320507,0
draw_commands,21965951.1887,0.542099997401,0
end_draw,21965951.731,0.447000000626,2
present,21965952.1781,0.0645999982953,2
paint,21965951.1767,1.0661999993,2
pointer_move,21965951.0879,1.35309999809,2
input_age_ms,21965958.5829,0.000199999660254,0
frame_deferred,21965958.6191,0,0
paint,21965958.617,0.00260000303388,2
pointer_move,21965958.5834,0.0494000017643,2
input_age_ms,21965966.7125,0.000300001353025,0
draw_commands,21965966.7866,0.727599997073,0
end_draw,21965967.5144,0.529799997807,2
present,21965968.0443,0.0944999977946,2
paint,21965966.7596,1.37950000167,2
pointer_move,21965966.7131,1.46700000018,2
input_age_ms,21965974.6439,0.000300001353025,0
frame_deferred,21965974.6797,0,0
paint,21965974.677,0.00279999896884,2
pointer_move,21965974.6444,0.048599999398,2
input_age_ms,21965982.8795,0.000499997287989,0
draw_commands,21965982.9919,0.607000000775,0
end_draw,21965983.5991,0.600800000131,2
present,21965984.2002,0.0905000008643,2
paint,21965982.9779,1.31300000101,2
pointer_move,21965982.8803,1.45969999954,2
input_age_ms,21965990.5673,0.000300001353025,0
frame_deferred,21965990.6041,0,0
paint,21965990.6018,0.00240000337362,2
pointer_move,21965990.5678,0.0500999987125,2
input_age_ms,21965998.6351,0.000300001353025,0
frame_deferred,21965998.6672,0.000100001692772,0
paint,21965998.6648,0.00259999930859,2
pointer_move,21965998.6355,0.0758999995887,2
input_age_ms,21966006.6708,0.000300001353025,0
draw_commands,21966006.7183,0.475600000471,0
end_draw,21966007.194,0.40170000121,2
present,21966007.5958,0.0623000003397,2
paint,21966006.7077,0.950500000268,2
pointer_move,21966006.6714,1.00510000065,2
input_age_ms,21966014.5825,0.000300001353025,0
frame_deferred,21966014.6177,0,0
paint,21966014.6156,0.00219999998808,2
pointer_move,21966014.583,0.0478999987245,2
input_age_ms,21966022.572,0.000299997627735,0
draw_commands,21966022.6178,0.469000000507,0
end_draw,21966023.0869,0.445700000972,2
present,21966023.5327,0.102900002152,2
paint,21966022.608,1.02760000154,2
pointer_move,21966022.5725,1.08129999787,2
input_age_ms,21966030.5729,0.000299997627735,0
frame_deferred,21966030.6103,9.99979674816e-05,0
paint,21966030.6081,0.00239999964833,2
pointer_move,21966030.5734,0.0505000017583,2
input_age_ms,21966038.5807,0.000300001353025,0
draw_commands,21966038.6232,0.454199999571,0
end_draw,21966039.0775,0.42139999941,2
present,21966039.499,0.0605999976397,2
paint,21966038.6135,0.946100000292,2
pointer_move,21966038.5812,0.998799998313,2
input_age_ms,21966046.569,0.000300001353025,0
frame_deferred,21966046.6082,0.000100001692772,0
paint,21966046.6059,0.00249999761581,2
pointer_move,21966046.5733,0.047800000757,2
input_age_ms,21966054.5793,0.000299997627735,0
draw_commands,21966054.6239,0.459800001234,0
end_draw,21966055.0838,0.411900002509,2
present,21966055.4958,0.0560000017285,2
paint,21966054.6139,0.938000001013,2
pointer_move,21966054.5798,0.98900000006,2
input_age_ms,21966062.6196,0.000299997627735,0
frame_deferred,21966062.6553,0.000100001692772,0
paint,21966062.6534,0.00209999829531,2
pointer_move,21966062.6201,0.0480000004172,2
input_age_ms,21966070.6539,0.000299997627735,0
draw_commands,21966070.6975,0.449099998921,0
end_draw,21966071.1466,0.438799999654,2
present,21966071.5855,0.0607000030577,2
paint,21966070.6877,0.958599999547,2
pointer_move,21966070.6544,1.01010000333,2
input_age_ms,21966078.5774,0.000399999320507,0
frame_deferred,21966078.617,0,0
paint,21966078.6145,0.00259999930859,2
pointer_move,21966078.5781,0.0531000010669,2
input_age_ms,21966086.5928,0.000300001353025,0
draw_commands,21966086.637,0.460100002587,0
end_draw,21966087.0972,0.418800000101,2
present,21966087.5161,0.0605999976397,2
paint,21966086.6268,0.949999999255,2
pointer_move,21966086.5933,1.00160000101,2
input_age_ms,21966094.6741,0.000300001353025,0
frame_deferred,21966094.7119,0.000100001692772,0
paint,21966094.7097,0.00239999964833,2
pointer_move,21966094.6748,0.176999997348,2
input_age_ms,21966102.6327,0.000399999320507,0
draw_commands,21966102.6789,0.479699999094,0
end_draw,21966103.1587,0.461799997836,2
present,21966103.6206,0.0608999989927,2
paint,21966102.669,1.01260000095,2
pointer_move,21966102.6333,1.0700000003,2
input_age_ms,21966110.5717,0.000399999320507,0
frame_deferred,21966110.6083,0,0
paint,21966110.6056,0.00279999896884,2
pointer_move,21966110.5724,0.0485000014305,2
input_age_ms,21966118.5818,0.000300001353025,0
draw_commands,21966118.6254,0.456000000238,0
end_draw,21966119.0815,0.424300000072,2
present,21966119.5059,0.061700001359,2
paint,21966118.6156,0.95209999755,2
pointer_move,21966118.5823,1.00319999829,2
input_age_ms,21966126.5732,0.000199999660254,0
frame_deferred,21966126.6084,0.000100001692772,0
paint,21966126.6066,0.00189999863505,2
pointer_move,21966126.5737,0.0489999987185,2
input_age_ms,21966134.6446,0.000500001013279,0
draw_commands,21966134.7096,0.667599998415,0
end_draw,21966135.3773,0.505599997938,2
present,21966135.883,0.0715999975801,2
paint,21966134.6925,1.26249999925,2
pointer_move,21966134.6454,1.34349999949,2
input_age_ms,21966142.5835,0.000199999660254,0
frame_deferred,21966142.6186,0,0
paint,21966142.6166,0.00259999930859,2
pointer_move,21966142.584,0.0483000017703,2
input_age_ms,21966150.6126,0.000400003045797,0
draw_commands,21966150.6617,0.463600002229,0
end_draw,21966151.1254,0.439800001681,2
present,21966151.5653,0.068100001663,2
paint,21966150.6505,0.982999999076,2
pointer_move,21966150.6133,1.0410999991,2
input_age_ms,21966158.556,0.000299997627735,0
frame_deferred,21966158.5919,0.000100001692772,0
paint,21966158.5893,0.00270000100136,2
pointer_move,21966158.5565,0.0482000000775,2
input_age_ms,21966166.5649,0.000399999320507,0
draw_commands,21966166.621,0.605599999428,0
end_draw,21966167.2267,0.472599998116,2
present,21966167.6996,0.0791000016034,2
paint,21966166.6067,1.1724999994,2
pointer_move,21966166.5659,1.25049999729,2
input_age_ms,21966174.6396,0.000299997627735,0
frame_deferred,21966174.6755,0,0
paint,21966174.6734,0.00219999998808,2
pointer_move,21966174.6401,0.04810000211,2
input_age_ms,21966182.6593,0.000500001013279,0
draw_commands,21966182.7632,0.53559999913,0
end_draw,21966183.299,0.485700000077,2
present,21966183.7849,0.0723999999464,2
paint,21966182.7504,1.1074000001,2
pointer_move,21966182.66,1.23640000075,2
input_age_ms,21966238.8845,0.000299997627735,0
draw_commands,21966238.9729,0.468299999833,0
end_draw,21966239.4413,0.425599999726,2
present,21966239.867,0.0706000030041,2
paint,21966238.9631,0.974599998444,2
pointer_move,21966238.8851,1.18710000068,2
input_age_ms,21966342.624,0.000499997287989,0
draw_commands,21966342.6841,0.51780000329,0
end_draw,21966343.2021,0.456499997526,2
present,21966343.6587,0.0881000012159,2
paint,21966342.6692,1.07770000026,2
pointer_move,21966342.6248,1.15039999783,2
input_age_ms,21966350.6548,0.000399999320507,0
draw_commands,21966350.7109,0.54639999941,0
end_draw,21966351.2574,0.470600001514,2
present,21966351.7281,0.0659999996424,2
paint,21966350.6953,1.09899999946,2
pointer_move,21966350.6555,1.16330000013,2
frame_deferred,21966352.0357,0.000199999660254,0
paint,21966352.0342,0.00189999863505,2
pointer_move,21966351.9404,0.254000000656,2
frame_deferred,21966352.8449,0.000799998641014,0
paint,21966352.8422,0.00369999930263,2
input_age_ms,21966358.9538,0.000199999660254,0
pointer_move,21966358.9543,0.00629999861121,2
frame_deferred,21966359.0049,9.99979674816e-05,0
paint,21966359.003,0.0021000020206,2
draw_commands,21966365.9512,0.565600000322,0
end_draw,21966366.5169,0.520800001919,2
present,21966367.0378,0.0712000019848,2
paint,21966365.9409,1.16829999909,2
input_age_ms,21966367.6223,0.000399999320507,0
pointer_move,21966367.6231,0.007199998945,2
frame_deferred,21966367.6855,0.000100001692772,0
paint,21966367.6832,0.00249999761581,2
input_age_ms,21966367.9345,0.000499997287989,0
pointer_move,21966367.9353,0.00560000166297,2
frame_deferred,21966367.9774,9.99979674816e-05,0
paint,21966367.9761,0.00149999931455,2
input_age_ms,21966374.919,0.000199999660254,0
pointer_move,21966374.9195,0.00669999793172,2
frame_deferred,21966374.9693,9.99979674816e-05,0
paint,21966374.9667,0.00280000269413,2
draw_commands,21966382.6181,0.617300000042,0
end_draw,21966383.2355,0.496599998325,2
present,21966383.7323,0.0818000026047,2
paint,21966382.6077,1.20669999719,2
input_age_ms,21966384.0775,0.000199999660254,0
pointer_move,21966384.078,0.00769999995828,2
frame_deferred,21966384.1626,0.000100001692772,0
paint,21966384.1597,0.00320000201464,2
input_age_ms,21966390.9219,0.000199999660254,0
pointer_move,21966390.9223,0.007199998945,2
frame_deferred,21966390.9727,0.000100001692772,0
paint,21966390.9701,0.00279999896884,2
input_age_ms,21966398.8782,0.000200003385544,0
pointer_move,21966398.8786,0.00530000030994,2
frame_deferred,21966398.923,9.99979674816e-05,0
paint,21966398.9212,0.00189999863505,2
draw_commands,21966399.2324,0.568399999291,0
end_draw,21966399.8009,0.787699997425,2
present,21966400.5889,0.0694999992847,2
paint,21966399.2213,1.4375,2
input_age_ms,21966406.9477,0.000199999660254,0
pointer_move,21966406.9481,0.00689999759197,2
frame_deferred,21966406.9967,0,0
paint,21966406.994,0.00280000269413,2
input_age_ms,21966414.9039,0.000199999660254,0
pointer_move,21966414.9042,0.00500000268221,2
frame_deferred,21966414.9476,0,0
paint,21966414.9458,0.00190000236034,2
draw_commands,21966415.9758,0.591800000519,0
end_draw,21966416.5678,1.03449999914,2
present,21966417.6025,0.0864000022411,2
paint,21966415.9502,1.73900000006,2
input_age_ms,21966422.9311,0.000199999660254,0
pointer_move,21966422.9315,0.00560000166297,2
frame_deferred,21966422.9801,0,0
paint,21966422.9778,0.00239999964833,2
input_age_ms,21966430.8845,0.000199999660254,0
pointer_move,21966430.8848,0.00600000098348,2
frame_deferred,21966430.9348,0,0
paint,21966430.9329,0.00200000032783,2
draw_commands,21966432.8549,0.627399999648,0
end_draw,21966433.4824,1.14530000091,2
present,21966434.628,0.0728000029922,2
paint,21966432.8445,1.85649999976,2
input_age_ms,21966438.9276,0.000199999660254,0
pointer_move,21966438.928,0.00609999895096,2
frame_deferred,21966438.9748,9.99979674816e-05,0
paint,21966438.9725,0.00239999964833,2
input_age_ms,21966446.8568,9.99979674816e-05,0
pointer_move,21966446.8571,0.00560000166297,2
frame_deferred,21966446.9016,0.000100001692772,0
paint,21966446.8997,0.00209999829531,2
draw_commands,21966449.6385,0.600099999458,0
end_draw,21966450.2388,0.604499999434,2
present,21966450.8435,0.0927999988198,2
paint,21966449.6273,1.30929999799,2
input_age_ms,21966454.9509,0.000199999660254,0
pointer_move,21966454.9514,0.00750000029802,2
frame_deferred,21966455.0003,0,0
paint,21966454.9976,0.00279999896884,2
input_age_ms,21966463.3182,0.000199999660254,0
pointer_move,21966463.3187,0.00659999996424,2
frame_deferred,21966463.5846,0.000199999660254,0
paint,21966463.5821,0.00290000066161,2
draw_commands,21966466.084,0.598000001162,0
end_draw,21966466.6822,0.534499999136,2
present,21966467.217,0.104699999094,2
paint,21966466.0622,1.25970000029,2
input_age_ms,21966480.3673,0.000300001353025,16
pointer_move,21966480.3678,0.0240000002086,2
frame_deferred,21966480.6486,0.000199999660254,0
paint,21966480.6454,0.00360000133514,2
draw_commands,21966482.7835,0.616299998015,0
end_draw,21966483.3999,1.31359999999,2
present,21966484.7138,0.0864000022411,2
paint,21966482.7536,2.04690000042,2
input_age_ms,21966487.0988,0.000199999660254,0
pointer_move,21966487.0992,0.00750000029802,2
frame_deferred,21966487.16,0.000100001692772,0
paint,21966487.1575,0.00270000100136,2
input_age_ms,21966495.4488,0.000399999320507,15
pointer_move,21966495.4494,0.0573000013828,2
frame_deferred,21966495.5541,0.000100001692772,0
paint,21966495.552,0.00229999795556,2
draw_commands,21966499.3505,0.588700000197,0
end_draw,21966499.9394,0.523900002241,2
present,21966500.4634,0.0745999999344,2
paint,21966499.3413,1.19700000063,2
input_age_ms,21966502.9761,0.000299997627735,0
pointer_move,21966502.9769,0.00629999861121,2
frame_deferred,21966503.0245,0,0
paint,21966503.0222,0.00239999964833,2
input_age_ms,21966510.9419,0.000199999660254,0
pointer_move,21966510.9424,0.0058999992907,2
frame_deferred,21966510.9894,0,0
paint,21966510.9875,0.00200000032783,2
draw_commands,21966516.2633,0.592000000179,0
end_draw,21966516.8558,0.705499999225,2
present,21966517.5614,0.076400000602,2
paint,21966516.2508,1.38729999959,2
input_age_ms,21966518.9686,0.000199999660254,0
pointer_move,21966518.969,0.00640000030398,2
frame_deferred,21966519.0148,9.99979674816e-05,0
paint,21966519.013,0.00189999863505,2
draw_commands,21966532.7772,0.554400000721,0
end_draw,21966533.3317,0.924199998379,2
present,21966534.2562,0.08920000121,2
paint,21966532.7673,1.57840000093,2
input_age_ms,21966543.1952,0.000300001353025,0
pointer_move,21966543.1958,0.0175999999046,2
frame_deferred,21966543.3443,0.000199999660254,0
paint,21966543.3415,0.00320000201464,2
draw_commands,21966549.3802,0.530900001526,0
end_draw,21966549.9113,0.501499999315,2
present,21966550.4129,0.0714999996126,2
paint,21966549.3693,1.11529999971,2
input_age_ms,21966567.5142,0.000200003385544,0
pointer_move,21966567.5147,0.00780000165105,2
draw_commands,21966567.5851,0.522300001234,0
end_draw,21966568.1075,0.477299999446,2
present,21966568.5849,0.0641999989748,2
paint,21966567.5707,1.07860000059,2
input_age_ms,21966585.9255,0.000599998980761,0
pointer_move,21966585.9271,0.0197000019252,2
draw_commands,21966586.5787,2.07300000265,0
end_draw,21966588.6523,1.66959999874,2
present,21966590.3224,0.22289999947,2
paint,21966586.5515,3.99439999834,2
input_age_ms,21966599.4584,0.000500001013279,0
pointer_move,21966599.4593,0.0115999989212,2
draw_commands,21966600.1904,1.07699999958,0
end_draw,21966601.2677,1.18509999663,2
present,21966602.4535,0.185400001705,2
paint,21966600.1705,2.46860000119,2
input_age_ms,21966615.0466,0.000199999660254,0
pointer_move,21966615.0475,0.007199998945,2
frame_deferred,21966615.1043,0.000100001692772,0
paint,21966615.1013,0.00310000032187,2
draw_commands,21966616.0039,1.07690000162,0
end_draw,21966617.0816,0.853900000453,2
present,21966617.9358,0.0901999995112,2
paint,21966615.992,2.03429999948,2
input_age_ms,21966639.0462,0.000300001353025,0
pointer_move,21966639.0467,0.00840000063181,2
draw_commands,21966639.1146,0.598200000823,0
end_draw,21966639.7129,0.543199997395,2
present,21966640.2562,0.0793999992311,2
paint,21966639.1035,1.23220000044,2
input_age_ms,21966655.0515,0.000199999660254,0
pointer_move,21966655.0519,0.00769999995828,2
draw_commands,21966655.1131,0.503800000995,0
end_draw,21966655.617,0.448699999601,2
present,21966656.0658,0.077199999243,2
paint,21966655.1014,1.04170000181,2
input_age_ms,21966663.0058,0.000499997287989,0
pointer_move,21966663.007,0.00730000063777,2
frame_deferred,21966663.0625,0.000100001692772,0
paint,21966663.0594,0.00320000201464,2
frame_deferred,21966664.8916,0.000199999660254,0
paint,21966664.8898,0.00239999964833,2
draw_commands,21966666.0219,0.546900000423,0
end_draw,21966666.5691,0.479499999434,2
present,21966667.0487,0.0634000003338,2
paint,21966666.0112,1.10099999979,2
input_age_ms,21966670.7303,0.000599998980761,0
frame_deferred,21966670.7763,0.000100001692772,0
paint,21966670.7728,0.00410000234842,2
pointer_move,21966670.7312,0.0592000000179,2
input_age_ms,21966679.043,0.000299997627735,0
frame_deferred,21966679.3521,0.000199999660254,0
paint,21966679.3499,0.00259999930859,2
pointer_move,21966679.0436,0.514600001276,2
input_age_ms,21966686.6695,0.000299997627735,0
draw_commands,21966686.7166,0.464499998838,0
end_draw,21966687.1811,0.424899999052,2
present,21966687.606,0.0667000003159,2
paint,21966686.7057,0.967100001872,2
pointer_move,21966686.6701,1.0223999992,2
input_age_ms,21966695.8483,0.000400003045797,0
frame_deferred,21966696.0516,9.99979674816e-05,0
paint,21966696.0494,0.00249999761581,2
pointer_move,21966695.8491,0.300099998713,2
input_age_ms,21966702.6277,0.000299997627735,0
draw_commands,21966702.675,0.462600000203,0
end_draw,21966703.1377,0.451400000602,2
present,21966703.5892,0.0612999983132,2
paint,21966702.6639,0.986700002104,2
pointer_move,21966702.6283,1.03999999911,2
input_age_ms,21966711.7691,0.000300001353025,0
frame_deferred,21966712.0582,0.000199999660254,0
paint,21966712.0556,0.00300000235438,2
pointer_move,21966711.7696,0.35929999873,2
input_age_ms,21966718.6178,0.000299997627735,0
draw_commands,21966718.6684,0.494599997997,0
end_draw,21966719.1637,0.453000001609,2
present,21966719.6169,0.0562999993563,2
paint,21966718.6574,1.0159999989,2
pointer_move,21966718.6184,1.08410000056,2
input_age_ms,21966727.4056,0.000399999320507,0
frame_deferred,21966727.595,0.000199999660254,0
paint,21966727.593,0.00240000337362,2
pointer_move,21966727.4063,0.234899997711,2
input_age_ms,21966734.5915,0.000300001353025,0
draw_commands,21966734.6466,0.528699997813,0
end_draw,21966735.1753,0.427000001073,2
present,21966735.6024,0.0739999972284,2
paint,21966734.6341,1.04250000045,2
pointer_move,21966734.5924,1.11239999905,2
input_age_ms,21966742.7142,0.000299997627735,0
frame_deferred,21966742.906,0.000199999660254,0
paint,21966742.9037,0.00269999727607,2
pointer_move,21966742.7148,0.255899999291,2
input_age_ms,21966750.6066,0.000399999320507,0
draw_commands,21966750.6664,0.558699999005,0
end_draw,21966751.2251,0.489500001073,2
present,21966751.7147,0.0819000005722,2
paint,21966750.6507,1.14609999955,2
pointer_move,21966750.6074,1.22329999879,2
input_age_ms,21966758.5383,0.000300001353025,0
frame_deferred,21966758.5751,0,0
paint,21966758.5731,0.00209999829531,2
pointer_move,21966758.5388,0.0493000000715,2
input_age_ms,21966766.6334,0.000299997627735,0
draw_commands,21966766.6913,0.559000000358,0
end_draw,21966767.2504,0.46420000121,2
present,21966767.7147,0.0758000016212,2
paint,21966766.6732,1.11760000139,2
pointer_move,21966766.6341,1.1895999983,2
input_age_ms,21966774.576,0.000299997627735,0
frame_deferred,21966774.6117,0.000100001692772,0
paint,21966774.6096,0.00270000100136,2
pointer_move,21966774.5765,0.0488000027835,2
input_age_ms,21966782.7218,0.000300001353025,0
draw_commands,21966782.8171,0.777499999851,0
end_draw,21966783.5949,0.653899997473,2
present,21966784.2492,0.0799000002444,2
paint,21966782.8044,1.52490000054,2
pointer_move,21966782.7223,1.64429999888,2
input_age_ms,21966790.625,0.000300001353025,0
frame_deferred,21966790.6604,0,0
paint,21966790.6584,0.0021000020206,2
pointer_move,21966790.6256,0.0482000000775,2
input_age_ms,21966798.9553,0.000599998980761,0
frame_deferred,21966799.0613,0.000300001353025,0
paint,21966799.0556,0.0063000023365,2
pointer_move,21966798.9566,0.746800001711,2
input_age_ms,21966807.3377,0.000900000333786,0
draw_commands,21966807.5976,1.46139999852,0
end_draw,21966809.0594,1.1799999997,2
present,21966810.24,0.180600002408,2
paint,21966807.574,2.84689999744,2
pointer_move,21966807.3393,3.1454000026,2
input_age_ms,21966814.7627,0.000500001013279,0
frame_deferred,21966814.8301,0.000100001692772,0
paint,21966814.8265,0.00390000268817,2
pointer_move,21966814.7636,0.0947000011802,2
input_age_ms,21966822.5448,0.000300001353025,0
draw_commands,21966822.5885,0.476799998432,0
end_draw,21966823.0654,0.413499999791,2
present,21966823.479,0.0668999999762,2
paint,21966822.5786,0.967399999499,2
pointer_move,21966822.5453,1.02290000021,2
input_age_ms,21966830.6101,0.000199999660254,0
frame_deferred,21966830.6435,9.99979674816e-05,0
paint,21966830.6417,0.00200000032783,2
pointer_move,21966830.6105,0.0460000000894,2
input_age_ms,21966838.5951,0.000199999660254,0
draw_commands,21966838.6399,0.463899999857,0
end_draw,21966839.1039,0.459499999881,2
present,21966839.5635,0.0538000017405,2
paint,21966838.6297,0.987700000405,2
pointer_move,21966838.5956,1.04050000012,2
input_age_ms,21966854.6059,0.000399999320507,16
draw_commands,21966854.6537,0.456699997187,0
end_draw,21966855.1105,0.411499999464,2
present,21966855.5221,0.0653999969363,2
paint,21966854.6432,0.944299999624,2
pointer_move,21966854.6065,0.999600000679,2
input_age_ms,21966862.6372,9.99979674816e-05,0
frame_deferred,21966862.6688,0,0
paint,21966862.6671,0.00180000066757,2
pointer_move,21966862.6376,0.0447000004351,2
input_age_ms,21966935.3416,0.00109999999404,0
draw_commands,21966935.4917,2.00489999726,0
end_draw,21966937.4969,1.55110000074,2
present,21966939.0483,0.234799999744,2
paint,21966935.4619,3.82169999927,2
pointer_move,21966935.3434,4.02689999714,2
input_age_ms,21966946.4282,0.00109999999404,0
frame_deferred,21966947.1884,0.000700000673532,0
paint,21966947.1806,0.00920000299811,2
pointer_move,21966946.4304,0.953500002623,2
input_age_ms,21966950.7174,0.000300001353025,0
draw_commands,21966950.8225,0.718599997461,0
end_draw,21966951.5413,0.617000002414,2
present,21966952.1586,0.0707000009716,2
paint,21966950.809,1.42060000077,2
pointer_move,21966950.7184,1.54639999941,2
frame_deferred,21966952.524,0.000199999660254,0
paint,21966952.5216,0.00270000100136,2
pointer_move,21966952.4834,0.075900003314,2
frame_deferred,21966953.9166,0.000199999660254,0
paint,21966953.9147,0.00229999795556,2
input_age_ms,21966959.4293,0.000300001353025,0
pointer_move,21966959.4298,0.00699999928474,2
frame_deferred,21966959.4834,0.000100001692772,0
paint,21966959.4815,0.0021000020206,2
draw_commands,21966966.03,0.61229999736,0
end_draw,21966966.6424,0.476100001484,2
present,21966967.1189,0.0746999979019,2
paint,21966966.0201,1.17369999737,2
input_age_ms,21966967.7113,0.000700000673532,0
pointer_move,21966967.7133,0.0075999982655,2
frame_deferred,21966967.7679,0,0
paint,21966967.765,0.00299999862909,2
input_age_ms,21966967.9843,0.000100001692772,0
pointer_move,21966967.9845,0.00390000268817,2
frame_deferred,21966968.0266,0.000100001692772,0
paint,21966968.0247,0.00209999829531,2
input_age_ms,21966975.1849,0.000199999660254,0
pointer_move,21966975.1853,0.00600000098348,2
frame_deferred,21966975.2333,9.99979674816e-05,0
paint,21966975.2305,0.00299999862909,2
draw_commands,21966982.8994,0.637200001627,0
end_draw,21966983.5367,0.883799999952,2
present,21966984.4213,0.0810000002384,2
paint,21966982.8892,1.61330000311,2
input_age_ms,21966984.9357,0.000199999660254,0
pointer_move,21966984.9361,0.0599000006914,2
frame_deferred,21966985.275,0.000199999660254,0
paint,21966985.2734,0.00189999863505,2
input_age_ms,21966991.113,0.000199999660254,0
pointer_move,21966991.1135,0.00640000030398,2
frame_deferred,21966991.1617,0.000100001692772,0
paint,21966991.16,0.00180000066757,2
input_age_ms,21966998.9198,0.000100001692772,0
pointer_move,21966998.92,0.0050999969244,2
frame_deferred,21966998.959,0.000100001692772,0
paint,21966998.9572,0.00190000236034,2
draw_commands,21966999.419,0.589900001884,0
end_draw,21967000.0092,0.510700002313,2
present,21967000.5202,0.0855999998748,2
paint,21966999.4069,1.19909999892,2
input_age_ms,21967007.2239,0.000299997627735,0
pointer_move,21967007.2244,0.00750000029802,2
frame_deferred,21967007.2927,0.000100001692772,0
paint,21967007.2904,0.00260000303388,2
input_age_ms,21967014.8415,0.000100001692772,0
pointer_move,21967014.8418,0.0038000009954,2
frame_deferred,21967014.8777,9.99979674816e-05,0
paint,21967014.8763,0.00160000100732,2
draw_commands,21967016.0341,0.644099999219,0
end_draw,21967016.6784,0.491000000387,2
present,21967017.1695,0.0663000009954,2
paint,21967016.0221,1.21389999986,2
input_age_ms,21967022.9039,0.000199999660254,0
pointer_move,21967022.9043,0.00640000030398,2
frame_deferred,21967022.9489,0.000100001692772,0
paint,21967022.9469,0.00219999998808,2
draw_commands,21967032.9154,0.589999999851,0
end_draw,21967033.5055,0.580800000578,2
present,21967034.0866,0.0999000035226,2
paint,21967032.9039,1.28289999813,2
input_age_ms,21967038.9093,0.000199999660254,0
pointer_move,21967038.9098,0.00710000097752,2
frame_deferred,21967038.9554,9.99979674816e-05,0
paint,21967038.9533,0.00230000168085,2
draw_commands,21967049.5588,0.550200000405,0
end_draw,21967050.1092,0.481199998409,2
present,21967050.5905,0.0909999981523,2
paint,21967049.5487,1.13319999725,2
input_age_ms,21967142.9524,0.000199999660254,0
pointer_move,21967142.9529,0.00640000030398,2
draw_commands,21967143.43,0.453099999577,0
end_draw,21967143.8832,0.418999999762,2
present,21967144.3023,0.0604000017047,2
paint,21967143.4199,0.942899998277,2
frame_deferred,21967144.6062,0.000100001692772,0
paint,21967144.6046,0.00180000066757,2
draw_commands,21967149.436,0.596799999475,0
end_draw,21967150.0394,0.529199998826,2
present,21967150.5689,0.0931999981403,2
paint,21967149.4239,1.23840000108,2
input_age_ms,21967158.5517,0.000300001353025,0
frame_deferred,21967158.588,0.000100001692772,0
paint,21967158.586,0.00219999998808,2
pointer_move,21967158.5522,0.048599999398,2
input_age_ms,21967166.6593,0.000399999320507,0
draw_commands,21967166.7169,0.566800002009,0
end_draw,21967167.2838,0.461000002921,2
present,21967167.745,0.0716999992728,2
paint,21967166.7024,1.11450000107,2
pointer_move,21967166.6603,1.19129999727,2
input_age_ms,21967174.5849,0.000300001353025,0
frame_deferred,21967174.6213,9.99979674816e-05,0
paint,21967174.6192,0.00230000168085,2
pointer_move,21967174.5854,0.049399998039,2
input_age_ms,21967182.7199,0.000299997627735,0
draw_commands,21967182.806,0.595799997449,0
end_draw,21967183.4024,0.957000002265,2
present,21967184.3598,0.0848999992013,2
paint,21967182.792,1.65289999917,2
pointer_move,21967182.7206,1.76039999723,2
input_age_ms,21967190.571,0.000300001353025,0
frame_deferred,21967190.6071,0.000100001692772,0
paint,21967190.6051,0.00219999998808,2
pointer_move,21967190.5715,0.0487000010908,2
input_age_ms,21967198.6062,0.000400003045797,0
frame_deferred,21967198.6397,0.000100001692772,0
paint,21967198.6377,0.00219999998808,2
pointer_move,21967198.6068,0.0455999970436,2
input_age_ms,21967206.6184,0.000300001353025,0
draw_commands,21967206.6646,0.450300000608,0
end_draw,21967207.115,0.423800002784,2
present,21967207.5389,0.0606999993324,2
paint,21967206.6545,0.945099998266,2
pointer_move,21967206.6189,0.9982999973,2
input_age_ms,21967215.1546,0.000200003385544,16
frame_deferred,21967215.4321,9.99979674816e-05,0
paint,21967215.4298,0.00259999930859,2
pointer_move,21967215.1551,0.38069999963,2
input_age_ms,21967222.6051,0.000400003045797,0
draw_commands,21967222.6476,0.477900002152,0
end_draw,21967223.1256,0.41039999947,2
present,21967223.5361,0.0639999993145,2
paint,21967222.6359,0.96440000087,2
pointer_move,21967222.6057,1.11869999766,2
input_age_ms,21967230.6137,0.000300001353025,0
frame_deferred,21967230.6833,0.000199999660254,0
paint,21967230.6812,0.00249999761581,2
pointer_move,21967230.6142,0.0912999995053,2
input_age_ms,21967239.0604,0.000399999320507,0
draw_commands,21967239.2656,0.47289999947,0
end_draw,21967239.7387,0.417200002819,2
present,21967240.156,0.0599000006914,2
paint,21967239.2548,0.961199998856,2
pointer_move,21967239.061,1.17379999906,2
input_age_ms,21967246.6327,0.000300001353025,0
frame_deferred,21967246.7132,0.000100001692772,0
paint,21967246.7106,0.00290000066161,2
pointer_move,21967246.6333,0.208200000226,2
input_age_ms,21967254.7085,0.000299997627735,0
draw_commands,21967254.7511,0.478700000793,0
end_draw,21967255.2299,0.440799999982,2
present,21967255.6708,0.0709000006318,2
paint,21967254.7413,1.00059999898,2
pointer_move,21967254.7092,1.05389999971,2
input_age_ms,21967263.0022,0.000300001353025,0
frame_deferred,21967263.059,9.99979674816e-05,0
paint,21967263.0564,0.00290000066161,2
pointer_move,21967263.0027,0.131200000644,2
input_age_ms,21967270.5874,0.000299997627735,0
draw_commands,21967270.6285,0.447999998927,0
end_draw,21967271.0766,0.413499999791,2
present,21967271.4902,0.0618999972939,2
paint,21967270.6177,0.934500001371,2
pointer_move,21967270.5885,0.979499999434,2
input_age_ms,21967279.1818,0.000300001353025,0
frame_deferred,21967279.3345,0.000199999660254,0
paint,21967279.3323,0.0025000013411,2
pointer_move,21967279.1824,0.232500001788,2
input_age_ms,21967286.6575,0.000300001353025,0
draw_commands,21967286.6977,0.463500000536,0
end_draw,21967287.1612,0.442099999636,2
present,21967287.6034,0.0733000002801,2
paint,21967286.688,0.988800000399,2
pointer_move,21967286.658,1.03849999979,2
input_age_ms,21967294.5645,0.000300001353025,0
frame_deferred,21967294.6645,0.000199999660254,0
paint,21967294.662,0.00290000066161,2
pointer_move,21967294.5651,0.11400000006,2
input_age_ms,21967302.6318,0.000399999320507,0
draw_commands,21967302.6811,0.593899998814,0
end_draw,21967303.2754,0.466099999845,2
present,21967303.7416,0.070799998939,2
paint,21967302.6687,1.14390000328,2
pointer_move,21967302.6325,1.21290000156,2
input_age_ms,21967310.655,0.000199999660254,0
frame_deferred,21967310.6925,0.000100001692772,0
paint,21967310.6904,0.00229999795556,2
pointer_move,21967310.6555,0.0500000007451,2
input_age_ms,21967318.6301,0.000299997627735,0
draw_commands,21967318.674,0.473999999464,0
end_draw,21967319.148,0.490200001746,2
present,21967319.6383,0.0618999972939,2
paint,21967318.6641,1.03620000184,2
pointer_move,21967318.6306,2.11909999698,2
input_age_ms,21967326.6234,0.000100001692772,0
frame_deferred,21967326.6567,0.000100001692772,0
paint,21967326.655,0.00189999863505,2
pointer_move,21967326.6237,0.0456999987364,2
input_age_ms,21967334.6765,0.000700000673532,0
draw_commands,21967334.7669,0.549899999052,0
end_draw,21967335.3172,0.501599997282,2
present,21967335.8189,0.0925999991596,2
paint,21967334.7526,1.15920000151,2
pointer_move,21967334.6775,1.26470000297,2
input_age_ms,21967342.6613,0.000399999320507,0
frame_deferred,21967342.7021,9.99979674816e-05,0
paint,21967342.6997,0.00259999930859,2
pointer_move,21967342.6625,0.0539999976754,2
draw_commands,21967375.5051,0.60929999873,0
end_draw,21967376.1146,0.521900001913,2
present,21967376.6367,0.0905000008643,2
paint,21967375.4941,1.23319999874,2
pointer_move,21967375.4491,1.30240000039,2
frame_deferred,21967378.1185,0.000299997627735,0
paint,21967378.1167,0.00229999795556,2
draw_commands,21967382.9425,0.61950000003,0
end_draw,21967383.5622,0.61950000003,2
present,21967384.182,0.100699998438,2
paint,21967382.9325,1.35040000081,2
input_age_ms,21967384.4677,9.99979674816e-05,0
pointer_move,21967384.468,0.00870000198483,2
frame_deferred,21967384.5573,0.000199999660254,0
paint,21967384.5552,0.0025000013411,2
draw_commands,21967399.6458,0.610700000077,0
end_draw,21967400.2567,0.479799997061,2
present,21967400.7366,0.0832000002265,2
paint,21967399.6252,1.19480000064,2
input_age_ms,21967414.859,0.000199999660254,0
pointer_move,21967414.8595,0.00640000030398,2
frame_deferred,21967414.9038,0.000100001692772,0
paint,21967414.9013,0.00270000100136,2
draw_commands,21967416.1038,0.579400002956,0
end_draw,21967416.6835,0.883400000632,2
present,21967417.5676,0.0681999996305,2
paint,21967416.0813,1.55469999835,2
input_age_ms,21967527.0082,0.000299997627735,0
pointer_move,21967527.0087,0.0063000023365,2
draw_commands,21967527.0807,0.465300001204,0
end_draw,21967527.5461,0.445899996907,2
present,21967527.9921,0.0645000003278,2
paint,21967527.071,0.985700000077,2
frame_deferred,21967528.2536,9.99979674816e-05,0
paint,21967528.2521,0.00180000066757,2
draw_commands,21967532.9874,0.603300001472,0
end_draw,21967533.5908,0.46970000118,2
present,21967534.0606,0.0668999999762,2
paint,21967532.9785,1.14919999987,2
input_age_ms,21967534.7022,0.000399999320507,0
frame_deferred,21967534.7432,9.99979674816e-05,0
paint,21967534.7415,0.00189999863505,2
pointer_move,21967534.703,0.0537000000477,2
input_age_ms,21967543.191,0.000300001353025,0
frame_deferred,21967543.4261,9.99979674816e-05,0
paint,21967543.4233,0.00309999659657,2
pointer_move,21967543.1916,0.366200000048,2
input_age_ms,21967550.5721,0.000400003045797,0
draw_commands,21967550.6329,0.534400001168,0
end_draw,21967551.1674,0.580900002271,2
present,21967551.7485,0.0962000004947,2
paint,21967550.619,1.22590000182,2
pointer_move,21967550.5728,1.30990000069,2
input_age_ms,21967558.6107,0.000300001353025,0
frame_deferred,21967558.6521,9.99979674816e-05,0
paint,21967558.6498,0.0025000013411,2
pointer_move,21967558.6112,0.054999999702,2
input_age_ms,21967566.6118,0.000399999320507,0
draw_commands,21967566.6667,0.557999998331,0
end_draw,21967567.2248,0.515199996531,2
present,21967567.7402,0.10399999842,2
paint,21967566.6535,1.19090000167,2
pointer_move,21967566.6128,1.27300000191,2
input_age_ms,21967574.618,0.000299997627735,0
frame_deferred,21967574.659,9.99979674816e-05,0
paint,21967574.6562,0.00300000235438,2
pointer_move,21967574.6186,0.0547000020742,2
input_age_ms,21967582.6266,0.000399999320507,0
draw_commands,21967582.8452,0.572100002319,0
end_draw,21967583.4175,0.517499998212,2
present,21967583.9351,0.179499998689,2
paint,21967582.8325,1.28240000084,2
pointer_move,21967582.6273,1.55399999768,2
input_age_ms,21967590.5933,0.000500001013279,0
frame_deferred,21967590.6375,0.000100001692772,0
paint,21967590.6348,0.00280000269413,2
pointer_move,21967590.5942,0.0573000013828,2
input_age_ms,21967598.5473,0.000199999660254,0
frame_deferred,21967598.5833,0,0
paint,21967598.5809,0.0025000013411,2
pointer_move,21967598.5478,0.0491000004113,2
input_age_ms,21967606.6017,0.000300001353025,0
draw_commands,21967606.6487,0.481300000101,0
end_draw,21967607.1301,0.413699999452,2
present,21967607.5438,0.0593999996781,2
paint,21967606.6386,0.964700002223,2
pointer_move,21967606.6023,1.01830000058,2
input_age_ms,21967614.5669,0.000199999660254,0
frame_deferred,21967614.6009,0,0
paint,21967614.5986,0.00239999964833,2
pointer_move,21967614.5674,0.0458000004292,2
input_age_ms,21967622.5868,0.000799998641014,0
draw_commands,21967622.6316,0.453699998558,0
end_draw,21967623.0854,0.428700000048,2
present,21967623.5142,0.0611000023782,2
paint,21967622.6219,0.953499998897,2
pointer_move,21967622.5879,1.00559999794,2
input_age_ms,21967630.6177,0.000300001353025,0
frame_deferred,21967630.659,9.99979674816e-05,0
paint,21967630.6561,0.00319999828935,2
pointer_move,21967630.6182,0.0540999993682,2
input_age_ms,21967638.5823,0.000300001353025,0
draw_commands,21967638.6254,0.461800001562,0
end_draw,21967639.0873,0.435300000012,2
present,21967639.5226,0.0634000003338,2
paint,21967638.6159,0.970200002193,2
pointer_move,21967638.5828,1.02259999886,2
input_age_ms,21967647.139,0.000300001353025,0
frame_deferred,21967647.4764,0.000100001692772,0
paint,21967647.4743,0.00239999964833,2
pointer_move,21967647.1396,0.545199997723,2
input_age_ms,21967654.5931,0.000300001353025,0
draw_commands,21967654.6374,0.459599997848,0
end_draw,21967655.0971,0.427299998701,2
present,21967655.5245,0.061400000006,2
paint,21967654.6267,0.959200002253,2
pointer_move,21967654.5937,1.01130000129,2
input_age_ms,21967664.0033,0.000300001353025,0
frame_deferred,21967664.3181,0.000199999660254,0
paint,21967664.3158,0.00270000100136,2
pointer_move,21967664.0038,0.464299999177,2
input_age_ms,21967670.6039,0.000300001353025,0
draw_commands,21967670.6498,0.484600000083,0
end_draw,21967671.1345,0.418899998069,2
present,21967671.5535,0.0610999986529,2
paint,21967670.6405,0.974199999124,2
pointer_move,21967670.6045,1.03139999881,2
input_age_ms,21967679.3219,0.000300001353025,0
frame_deferred,21967679.5214,0.000199999660254,0
paint,21967679.5185,0.00329999998212,2
pointer_move,21967679.3225,0.235199999064,2
input_age_ms,21967686.5864,0.000300001353025,0
draw_commands,21967686.6316,0.465300001204,0
end_draw,21967687.0969,0.43730000034,2
present,21967687.5343,0.0617999993265,2
paint,21967686.6209,0.97879999876,2
pointer_move,21967686.5869,1.03119999915,2
input_age_ms,21967695.5407,0.000300001353025,0
frame_deferred,21967695.744,0.000100001692772,0
paint,21967695.7414,0.00279999896884,2
pointer_move,21967695.5413,0.268200002611,2
input_age_ms,21967751.134,0.00120000168681,0
draw_commands,21967751.2798,2.44209999964,0
end_draw,21967753.7223,1.69319999963,2
present,21967755.4158,0.237099997699,2
paint,21967751.2538,4.39979999885,2
pointer_move,21967751.136,4.60599999875,2
input_age_ms,21967766.7308,0.000399999320507,0
draw_commands,21967766.7998,0.892099998891,0
end_draw,21967767.6922,1.40679999813,2
present,21967769.0993,0.108799997717,2
paint,21967766.7845,2.42390000075,2
pointer_move,21967766.7316,2.51889999956,2
input_age_ms,21967774.6245,0.000500001013279,0
frame_deferred,21967774.6761,9.99979674816e-05,0
paint,21967774.6732,0.00319999828935,2
pointer_move,21967774.6253,0.0700999982655,2
input_age_ms,21967782.7672,0.000399999320507,0
draw_commands,21967782.8925,0.708600003272,0
end_draw,21967783.6014,0.576300002635,2
present,21967784.1778,0.105000000447,2
paint,21967782.8767,1.40630000085,2
pointer_move,21967782.7678,1.56080000103,2
input_age_ms,21967790.5564,0.000399999320507,0
frame_deferred,21967790.5931,9.99979674816e-05,0
paint,21967790.5906,0.00290000066161,2
pointer_move,21967790.5571,0.0498999990523,2
input_age_ms,21967798.5866,0.000200003385544,0
frame_deferred,21967798.6133,0.000100001692772,0
paint,21967798.6117,0.00180000066757,2
pointer_move,21967798.5869,0.0375999994576,2
input_age_ms,21967806.5723,0.000300001353025,0
draw_commands,21967806.6151,0.452799998224,0
end_draw,21967807.068,0.409499999136,2
present,21967807.4775,0.0581000000238,2
paint,21967806.6052,0.930500000715,2
pointer_move,21967806.5728,0.981200002134,2
input_age_ms,21967814.6404,0.000300001353025,0
frame_deferred,21967814.6738,0,0
paint,21967814.6721,0.00180000066757,2
pointer_move,21967814.6409,0.0449999980628,2
input_age_ms,21967822.5565,0.000300001353025,0
draw_commands,21967822.5995,0.450699999928,0
end_draw,21967823.0503,0.442200001329,2
present,21967823.4926,0.070000000298,2
paint,21967822.5899,0.972800001502,2
pointer_move,21967822.5571,1.02429999784,2
input_age_ms,21967830.6245,0.000100001692772,0
frame_deferred,21967830.6525,0.000100001692772,0
paint,21967830.651,0.0016999989748,2
pointer_move,21967830.6249,0.0392000004649,2
input_age_ms,21967838.5638,0.000300001353025,0
draw_commands,21967838.6069,0.453099999577,0
end_draw,21967839.0601,0.41270000115,2
present,21967839.4729,0.0496000014246,2
paint,21967838.5963,0.926300000399,2
pointer_move,21967838.5644,0.97520000115,2
input_age_ms,21967846.5233,0.000100001692772,0
frame_deferred,21967846.5475,0,0
paint,21967846.5462,0.00140000134706,2
pointer_move,21967846.5236,0.0353999994695,2
input_age_ms,21967854.6202,0.000299997627735,0
draw_commands,21967854.6624,0.456399999559,0
end_draw,21967855.1189,0.405799999833,2
present,21967855.5248,0.0727000012994,2
paint,21967854.6525,0.945100001991,2
pointer_move,21967854.6207,0.992699999362,2
input_age_ms,21967862.5804,9.99979674816e-05,0
frame_deferred,21967862.6054,0,0
paint,21967862.604,0.00150000303984,2
pointer_move,21967862.5807,0.0358000025153,2
input_age_ms,21967870.6074,0.000300001353025,15
draw_commands,21967870.6556,0.526000000536,0
end_draw,21967871.1818,0.444600000978,2
present,21967871.6265,0.056099999696,2
paint,21967870.644,1.03879999742,2
pointer_move,21967870.608,1.10110000148,2
input_age_ms,21967878.6308,9.99979674816e-05,0
frame_deferred,21967878.6633,0,0
paint,21967878.6616,0.00180000066757,2
pointer_move,21967878.6311,0.0441999994218,2
input_age_ms,21967886.6074,0.000300001353025,0
draw_commands,21967886.6523,0.504099998623,0
end_draw,21967887.1565,0.411299999803,2
present,21967887.5678,0.0520999990404,2
paint,21967886.642,0.978000000119,2
pointer_move,21967886.6079,1.03370000049,2
input_age_ms,21967895.8019,0.000199999660254,0
frame_deferred,21967896.1628,0.000199999660254,0
paint,21967896.1608,0.00230000168085,2
pointer_move,21967895.8023,0.590900000185,2
input_age_ms,21967902.5716,0.000299997627735,0
draw_commands,21967902.6186,0.517099998891,0
end_draw,21967903.1358,0.417700000107,2
present,21967903.5536,0.0527000017464,2
paint,21967902.6072,0.999200001359,2
pointer_move,21967902.5721,1.05750000104,2
input_age_ms,21967943.3448,0.000300001353025,0
draw_commands,21967943.3924,0.496199999005,0
end_draw,21967943.8887,0.423299998045,2
present,21967944.312,0.0681999996305,2
paint,21967943.3816,0.998700000346,2
pointer_move,21967943.3461,1.05640000105,2
frame_deferred,21967944.5769,0.000199999660254,0
paint,21967944.5753,0.00189999863505,2
pointer_move,21967944.5098,0.0979000031948,2
frame_deferred,21967945.0642,0.000100001692772,0
paint,21967945.0629,0.00160000100732,2
draw_commands,21967949.5236,0.629799999297,0
end_draw,21967950.1535,1.23210000247,2
present,21967951.3858,0.0837000012398,2
paint,21967949.5146,1.9550999999,2
input_age_ms,21967951.6539,9.99979674816e-05,0
pointer_move,21967951.6541,0.00659999996424,2
frame_deferred,21967951.6994,9.99979674816e-05,0
paint,21967951.6978,0.0016999989748,2
input_age_ms,21967958.9038,0.000199999660254,0
pointer_move,21967958.9042,0.00640000030398,2
frame_deferred,21967958.9533,0.000100001692772,0
paint,21967958.9514,0.00219999998808,2
draw_commands,21967966.0726,0.6678000018,0
end_draw,21967966.7405,0.737500000745,2
present,21967967.4781,0.116699997336,2
paint,21967966.0613,1.54100000113,2
input_age_ms,21967967.9775,0.000199999660254,0
pointer_move,21967967.9779,0.00850000232458,2
frame_deferred,21967968.0478,9.99979674816e-05,0
paint,21967968.0454,0.00259999930859,2
input_age_ms,21967974.9329,0.000199999660254,0
pointer_move,21967974.9334,0.00679999962449,2
frame_deferred,21967974.9804,0.000100001692772,0
paint,21967974.9785,0.00200000032783,2
draw_commands,21967982.7002,0.635000001639,0
end_draw,21967983.3355,0.703000001609,2
present,21967984.039,0.0797000005841,2
paint,21967982.6889,1.43009999767,2
input_age_ms,21967984.3758,0.000199999660254,0
pointer_move,21967984.3762,0.0744999982417,2
frame_deferred,21967984.7796,0.000200003385544,0
paint,21967984.7775,0.00299999862909,2
input_age_ms,21967990.9485,0.000199999660254,0
pointer_move,21967990.949,0.00609999895096,2
frame_deferred,21967990.9961,9.99979674816e-05,0
paint,21967990.9943,0.00200000032783,2
input_age_ms,21967998.8455,0.000100001692772,0
pointer_move,21967998.8458,0.00379999727011,2
frame_deferred,21967998.8811,0.000100001692772,0
paint,21967998.8799,0.00139999762177,2
draw_commands,21967999.4112,0.674699999392,0
end_draw,21968000.0861,0.481799997389,2
present,21968000.568,0.0672999992967,2
paint,21967999.3997,1.23589999974,2
input_age_ms,21968006.8889,0.000500001013279,0
pointer_move,21968006.8896,0.00659999996424,2
frame_deferred,21968006.9366,0.000100001692772,0
paint,21968006.9343,0.00239999964833,2
input_age_ms,21968014.872,9.99979674816e-05,0
pointer_move,21968014.8722,0.00459999963641,2
frame_deferred,21968014.9109,9.99979674816e-05,0
paint,21968014.9093,0.0016999989748,2
draw_commands,21968016.0755,0.52100000158,0
end_draw,21968016.5967,0.472599998116,2
present,21968017.0695,0.0690000019968,2
paint,21968016.0656,1.07310000062,2
input_age_ms,21968022.9956,0.000199999660254,0
pointer_move,21968022.996,0.00829999893904,2
frame_deferred,21968023.0452,9.99979674816e-05,0
paint,21968023.0425,0.00279999896884,2
input_age_ms,21968030.8534,0.000100001692772,0
pointer_move,21968030.8536,0.00400000065565,2
frame_deferred,21968030.8909,9.99979674816e-05,0
paint,21968030.8895,0.00149999931455,2
draw_commands,21968032.8752,0.689500000328,0
end_draw,21968033.5649,0.513799998909,2
present,21968034.079,0.0870000012219,2
paint,21968032.8648,1.30140000209,2
input_age_ms,21968038.9885,0.000199999660254,0
pointer_move,21968038.9893,0.0054999999702,2
frame_deferred,21968039.0332,0,0
paint,21968039.031,0.00230000168085,2
input_age_ms,21968046.8421,0.000100001692772,0
pointer_move,21968046.8423,0.00469999760389,2
frame_deferred,21968046.881,9.99979674816e-05,0
paint,21968046.8797,0.00149999931455,2
draw_commands,21968049.8416,0.587200000882,0
end_draw,21968050.4289,0.849300000817,2
present,21968051.2784,0.0843000002205,2
paint,21968049.8313,1.53159999847,2
input_age_ms,21968054.9585,0.000199999660254,0
pointer_move,21968054.9589,0.00640000030398,2
frame_deferred,21968055.0048,0,0
paint,21968055.0025,0.00239999964833,2
input_age_ms,21968062.8968,9.99979674816e-05,0
pointer_move,21968062.8971,0.00569999963045,2
frame_deferred,21968062.9407,0.000100001692772,0
paint,21968062.939,0.00180000066757,2
draw_commands,21968066.3552,0.545699998736,0
end_draw,21968066.901,0.589499998838,2
present,21968067.4907,0.0965999998152,2
paint,21968066.3454,1.24219999835,2
input_age_ms,21968071.0017,0.000199999660254,0
pointer_move,21968071.0021,0.00650000199676,2
frame_deferred,21968071.0506,0.000100001692772,0
paint,21968071.0479,0.00290000066161,2
input_age_ms,21968078.9124,0.000300001353025,0
pointer_move,21968078.9129,0.00669999793172,2
frame_deferred,21968078.9631,9.99979674816e-05,0
paint,21968078.9611,0.00209999829531,2
draw_commands,21968082.8945,0.632300000638,0
end_draw,21968083.527,0.633000001311,2
present,21968084.1603,0.0958999991417,2
paint,21968082.8844,1.37209999934,2
input_age_ms,21968086.9746,0.000200003385544,0
pointer_move,21968086.975,0.00539999827743,2
frame_deferred,21968087.0234,0,0
paint,21968087.02,0.00349999964237,2
input_age_ms,21968094.9759,0.000199999660254,0
pointer_move,21968094.9763,0.0054999999702,2
frame_deferred,21968095.0195,0.000100001692772,0
paint,21968095.0178,0.00189999863505,2
draw_commands,21968099.5756,0.603700000793,0
end_draw,21968100.1795,0.546600002795,2
present,21968100.7261,0.0680999979377,2
paint,21968099.5637,1.23059999943,2
input_age_ms,21968103.1597,0.000300001353025,0
pointer_move,21968103.1605,0.00869999825954,2
frame_deferred,21968103.2242,0.000100001692772,0
paint,21968103.2211,0.00329999998212,2
input_age_ms,21968110.9986,0.000199999660254,0
pointer_move,21968110.999,0.00619999691844,2
frame_deferred,21968111.0498,0,0
paint,21968111.0479,0.00200000032783,2
draw_commands,21968116.0876,0.696400001645,0
end_draw,21968116.7842,0.556899998337,2
present,21968117.3412,0.0810000002384,2
paint,21968116.0764,1.34620000049,2
input_age_ms,21968119.0308,0.000300001353025,0
pointer_move,21968119.0313,0.00659999996424,2
frame_deferred,21968119.0802,9.99979674816e-05,0
paint,21968119.0779,0.00239999964833,2
input_age_ms,21968128.3629,0.000300001353025,0
pointer_move,21968128.3634,0.115599997342,2
frame_deferred,21968128.8893,0.000100001692772,0
paint,21968128.8872,0.00239999964833,2
draw_commands,21968133.949,2.22890000045,0
end_draw,21968136.1784,1.96680000052,2
present,21968138.1458,0.222100000829,2
paint,21968133.9284,4.44000000134,2
input_age_ms,21968139.1311,0.000600002706051,16
pointer_move,21968139.1323,0.0900999978185,2
frame_deferred,21968139.7066,0.000800002366304,0
paint,21968139.6998,0.0216000005603,2
input_age_ms,21968145.0488,0.00109999999404,0
pointer_move,21968145.051,0.041700001806,2
frame_deferred,21968145.4499,0.000499997287989,0
paint,21968145.4441,0.00670000165701,2
draw_commands,21968149.7871,1.35280000046,0
end_draw,21968151.1402,1.02659999952,2
present,21968152.167,0.105599999428,2
paint,21968149.7733,2.49960000068,2
input_age_ms,21968152.6248,0.000300001353025,16
pointer_move,21968152.6255,0.0103999972343,2
frame_deferred,21968152.7732,0.000299997627735,0
paint,21968152.7703,0.00349999964237,2
input_age_ms,21968160.3681,0.000300001353025,0
pointer_move,21968160.3686,0.00690000131726,2
frame_deferred,21968160.4656,0.000100001692772,0
paint,21968160.4635,0.00229999795556,2
draw_commands,21968166.203,0.55739999935,0
end_draw,21968166.7605,0.49070000276,2
present,21968167.2514,0.0609999969602,2
paint,21968166.1906,1.12200000137,2
input_age_ms,21968167.8383,0.000199999660254,15
pointer_move,21968167.8392,0.0737999975681,2
frame_deferred,21968168.082,0.000199999660254,0
paint,21968168.0792,0.00310000032187,2
draw_commands,21968183.4776,2.25279999897,0
end_draw,21968185.7309,1.79800000042,2
present,21968187.5292,0.229100000113,2
paint,21968183.4581,4.30090000108,2
draw_commands,21968216.3344,0.792700000107,0
end_draw,21968217.1273,0.815499998629,2
present,21968217.943,0.0918000005186,2
paint,21968216.3182,1.71690000221,2
input_age_ms,21968238.5443,0.000399999320507,0
draw_commands,21968238.5917,0.505000002682,0
end_draw,21968239.0968,0.456500001252,2
present,21968239.5533,0.0692999996245,2
paint,21968238.5821,1.04059999809,2
pointer_move,21968238.545,1.10129999742,2
input_age_ms,21968246.922,0.000300001353025,0
frame_deferred,21968247.0908,0.000199999660254,0
paint,21968247.0886,0.00260000303388,2
pointer_move,21968246.9227,0.351399999112,2
input_age_ms,21968254.728,0.000300001353025,0
draw_commands,21968254.937,0.458000000566,0
end_draw,21968255.3951,0.423699997365,2
present,21968255.8189,0.054200001061,2
paint,21968254.9262,0.947000000626,2
pointer_move,21968254.7288,1.16160000116,2
input_age_ms,21968263.437,0.000399999320507,0
frame_deferred,21968263.7102,0.000199999660254,0
paint,21968263.7082,0.00239999964833,2
pointer_move,21968263.4376,0.349399998784,2
input_age_ms,21968270.6653,0.000300001353025,0
draw_commands,21968270.7188,0.476399999112,0
end_draw,21968271.1953,0.408599998802,2
present,21968271.604,0.0586000010371,2
paint,21968270.7092,0.953500002623,2
pointer_move,21968270.6658,1.01389999688,2
input_age_ms,21968279.1188,0.000300001353025,0
frame_deferred,21968279.2386,0.000199999660254,0
paint,21968279.2364,0.00249999761581,2
pointer_move,21968279.1194,0.209300000221,2
input_age_ms,21968286.6454,0.000399999320507,0
draw_commands,21968286.8736,0.524199999869,0
end_draw,21968287.3979,0.422600001097,2
present,21968287.8206,0.0551999993622,2
paint,21968286.8589,1.01700000092,2
pointer_move,21968286.6461,1.25050000101,2
input_age_ms,21968295.2393,0.000199999660254,0
frame_deferred,21968295.3481,0.000199999660254,0
paint,21968295.3462,0.00219999998808,2
pointer_move,21968295.24,0.15720000118,2
input_age_ms,21968302.5969,0.000299997627735,0
draw_commands,21968302.6433,0.469399999827,0
end_draw,21968303.1128,0.437100000679,2
present,21968303.55,0.0529999993742,2
paint,21968302.6331,0.970000002533,2
pointer_move,21968302.5974,1.03000000119,2
input_age_ms,21968310.6591,0.000100001692772,0
frame_deferred,21968310.6906,9.99979674816e-05,0
paint,21968310.6888,0.00189999863505,2
pointer_move,21968310.6595,0.0428999997675,2
input_age_ms,21968318.5894,0.000399999320507,0
draw_commands,21968318.6331,0.509800001979,0
end_draw,21968319.143,0.465700000525,2
present,21968319.6089,0.0639000013471,2
paint,21968318.6237,1.04939999804,2
pointer_move,21968318.5901,1.12170000002,2
input_age_ms,21968326.5598,0.000199999660254,0
frame_deferred,21968326.5959,0.000100001692772,0
paint,21968326.5935,0.0025000013411,2
pointer_move,21968326.5602,0.048900000751,2
input_age_ms,21968334.6892,0.000399999320507,0
draw_commands,21968334.7447,0.53049999848,0
end_draw,21968335.2753,0.493799999356,2
present,21968335.7692,0.0703999996185,2
paint,21968334.7306,1.10909999907,2
pointer_move,21968334.6899,1.18100000173,2
input_age_ms,21968342.6387,0.000199999660254,0
frame_deferred,21968342.6735,0,0
paint,21968342.6715,0.00209999829531,2
pointer_move,21968342.6391,0.0474000014365,2
input_age_ms,21968350.6446,0.000500001013279,0
draw_commands,21968350.698,0.55910000205,0
end_draw,21968351.2572,0.497700002044,2
present,21968351.755,0.0749999992549,2
paint,21968350.6843,1.14609999955,2
pointer_move,21968350.6454,1.24110000208,2
input_age_ms,21968358.6429,0.000299997627735,0
frame_deferred,21968358.6777,0,0
paint,21968358.6753,0.0025000013411,2
pointer_move,21968358.6434,0.0477000027895,2
input_age_ms,21968366.5647,0.000599998980761,0
draw_commands,21968366.6215,0.564599998295,0
end_draw,21968367.1863,0.610700000077,2
present,21968367.7973,0.0802999995649,2
paint,21968366.6075,1.27029999718,2
pointer_move,21968366.5656,1.3471999988,2
input_age_ms,21968374.5918,0.000299997627735,0
frame_deferred,21968374.6291,0.000100001692772,0
paint,21968374.627,0.00229999795556,2
pointer_move,21968374.5923,0.050499998033,2
input_age_ms,21968382.5388,0.000299997627735,0
frame_deferred,21968382.5765,0.000100001692772,0
paint,21968382.5743,0.00230000168085,2
pointer_move,21968382.5393,0.0507000014186,2
input_age_ms,21968390.6547,0.000300001353025,0
draw_commands,21968390.7044,0.442499998957,0
end_draw,21968391.147,0.467500001192,2
present,21968391.6147,0.0676000006497,2
paint,21968390.6944,0.987999998033,2
pointer_move,21968390.662,1.92909999937,2
input_age_ms,21968398.5394,0.000500001013279,0
frame_deferred,21968398.5737,0.000100001692772,0
paint,21968398.5712,0.00270000100136,2
pointer_move,21968398.5401,0.0460000000894,2
input_age_ms,21968408.1735,0.000699996948242,0
draw_commands,21968408.5086,0.46970000118,0
end_draw,21968408.9788,0.428000003099,2
present,21968409.4069,0.0641000010073,2
paint,21968408.4981,0.972999997437,2
pointer_move,21968408.1745,1.31740000099,2
input_age_ms,21968414.6429,0.000399999320507,0
frame_deferred,21968414.6763,0,0
paint,21968414.6747,0.00200000032783,2
pointer_move,21968414.6435,0.0456000007689,2
input_age_ms,21968424.218,0.000199999660254,0
draw_commands,21968424.554,0.462999999523,0
end_draw,21968425.0171,0.410500001162,2
present,21968425.4277,0.0614999979734,2
paint,21968424.5432,0.946100000292,2
pointer_move,21968424.2187,1.29050000012,2
input_age_ms,21968430.5464,0.000100001692772,0
frame_deferred,21968430.5755,9.99979674816e-05,0
paint,21968430.5742,0.00149999931455,2
pointer_move,21968430.5467,0.0407999977469,2
input_age_ms,21968439.6263,0.000799998641014,0
draw_commands,21968439.8655,0.452600002289,0
end_draw,21968440.3185,0.422100000083,2
present,21968440.7407,0.0612000003457,2
paint,21968439.8558,0.946200001985,2
pointer_move,21968439.6274,1.19359999895,2
input_age_ms,21968446.6345,0.000199999660254,0
frame_deferred,21968446.6673,0,0
paint,21968446.6653,0.00209999829531,2
pointer_move,21968446.6349,0.0441999994218,2
frame_deferred,21968447.2576,0.000200003385544,0
paint,21968447.2566,0.00140000134706,2
pointer_move,21968447.2351,0.0515000000596,2
frame_deferred,21968448.4914,0.000100001692772,0
paint,21968448.49,0.00170000270009,2
draw_commands,21968449.6014,0.613099999726,0
end_draw,21968450.2147,0.530600000173,2
present,21968450.7455,0.0813000015914,2
paint,21968449.5924,1.23470000178,2
input_age_ms,21968451.3012,0.000199999660254,0
pointer_move,21968451.3016,0.007199998945,2
frame_deferred,21968451.3887,9.99979674816e-05,0
paint,21968451.3867,0.00229999795556,2
input_age_ms,21968455.2679,0.000299997627735,0
pointer_move,21968455.2684,0.0063000023365,2
frame_deferred,21968455.3211,9.99979674816e-05,0
paint,21968455.3192,0.00209999829531,2
draw_commands,21968466.2258,0.612399999052,0
end_draw,21968466.8386,1.11110000312,2
present,21968467.9499,0.0942000001669,2
paint,21968466.2156,1.82880000025,2
input_age_ms,21968471.9505,0.000199999660254,0
pointer_move,21968471.9509,0.0080000013113,2
frame_deferred,21968472.0128,0.000199999660254,0
paint,21968472.0101,0.00310000032187,2
input_age_ms,21968478.8794,0.000100001692772,0
pointer_move,21968478.8796,0.00389999896288,2
frame_deferred,21968478.915,0.000100001692772,0
paint,21968478.9138,0.00139999762177,2
draw_commands,21968482.7546,0.658100001514,0
end_draw,21968483.4128,0.482999999076,2
present,21968483.8959,0.0729999989271,2
paint,21968482.745,1.22409999743,2
input_age_ms,21968647.7203,0.000500001013279,0
pointer_move,21968647.7217,0.015499997884,2
draw_commands,21968647.8574,1.32319999859,0
end_draw,21968649.1809,1.16019999981,2
present,21968650.3415,0.206300001591,2
paint,21968647.837,2.71130000055,2
input_age_ms,21968655.3996,0.000500001013279,0
pointer_move,21968655.4004,0.013599999249,2
frame_deferred,21968655.5027,9.99979674816e-05,0
paint,21968655.4985,0.00449999794364,2
input_age_ms,21968663.1279,0.000299997627735,0
pointer_move,21968663.1284,0.00909999758005,2
frame_deferred,21968663.2009,0.000100001692772,0
paint,21968663.198,0.00320000201464,2
draw_commands,21968666.2906,0.776999998838,0
end_draw,21968667.0677,0.728500001132,2
present,21968667.7967,0.104899998754,2
paint,21968666.2793,1.62260000035,2
input_age_ms,21968671.3975,0.000799998641014,0
pointer_move,21968671.3986,0.0646999999881,2
frame_deferred,21968671.8194,0.000199999660254,0
paint,21968671.8173,0.00259999930859,2
input_age_ms,21968679.6071,0.000400003045797,0
pointer_move,21968679.6084,0.0133000016212,2
frame_deferred,21968679.7266,0.000199999660254,0
paint,21968679.7223,0.00470000132918,2
draw_commands,21968683.2316,1.53309999779,0
end_draw,21968684.7651,1.27199999988,2
present,21968686.0375,0.168099999428,2
paint,21968683.2139,2.99230000004,2
input_age_ms,21968687.6404,0.000399999320507,0
pointer_move,21968687.6413,0.0152000002563,2
frame_deferred,21968687.7725,0.000199999660254,0
paint,21968687.7675,0.00540000200272,2
input_age_ms,21968695.5125,0.000500001013279,0
pointer_move,21968695.5136,0.0881000012159,2
frame_deferred,21968696.6615,0.000399999320507,0
paint,21968696.6574,0.00490000098944,2
draw_commands,21968699.6465,0.913900002837,0
end_draw,21968700.5608,0.749899998307,2
present,21968701.311,0.115299999714,2
paint,21968699.6346,1.79190000147,2
input_age_ms,21968703.728,0.000300001353025,0
frame_deferred,21968703.9687,0.000300001353025,0
paint,21968703.9655,0.0038000009954,2
pointer_move,21968703.7291,0.375100001693,2
input_age_ms,21968710.6553,0.000300001353025,0
frame_deferred,21968710.6993,0.000100001692772,0
paint,21968710.6968,0.00269999727607,2
pointer_move,21968710.6559,0.0609999969602,2
input_age_ms,21968718.6106,0.000700000673532,0
draw_commands,21968718.6829,0.595499999821,0
end_draw,21968719.2786,0.543699998409,2
present,21968719.8225,0.0686999969184,2
paint,21968718.6697,1.22169999778,2
pointer_move,21968718.6118,1.38159999996,2
input_age_ms,21968726.6476,0.000199999660254,0
frame_deferred,21968726.6836,9.99979674816e-05,0
paint,21968726.682,0.00180000066757,2
pointer_move,21968726.6481,0.0480000004172,2
input_age_ms,21968734.7105,0.000400003045797,0
draw_commands,21968734.7659,0.659399997443,0
end_draw,21968735.4254,0.455800000578,2
present,21968735.8814,0.0801999978721,2
paint,21968734.753,1.20880000293,2
pointer_move,21968734.7112,1.3713000007,2
input_age_ms,21968742.6385,0.000199999660254,0
frame_deferred,21968742.673,9.99979674816e-05,0
paint,21968742.6702,0.00299999862909,2
pointer_move,21968742.6389,0.0469000004232,2
input_age_ms,21968750.6677,0.000399999320507,0
draw_commands,21968750.7237,0.680199999362,0
end_draw,21968751.4041,0.490599997342,2
present,21968751.8948,0.077500000596,2
paint,21968750.7094,1.26310000196,2
pointer_move,21968750.6684,1.38049999997,2
input_age_ms,21968758.66,0.000300001353025,0
frame_deferred,21968758.6965,0,0
paint,21968758.6941,0.0025000013411,2
pointer_move,21968758.6605,0.0494999997318,2
input_age_ms,21968766.5225,0.000299997627735,0
draw_commands,21968766.5997,0.600800000131,0
end_draw,21968767.2007,0.487199999392,2
present,21968767.688,0.0876999981701,2
paint,21968766.5851,1.19079999998,2
pointer_move,21968766.5233,1.2864000015,2
input_age_ms,21968774.6327,0.000300001353025,0
frame_deferred,21968774.6666,0,0
paint,21968774.6644,0.00230000168085,2
pointer_move,21968774.6332,0.0461999997497,2
input_age_ms,21968782.5601,0.000300001353025,0
draw_commands,21968782.7049,0.554000001401,0
end_draw,21968783.2591,0.480399999768,2
present,21968783.7397,0.0854000002146,2
paint,21968782.6898,1.13539999723,2
pointer_move,21968782.5605,1.2974999994,2
input_age_ms,21968790.6602,0.000300001353025,0
frame_deferred,21968790.6964,9.99979674816e-05,0
paint,21968790.6942,0.00239999964833,2
pointer_move,21968790.6607,0.0495999976993,2
input_age_ms,21968799.5579,0.000399999320507,0
draw_commands,21968799.7537,0.559300001711,0
end_draw,21968800.3131,0.4803000018,2
present,21968800.7935,0.0784000009298,2
paint,21968799.7383,1.13390000165,2
pointer_move,21968799.5587,1.52320000157,2
input_age_ms,21968806.5747,0.000399999320507,0
frame_deferred,21968806.6321,9.99979674816e-05,0
paint,21968806.6278,0.00450000166893,2
pointer_move,21968806.5754,0.0743000023067,2
input_age_ms,21968815.8433,0.000300001353025,0
draw_commands,21968816.1268,0.59829999879,0
end_draw,21968816.7256,0.487099997699,2
present,21968817.2129,0.0763999968767,2
paint,21968816.1015,1.18809999898,2
pointer_move,21968815.8441,1.48010000214,2
input_age_ms,21968822.67,0.000299997627735,0
frame_deferred,21968822.706,0,0
paint,21968822.7032,0.00289999693632,2
pointer_move,21968822.6705,0.048599999398,2
input_age_ms,21968830.869,0.000800002366304,0
frame_deferred,21968830.9609,0.000199999660254,0
paint,21968830.9592,0.0021000020206,2
pointer_move,21968830.8699,0.221500001848,2
input_age_ms,21968838.6029,0.000300001353025,0
draw_commands,21968838.6452,0.456700000912,0
end_draw,21968839.102,0.42519999668,2
present,21968839.5273,0.0588000006974,2
paint,21968838.6354,0.950799997896,2
pointer_move,21968838.6034,1.00010000169,2
input_age_ms,21968847.1786,0.000300001353025,0
frame_deferred,21968847.2636,0.000199999660254,0
paint,21968847.2616,0.0025000013411,2
pointer_move,21968847.1793,0.155600000173,2
input_age_ms,21968862.5498,0.000299997627735,0
draw_commands,21968862.5952,0.461600001901,0
end_draw,21968863.0569,0.419500000775,2
present,21968863.4765,0.0690999999642,2
paint,21968862.5848,0.960899997503,2
pointer_move,21968862.5503,1.01360000297,2
input_age_ms,21968870.6674,0.000300001353025,0
draw_commands,21968870.7172,0.485899999738,0
end_draw,21968871.2032,0.413300000131,2
present,21968871.6166,0.047499999404,2
paint,21968870.7053,0.9589000009,2
pointer_move,21968870.6679,1.01720000058,2
input_age_ms,21968878.897,0.000399999320507,0
frame_deferred,21968879.1298,0.000100001692772,0
paint,21968879.1278,0.00239999964833,2
pointer_move,21968878.8976,0.310900002718,2
input_age_ms,21968886.7409,0.000500001013279,0
draw_commands,21968886.7927,0.48429999873,0
end_draw,21968887.277,0.439600002021,2
present,21968887.7167,0.0591000020504,2
paint,21968886.7815,0.99430000037,2
pointer_move,21968886.7417,1.05309999734,2
input_age_ms,21968894.6476,0.000300001353025,0
frame_deferred,21968894.8457,0.000199999660254,0
paint,21968894.8431,0.00299999862909,2
pointer_move,21968894.6481,0.306600000709,2
frame_deferred,21968895.4347,0.000199999660254,0
paint,21968895.433,0.00200000032783,2
pointer_move,21968895.4104,0.0916000008583,2
frame_deferred,21968896.0723,0.000100001692772,0
paint,21968896.071,0.00150000303984,2
draw_commands,21968899.5043,0.546600002795,0
end_draw,21968900.051,0.489500001073,2
present,21968900.5406,0.0890999995172,2
paint,21968899.4946,1.13519999757,2
input_age_ms,21968901.2799,0.000300001353025,0
pointer_move,21968901.2806,0.00769999995828,2
frame_deferred,21968901.3403,9.99979674816e-05,0
paint,21968901.3381,0.00229999795556,2
input_age_ms,21968902.8936,0.000200003385544,0
pointer_move,21968902.8944,0.00629999861121,2
frame_deferred,21968902.9424,9.99979674816e-05,0
paint,21968902.94,0.00249999761581,2
input_age_ms,21968910.8228,0.000300001353025,0
pointer_move,21968910.8233,0.00649999827147,2
frame_deferred,21968910.8715,9.99979674816e-05,0
paint,21968910.8697,0.0021000020206,2
draw_commands,21968916.0178,0.581900000572,0
end_draw,21968916.5998,0.471199996769,2
present,21968917.0712,0.0643000006676,2
paint,21968916.0067,1.14059999958,2
input_age_ms,21968919.0845,0.000199999660254,0
pointer_move,21968919.0853,0.00840000063181,2
frame_deferred,21968919.1496,0.000100001692772,0
paint,21968919.146,0.00379999727011,2
input_age_ms,21968926.9327,0.000199999660254,0
pointer_move,21968926.9331,0.00649999827147,2
frame_deferred,21968926.9823,0,0
paint,21968926.9803,0.00209999829531,2
draw_commands,21968932.9879,0.574000000954,0
end_draw,21968933.5621,0.481399998069,2
present,21968934.0437,0.0765000022948,2
paint,21968932.9789,1.14169999957,2
input_age_ms,21968935.0042,0.000399999320507,0
pointer_move,21968935.0048,0.007199998945,2
frame_deferred,21968935.0606,0,0
paint,21968935.0588,0.00189999863505,2
input_age_ms,21968942.8507,0.000200003385544,0
pointer_move,21968942.8511,0.00669999793172,2
frame_deferred,21968942.8993,0,0
paint,21968942.8971,0.00229999795556,2
draw_commands,21968949.4591,0.61950000003,0
end_draw,21968950.079,0.587600000203,2
present,21968950.6669,0.0935999974608,2
paint,21968949.4473,1.31350000203,2
input_age_ms,21968951.0124,0.000199999660254,0
pointer_move,21968951.0128,0.00789999961853,2
frame_deferred,21968951.0967,9.99979674816e-05,0
paint,21968951.0947,0.00229999795556,2
input_age_ms,21968960.0064,0.000700000673532,0
pointer_move,21968960.0077,0.0201000012457,2
frame_deferred,21968960.1829,0.000399999320507,0
paint,21968960.1772,0.00649999827147,2
draw_commands,21968966.8401,2.2530999966,0
end_draw,21968969.0937,2.60720000044,2
present,21968971.7018,0.242199998349,2
paint,21968966.8204,5.12409999967,2
input_age_ms,21968974.7779,0.000900000333786,0
pointer_move,21968974.7798,0.236599996686,2
frame_deferred,21968975.6936,0.00149999931455,0
paint,21968975.6853,0.0106000006199,2
input_age_ms,21968979.5119,0.000999998301268,0
pointer_move,21968979.5139,0.0731999985874,2
frame_deferred,21968980.147,0.000799998641014,0
paint,21968980.1397,0.00870000198483,2
draw_commands,21968983.1837,2.02190000191,0
end_draw,21968985.2059,1.25890000165,2
present,21968986.4652,0.210200000554,2
paint,21968983.11,3.56560000032,2
input_age_ms,21968987.3991,0.000400003045797,0
pointer_move,21968987.3999,0.0148999989033,2
frame_deferred,21968987.927,0.000399999320507,0
paint,21968987.9229,0.00540000200272,2
input_age_ms,21968991.797,0.000900000333786,0
pointer_move,21968991.7983,0.00959999859333,2
frame_deferred,21968991.8871,0.000100001692772,0
paint,21968991.8836,0.0038000009954,2
input_age_ms,21968999.1432,0.000199999660254,0
pointer_move,21968999.1437,0.00840000063181,2
frame_deferred,21968999.2118,9.99979674816e-05,0
paint,21968999.2092,0.00280000269413,2
draw_commands,21968999.6183,0.925100002438,0
end_draw,21969000.5436,0.695500001311,2
present,21969001.2392,0.100400000811,2
paint,21968999.607,1.73289999738,2
input_age_ms,21969007.0173,0.000199999660254,0
pointer_move,21969007.0177,0.00629999861121,2
frame_deferred,21969007.0676,0,0
paint,21969007.0652,0.00249999761581,2
input_age_ms,21969014.9516,9.99979674816e-05,0
pointer_move,21969014.9519,0.0050999969244,2
frame_deferred,21969014.9974,9.99979674816e-05,0
paint,21969014.9958,0.00180000066757,2
draw_commands,21969016.1579,0.64489999786,0
end_draw,21969016.8034,0.829199999571,2
present,21969017.6328,0.084699999541,2
paint,21969016.1474,1.57039999962,2
input_age_ms,21969023.023,0.000300001353025,0
pointer_move,21969023.0235,0.00699999928474,2
frame_deferred,21969023.076,9.99979674816e-05,0
paint,21969023.0732,0.00300000235438,2
input_age_ms,21969030.9727,0.000199999660254,0
pointer_move,21969030.9731,0.00650000199676,2
frame_deferred,21969031.0239,0.000100001692772,0
paint,21969031.0221,0.00199999660254,2
draw_commands,21969033.072,0.654599998146,0
end_draw,21969033.7269,0.508200000972,2
present,21969034.2352,0.113099999726,2
paint,21969033.0602,1.28840000182,2
input_age_ms,21969039.0701,0.000200003385544,0
pointer_move,21969039.0705,0.00689999759197,2
frame_deferred,21969039.1223,0,0
paint,21969039.1196,0.00279999896884,2
input_age_ms,21969046.9357,0.000100001692772,0
pointer_move,21969046.936,0.00530000030994,2
frame_deferred,21969046.9812,0.000100001692772,0
paint,21969046.9796,0.00180000066757,2
draw_commands,21969049.7092,0.685900002718,0
end_draw,21969050.3953,0.563400000334,2
present,21969050.9589,0.0751000009477,2
paint,21969049.6963,1.33790000156,2
input_age_ms,21969055.3044,0.000299997627735,0
pointer_move,21969055.305,0.0623000003397,2
frame_deferred,21969055.6374,0.000199999660254,0
paint,21969055.635,0.00279999896884,2
input_age_ms,21969062.8647,0.000299997627735,0
pointer_move,21969062.8652,0.00539999827743,2
frame_deferred,21969062.9063,9.99979674816e-05,0
paint,21969062.9048,0.00159999728203,2
draw_commands,21969066.256,0.579900000244,0
end_draw,21969066.836,0.455200001597,2
present,21969067.2913,0.0797000005841,2
paint,21969066.2443,1.12700000033,2
input_age_ms,21969070.9551,0.000199999660254,0
pointer_move,21969070.9558,0.00629999861121,2
frame_deferred,21969071.0012,0,0
paint,21969070.9987,0.00259999930859,2
input_age_ms,21969081.0724,0.000399999320507,0
pointer_move,21969081.0731,0.00730000063777,2
frame_deferred,21969081.1302,0,0
paint,21969081.1279,0.00239999964833,2
draw_commands,21969082.9858,0.60699999705,0
end_draw,21969083.5929,0.605099998415,2
present,21969084.1987,0.0885000005364,2
paint,21969082.976,1.3115000017,2
input_age_ms,21969086.9952,0.000199999660254,0
pointer_move,21969086.9956,0.00600000098348,2
frame_deferred,21969087.0436,0,0
paint,21969087.041,0.00609999895096,2
input_age_ms,21969096.1486,0.000199999660254,0
pointer_move,21969096.1491,0.0646000020206,2
frame_deferred,21969096.4365,0.000199999660254,0
paint,21969096.4334,0.00349999964237,2
draw_commands,21969099.5155,0.572099998593,0
end_draw,21969100.0878,0.566700000316,2
present,21969100.6549,0.0795000009239,2
paint,21969099.5053,1.22919999808,2
input_age_ms,21969102.9824,0.000199999660254,0
pointer_move,21969102.9828,0.00609999895096,2
frame_deferred,21969103.0306,0,0
paint,21969103.0276,0.00309999659657,2
input_age_ms,21969111.2537,0.000399999320507,0
pointer_move,21969111.2543,0.00610000267625,2
frame_deferred,21969111.3025,0.000100001692772,0
paint,21969111.3006,0.00230000168085,2
draw_commands,21969116.2239,0.575799997896,0
end_draw,21969116.8003,0.812200002372,2
present,21969117.6127,0.0903999991715,2
paint,21969116.2117,1.49170000106,2
input_age_ms,21969118.9427,0.000300001353025,0
pointer_move,21969118.9433,0.00669999793172,2
frame_deferred,21969118.99,0.000100001692772,0
paint,21969118.9883,0.00190000236034,2
input_age_ms,21969127.9821,0.000600002706051,0
pointer_move,21969127.9829,0.00730000063777,2
frame_deferred,21969128.048,9.99979674816e-05,0
paint,21969128.046,0.00230000168085,2
draw_commands,21969133.5346,2.09029999748,0
end_draw,21969135.6254,2.3376000002,2
present,21969137.9636,0.239600002766,2
paint,21969133.5135,4.69039999694,2
input_age_ms,21969138.8871,0.000700000673532,16
pointer_move,21969138.8885,0.0205000005662,2
frame_deferred,21969139.3683,0.000800002366304,0
paint,21969139.3612,0.00860000029206,2
input_age_ms,21969145.7436,0.000599998980761,0
pointer_move,21969145.7452,0.0500000007451,2
frame_deferred,21969146.1463,0.000500001013279,0
paint,21969146.1404,0.00699999928474,2
draw_commands,21969149.5789,0.619200002402,0
end_draw,21969150.1982,0.491800002754,2
present,21969150.6901,0.0722000002861,2
paint,21969149.5551,1.20749999955,2
input_age_ms,21969151.0107,0.000100001692772,0
pointer_move,21969151.0114,0.00690000131726,2
frame_deferred,21969151.0628,9.99979674816e-05,0
paint,21969151.0607,0.00230000168085,2
input_age_ms,21969158.8933,0.000199999660254,0
pointer_move,21969158.8937,0.00640000030398,2
frame_deferred,21969158.9416,0.000100001692772,0
paint,21969158.9398,0.00199999660254,2
draw_commands,21969166.1471,0.588199999183,0
end_draw,21969166.7355,0.876299999654,2
present,21969167.612,0.0843000002205,2
paint,21969166.1367,1.559799999,2
input_age_ms,21969167.9488,0.000199999660254,15
pointer_move,21969167.9492,0.00609999895096,2
frame_deferred,21969168.0223,0.000199999660254,0
paint,21969168.0205,0.00209999829531,2
input_age_ms,21969174.9799,0.000199999660254,0
pointer_move,21969174.9806,0.00609999895096,2
frame_deferred,21969175.0294,0.000100001692772,0
paint,21969175.0275,0.00209999829531,2
input_age_ms,21969182.9456,0.000199999660254,16
pointer_move,21969182.9464,0.0174999982119,2
draw_commands,21969183.0374,0.538100000471,0
end_draw,21969183.5757,0.522399999201,2
present,21969184.0983,0.137000001967,2
paint,21969183.0222,1.21330000088,2
input_age_ms,21969190.8468,0.000199999660254,0
pointer_move,21969190.8472,0.00640000030398,2
frame_deferred,21969190.8919,0,0
paint,21969190.8892,0.00280000269413,2
input_age_ms,21969198.9039,9.99979674816e-05,0
pointer_move,21969198.9042,0.0054999999702,2
frame_deferred,21969198.9459,0,0
paint,21969198.9443,0.0016999989748,2
draw_commands,21969199.4559,0.648200001568,0
end_draw,21969200.1042,0.843099996448,2
present,21969200.9476,0.0894000008702,2
paint,21969199.4444,1.59279999882,2
input_age_ms,21969206.9814,0.000299997627735,0
pointer_move,21969206.9819,0.00720000267029,2
frame_deferred,21969207.0381,0,0
paint,21969207.0343,0.00389999896288,2
draw_commands,21969216.8287,0.847800001502,0
end_draw,21969217.6767,1.2490000017,2
present,21969218.9261,0.0855999998748,2
paint,21969216.8178,2.19429999962,2
input_age_ms,21969220.0627,0.000799998641014,0
pointer_move,21969220.064,0.0652000010014,2
frame_deferred,21969220.3334,0.000199999660254,0
paint,21969220.3304,0.00349999964237,2
input_age_ms,21969223.6053,0.000299997627735,0
pointer_move,21969223.6059,0.0313999988139,2
frame_deferred,21969223.9506,0.000200003385544,0
paint,21969223.9482,0.00280000269413,2
input_age_ms,21969231.2431,0.000300001353025,0
pointer_move,21969231.2436,0.0054999999702,2
frame_deferred,21969231.3635,0.000199999660254,0
paint,21969231.3614,0.00239999964833,2
draw_commands,21969233.2351,0.553199999034,0
end_draw,21969233.7884,0.579499997199,2
present,21969234.368,0.0786000005901,2
paint,21969233.2241,1.22279999778,2
input_age_ms,21969238.9485,0.000199999660254,0
pointer_move,21969238.9489,0.00670000165701,2
frame_deferred,21969238.9948,0,0
paint,21969238.9924,0.00249999761581,2
input_age_ms,21969247.1643,0.000300001353025,0
pointer_move,21969247.1648,0.00620000064373,2
frame_deferred,21969247.221,9.99979674816e-05,0
paint,21969247.2186,0.00259999930859,2
draw_commands,21969249.6767,0.646299999207,0
end_draw,21969250.3232,0.5625,2
present,21969250.8858,0.0625,2
paint,21969249.6674,1.28110000119,2
input_age_ms,21969263.5164,0.000300001353025,0
pointer_move,21969263.5176,0.00649999827147,2
frame_deferred,21969263.5768,0.000199999660254,0
paint,21969263.5747,0.00239999964833,2
draw_commands,21969266.4011,0.645800001919,0
end_draw,21969267.0472,0.910199999809,2
present,21969267.958,0.101999998093,2
paint,21969266.3923,1.66800000146,2
input_age_ms,21969271.4521,0.000399999320507,0
pointer_move,21969271.4578,0.00950000062585,2
frame_deferred,21969271.5244,0,0
paint,21969271.5202,0.00430000200868,2
input_age_ms,21969279.0174,0.000199999660254,0
pointer_move,21969279.0178,0.00569999963045,2
frame_deferred,21969279.0804,0.000199999660254,0
paint,21969279.0783,0.0025000013411,2
draw_commands,21969283.8442,0.796900000423,0
end_draw,21969284.6412,0.545500002801,2
present,21969285.1869,0.102499999106,2
paint,21969283.8351,1.45450000092,2
input_age_ms,21969286.9607,0.000299997627735,0
pointer_move,21969286.9611,0.00559999793768,2
frame_deferred,21969287.0067,9.99979674816e-05,0
paint,21969287.004,0.00299999862909,2
input_age_ms,21969295.004,0.000299997627735,0
pointer_move,21969295.0045,0.0058999992907,2
frame_deferred,21969295.0846,0.000199999660254,0
paint,21969295.0823,0.0025000013411,2
draw_commands,21969299.4749,0.59470000118,0
end_draw,21969300.0698,1.04169999808,2
present,21969301.1117,0.0786000005901,2
paint,21969299.4651,1.72539999709,2
input_age_ms,21969303.0251,0.000300001353025,0
pointer_move,21969303.0256,0.00499999895692,2
frame_deferred,21969303.0718,0,0
paint,21969303.0686,0.00329999998212,2
input_age_ms,21969311.0232,0.000199999660254,0
pointer_move,21969311.0236,0.00499999895692,2
frame_deferred,21969311.0658,0,0
paint,21969311.0637,0.00219999998808,2
draw_commands,21969316.3738,0.752500001341,0
end_draw,21969317.1266,2.02019999921,2
present,21969319.1472,0.0786000005901,2
paint,21969316.35,2.8759999983,2
input_age_ms,21969319.4139,0.000100001692772,0
pointer_move,21969319.4142,0.00530000030994,2
frame_deferred,21969319.6039,9.99979674816e-05,0
paint,21969319.6019,0.00230000168085,2
input_age_ms,21969330.7147,0.00109999999404,0
pointer_move,21969330.7171,0.115600001067,2
frame_deferred,21969331.6919,0.000799998641014,0
paint,21969331.6852,0.00820000097156,2
draw_commands,21969333.123,0.678500000387,0
end_draw,21969333.8016,1.03909999877,2
present,21969334.8409,0.076099999249,2
paint,21969333.1135,1.80380000174,2
input_age_ms,21969335.3437,0.000300001353025,0
pointer_move,21969335.3443,0.00849999859929,2
frame_deferred,21969335.4444,0.000199999660254,0
paint,21969335.4426,0.00249999761581,2
input_age_ms,21969348.5175,0.000900000333786,0
pointer_move,21969348.5192,0.0728999972343,2
frame_deferred,21969348.8214,0.000199999660254,0
paint,21969348.8194,0.00239999964833,2
draw_commands,21969349.6221,0.654100000858,0
end_draw,21969350.2765,0.776499997824,2
present,21969351.0532,0.082000002265,2
paint,21969349.6112,1.52429999784,2
input_age_ms,21969351.5496,0.000199999660254,0
pointer_move,21969351.55,0.0709999985993,2
frame_deferred,21969351.9701,0.000199999660254,0
paint,21969351.9681,0.00239999964833,2
input_age_ms,21969359.6571,0.000199999660254,0
pointer_move,21969359.6575,0.0054999999702,2
frame_deferred,21969359.7045,0,0
paint,21969359.7028,0.00190000236034,2
draw_commands,21969367.7754,2.44179999828,0
end_draw,21969370.2178,2.16530000046,2
present,21969372.3836,0.217000000179,2
paint,21969367.7547,4.84640000015,2
input_age_ms,21969373.8577,0.000799998641014,15
pointer_move,21969373.8596,0.718600001186,2
frame_deferred,21969376.8687,0.00129999965429,0
paint,21969376.8611,0.0097000002861,2
input_age_ms,21969380.3616,0.00109999999404,0
pointer_move,21969380.3638,0.142499998212,2
frame_deferred,21969381.1203,0.000800002366304,0
paint,21969381.1136,0.00829999893904,2
draw_commands,21969383.195,0.692899998277,0
end_draw,21969383.8881,1.08690000325,2
present,21969384.9752,0.0854000002146,2
paint,21969383.1853,1.87550000101,2
input_age_ms,21969385.3355,0.000100001692772,0
pointer_move,21969385.3357,0.00619999691844,2
frame_deferred,21969385.3807,0.000100001692772,0
paint,21969385.3786,0.00219999998808,2
input_age_ms,21969391.0609,0.000199999660254,0
pointer_move,21969391.0613,0.00659999996424,2
frame_deferred,21969391.1116,0,0
paint,21969391.1094,0.00229999795556,2
input_age_ms,21969398.8781,9.99979674816e-05,0
pointer_move,21969398.8784,0.00489999726415,2
frame_deferred,21969398.9176,0,0
paint,21969398.916,0.0016999989748,2
draw_commands,21969399.4277,0.636999998242,0
end_draw,21969400.0649,0.556499999017,2
present,21969400.6216,0.0861000008881,2
paint,21969399.4176,1.29030000046,2
input_age_ms,21969407.7975,0.000199999660254,0
pointer_move,21969407.798,0.0150999985635,2
frame_deferred,21969407.9598,0.000199999660254,0
paint,21969407.9573,0.00290000066161,2
input_age_ms,21969414.8759,9.99979674816e-05,0
pointer_move,21969414.8761,0.00439999997616,2
frame_deferred,21969414.9146,0.000100001692772,0
paint,21969414.9132,0.00160000100732,2
draw_commands,21969416.1271,0.577100001276,0
end_draw,21969416.7043,0.468399997801,2
present,21969417.1729,0.070000000298,2
paint,21969416.1167,1.12639999762,2
input_age_ms,21969423.1611,0.000199999660254,0
pointer_move,21969423.1617,0.00890000164509,2
frame_deferred,21969423.2454,9.99979674816e-05,0
paint,21969423.2418,0.00390000268817,2
input_age_ms,21969430.9407,0.000100001692772,0
pointer_move,21969430.941,0.00479999929667,2
frame_deferred,21969430.9814,0,0
paint,21969430.9799,0.00160000100732,2
draw_commands,21969432.8249,0.566700000316,0
end_draw,21969433.3917,0.49130000174,2
present,21969433.8833,0.0822000019252,2
paint,21969432.8156,1.1501000002,2
input_age_ms,21969446.948,0.000500001013279,0
pointer_move,21969446.9487,0.00640000030398,2
frame_deferred,21969446.9928,0,0
paint,21969446.9907,0.00259999930859,2
draw_commands,21969449.4646,0.581199999899,0
end_draw,21969450.0539,1.25760000199,2
present,21969451.3118,0.0729000009596,2
paint,21969449.454,1.93090000004,2
input_age_ms,21969614.9502,0.000199999660254,0
pointer_move,21969614.9506,0.00580000132322,2
draw_commands,21969615.0035,0.539900001138,0
end_draw,21969615.5435,0.496300000697,2
present,21969616.0399,0.0827999971807,2
paint,21969614.9937,1.12899999693,2
input_age_ms,21969622.9625,0.000400003045797,0
pointer_move,21969622.9631,0.00620000064373,2
frame_deferred,21969623.0077,0,0
paint,21969623.0052,0.00260000303388,2
input_age_ms,21969630.7773,0.000199999660254,0
pointer_move,21969630.7776,0.00459999963641,2
frame_deferred,21969630.8204,0,0
paint,21969630.8187,0.00229999795556,2
draw_commands,21969633.0444,0.602000001818,0
end_draw,21969633.6465,0.835799999535,2
present,21969634.4825,0.0916999988258,2
paint,21969633.0041,1.57039999962,2
input_age_ms,21969638.9477,0.000199999660254,0
pointer_move,21969638.9481,0.00600000098348,2
frame_deferred,21969638.9935,0,0
paint,21969638.9912,0.00270000100136,2
input_age_ms,21969646.9253,0.000200003385544,0
pointer_move,21969646.9257,0.00579999759793,2
frame_deferred,21969646.975,9.99979674816e-05,0
paint,21969646.9732,0.00189999863505,2
draw_commands,21969649.5473,0.599899999797,0
end_draw,21969650.1474,0.670600000769,2
present,21969650.8183,0.0920000001788,2
paint,21969649.5353,1.37519999966,2
input_age_ms,21969655.0802,0.000199999660254,0
pointer_move,21969655.0806,0.00739999860525,2
frame_deferred,21969655.1321,0,0
paint,21969655.129,0.00319999828935,2
draw_commands,21969666.2348,0.633099999279,0
end_draw,21969666.8681,0.830299999565,2
present,21969667.6988,0.0992999970913,2
paint,21969666.2232,1.57510000095,2
input_age_ms,21969671.0528,0.000300001353025,0
pointer_move,21969671.0535,0.00669999793172,2
frame_deferred,21969671.1038,0,0
paint,21969671.1015,0.00239999964833,2
draw_commands,21969682.9809,0.749199997634,0
end_draw,21969683.7302,1.07449999824,2
present,21969684.8051,0.0783999972045,2
paint,21969682.9683,1.91550000012,2
input_age_ms,21969758.9669,0.000199999660254,0
pointer_move,21969758.9673,0.00599999725819,2
draw_commands,21969759.0202,0.532600000501,0
end_draw,21969759.5529,0.487199999392,2
present,21969760.0402,0.0690999999642,2
paint,21969759.0106,1.0987999998,2
input_age_ms,21969768.0625,0.000399999320507,0
pointer_move,21969768.0632,0.00869999825954,2
draw_commands,21969768.1399,0.809300001711,0
end_draw,21969768.9493,0.718200001866,2
present,21969769.6677,0.0793999992311,2
paint,21969768.126,1.6213000007,2
input_age_ms,21969774.9539,0.000300001353025,0
pointer_move,21969774.9544,0.00580000132322,2
frame_deferred,21969774.9992,9.99979674816e-05,0
paint,21969774.997,0.00239999964833,2
draw_commands,21969783.2964,0.786200001836,0
end_draw,21969784.0828,0.701299998909,2
present,21969784.7843,0.0808000005782,2
paint,21969783.2851,1.58019999787,2
input_age_ms,21969791.9188,0.000500001013279,0
pointer_move,21969791.9199,0.0183999985456,2
frame_deferred,21969792.1067,0.000300001353025,0
paint,21969792.0999,0.00739999860525,2
draw_commands,21969800.8262,2.55359999835,0
end_draw,21969803.3802,1.88350000232,2
present,21969805.2642,0.213100001216,2
paint,21969800.8048,4.6735999994,2
input_age_ms,21969806.9212,0.00100000202656,0
pointer_move,21969806.9234,0.028299998492,2
frame_deferred,21969807.1331,0.000300001353025,0
paint,21969807.1267,0.00699999928474,2
draw_commands,21969817.687,1.49100000039,0
end_draw,21969819.1784,1.23369999975,2
present,21969820.4124,0.133700001985,2
paint,21969817.6715,2.875,2
capture_and_blur,21972187.9977,171.995700002,0
monitor_width,21972360.6785,9.99979674816e-05,3840
monitor_height,21972360.6787,0.000100001692772,2160
render_initialize,21972363.7199,132.662599999,0
draw_commands,21972496.3932,0.796600002795,0
end_draw,21972497.1899,3.8526000008,0
prepare_submit,21972501.043,9.99979674816e-05,0
paint,21972363.7198,137.323600002,0
prepare_overlay,21972363.7197,137.3244,0
draw_commands,21972505.9847,0.306299999356,0
end_draw,21972506.2912,2.34290000051,0
present,21972508.6342,0.841600000858,0
paint,21972505.9762,3.49980000034,0
magnifier_update,21972521.807,9.02560000122,0
show_views,21972360.6784,170.154899999,0
input_age_ms,21972533.5046,0.000300001353025,16
magnifier_update,21972533.5062,0.546900000423,0
pointer_move,21972533.5051,0.548299998045,0
input_age_ms,21972545.2827,0.000300001353025,15
magnifier_update,21972545.2842,0.439199998975,0
pointer_move,21972545.2834,0.440300002694,0
input_age_ms,21972551.0879,0.000199999660254,0
magnifier_update,21972551.0898,0.653000000864,0
pointer_move,21972551.0883,0.65509999916,0
input_age_ms,21972553.7594,0.000300001353025,0
magnifier_update,21972553.761,0.618500001729,0
pointer_move,21972553.7599,0.620400000364,0
input_age_ms,21972554.5833,0.000300001353025,0
magnifier_update,21972554.585,0.115100000054,0
pointer_move,21972554.5838,0.116500001401,0
input_age_ms,21972560.0283,0.000199999660254,0
magnifier_update,21972560.0299,0.652699999511,0
pointer_move,21972560.0289,0.653999999166,0
input_age_ms,21972572.894,0.000199999660254,0
magnifier_update,21972572.8977,0.805199999362,0
pointer_move,21972572.8949,0.808499999344,0
input_age_ms,21972573.8558,0.000399999320507,0
magnifier_update,21972573.8569,0.106200002134,0
pointer_move,21972573.8563,0.107099998742,0
input_age_ms,21972575.1336,0.000199999660254,0
magnifier_update,21972575.1347,0.539099998772,0
pointer_move,21972575.134,0.540500000119,0
input_age_ms,21972583.0038,0.000499997287989,0
magnifier_update,21972583.0114,0.727200001478,0
pointer_move,21972583.0099,0.729400001466,0
input_age_ms,21972589.4317,0.000400003045797,16
magnifier_update,21972589.4335,0.192900002003,0
pointer_move,21972589.4324,0.194200001657,0
input_age_ms,21972591.6118,0.000300001353025,0
magnifier_update,21972591.6135,0.358800001442,0
pointer_move,21972591.6122,0.360300000757,0
input_age_ms,21972598.7478,0.000300001353025,0
magnifier_update,21972598.7494,0.412499997765,0
pointer_move,21972598.7482,0.413800001144,0
input_age_ms,21972605.1067,0.000399999320507,0
magnifier_update,21972605.1085,0.178199999034,0
pointer_move,21972605.1075,0.179599996656,0
input_age_ms,21972606.8711,0.000199999660254,0
magnifier_update,21972606.8728,0.480000000447,0
pointer_move,21972606.8715,0.481600001454,0
input_age_ms,21972614.8786,9.99979674816e-05,0
magnifier_update,21972614.8798,0.468299999833,0
pointer_move,21972614.8788,0.469399999827,0
input_age_ms,21972620.5139,0.000299997627735,15
magnifier_update,21972620.5156,0.138799998909,0
pointer_move,21972620.5144,0.140199996531,0
input_age_ms,21972622.7775,0.000300001353025,0
magnifier_update,21972622.7789,0.48959999904,0
pointer_move,21972622.778,0.490699999034,0
input_age_ms,21972630.7933,0.000100001692772,0
magnifier_update,21972630.7938,0.380199998617,0
pointer_move,21972630.7936,0.380599997938,0
input_age_ms,21972637.0283,0.000199999660254,0
magnifier_update,21972637.0297,0.120099999011,0
pointer_move,21972637.0287,0.121299996972,0
input_age_ms,21972638.6526,0.000199999660254,0
magnifier_update,21972638.6534,0.486800000072,0
pointer_move,21972638.653,0.487399999052,0
input_age_ms,21972646.7507,0.000199999660254,0
magnifier_update,21972646.7515,0.389200001955,0
pointer_move,21972646.751,0.389800000936,0
input_age_ms,21972653.4989,0.000199999660254,0
magnifier_update,21972653.5003,0.131199996918,0
pointer_move,21972653.4993,0.132400002331,0
input_age_ms,21972654.7182,0.000300001353025,0
magnifier_update,21972654.7191,0.486400000751,0
pointer_move,21972654.7187,0.486999999732,0
input_age_ms,21972662.9417,0.000700000673532,0
magnifier_update,21972662.9442,0.545299999416,0
pointer_move,21972662.9433,0.546499997377,0
input_age_ms,21972670.6314,0.000199999660254,0
magnifier_update,21972670.6332,0.136499997228,0
pointer_move,21972670.6318,0.138100001961,0
input_age_ms,21972670.9014,0.000100001692772,0
magnifier_update,21972670.902,0.48560000211,0
pointer_move,21972670.9017,0.486099999398,0
input_age_ms,21972678.88,0.000199999660254,0
magnifier_update,21972678.8818,0.465399999171,0
pointer_move,21972678.8804,0.467000000179,0
input_age_ms,21972687.0956,0.000399999320507,0
magnifier_update,21972687.0971,0.55719999969,0
pointer_move,21972687.0961,0.558400001377,0
input_age_ms,21972687.7542,0,0
magnifier_update,21972687.7545,0.107400000095,0
pointer_move,21972687.7543,0.107700001448,0
input_age_ms,21972696.5357,0.000199999660254,0
magnifier_update,21972696.5374,0.485599998385,0
pointer_move,21972696.5362,0.486999999732,0
input_age_ms,21972703.675,0.000199999660254,0
magnifier_update,21972703.6766,0.121199999005,0
pointer_move,21972703.6757,0.122299998999,0
input_age_ms,21972736.6924,0.000199999660254,0
magnifier_update,21972736.6942,0.147999998182,0
pointer_move,21972736.6928,0.149599999189,0
draw_commands,21972790.5359,1.38650000095,0
end_draw,21972791.9229,0.817200001329,1
present,21972792.7405,2.93410000205,1
paint,21972790.507,5.16829999909,1
input_age_ms,21972796.899,0.000900000333786,15
frame_deferred,21972797.3129,0.000900000333786,0
paint,21972797.3062,0.00819999724627,1
pointer_move,21972796.901,0.605799999088,1
input_age_ms,21972799.0603,0.000599998980761,0
frame_deferred,21972799.1668,0.000399999320507,0
paint,21972799.1608,0.00670000165701,1
pointer_move,21972799.0615,0.156999997795,1
input_age_ms,21972807.2944,0.00100000202656,0
draw_commands,21972807.4399,1.2052000016,0
end_draw,21972808.6455,1.4208999984,1
present,21972810.0668,0.400000002235,1
paint,21972807.4128,3.05470000207,1
pointer_move,21972807.296,3.2536999993,1
input_age_ms,21972810.7353,0.000500001013279,0
frame_deferred,21972810.8422,0.000199999660254,0
paint,21972810.8361,0.00659999996424,1
pointer_move,21972810.7361,0.153799999505,1
input_age_ms,21972815.0118,0.000700000673532,0
frame_deferred,21972815.0966,0.000199999660254,0
paint,21972815.0916,0.0054999999702,1
pointer_move,21972815.013,0.11989999935,1
input_age_ms,21972822.8411,0.000700000673532,0
draw_commands,21972822.9541,0.854899998754,0
end_draw,21972823.8094,0.580699998885,1
present,21972824.3904,0.158799998462,1
paint,21972822.9314,1.61820000038,1
pointer_move,21972822.8423,1.76300000027,1
input_age_ms,21972830.8344,0.000400003045797,0
frame_deferred,21972830.9145,0.000199999660254,0
paint,21972830.9102,0.00479999929667,1
pointer_move,21972830.8353,0.114800002426,1
draw_commands,21972836.0571,0.882099997252,0
end_draw,21972836.9397,8.57110000029,1
present,21972845.5112,0.145600002259,1
paint,21972836.0398,9.61760000139,1
input_age_ms,21972845.8834,0.000199999660254,16
frame_deferred,21972845.9722,0.000199999660254,0
paint,21972845.9681,0.00450000166893,1
pointer_move,21972845.884,0.226100001484,1
input_age_ms,21972846.8119,0.000499997287989,0
frame_deferred,21972846.8847,0.000199999660254,0
paint,21972846.8808,0.00439999997616,1
pointer_move,21972846.8128,0.106199998409,1
input_age_ms,21972854.7455,0.000500001013279,0
draw_commands,21972854.8301,0.607700001448,0
end_draw,21972855.438,0.438400000334,1
present,21972855.8766,0.117699999362,1
paint,21972854.813,1.18160000071,1
pointer_move,21972854.7464,1.31120000035,1
input_age_ms,21972862.8731,0.000599998980761,0
frame_deferred,21972862.9586,0.000199999660254,0
paint,21972862.9538,0.00530000030994,1
pointer_move,21972862.8742,0.132299996912,1
input_age_ms,21972870.863,0.000699996948242,0
draw_commands,21972870.974,0.847699999809,0
end_draw,21972871.822,0.5839000009,1
present,21972872.4061,0.166799999774,1
paint,21972870.9512,1.62219999731,1
pointer_move,21972870.8648,1.77670000121,1
input_age_ms,21972878.8522,0.000699996948242,0
frame_deferred,21972878.9396,0.000200003385544,0
paint,21972878.9347,0.00530000030994,1
pointer_move,21972878.8534,0.122800000012,1
input_age_ms,21972886.844,0.000700000673532,0
draw_commands,21972886.9568,0.828999999911,0
end_draw,21972887.7861,0.952500000596,1
present,21972888.7391,0.179199997336,1
paint,21972886.9328,1.98589999974,1
pointer_move,21972886.8458,2.14859999716,1
input_age_ms,21972894.8864,0.00109999999404,0
frame_deferred,21972894.9737,0.000199999660254,0
paint,21972894.9679,0.00629999861121,1
pointer_move,21972894.888,0.123500000685,1
input_age_ms,21972903.0166,0.000499997287989,0
draw_commands,21972903.1217,0.685899998993,0
end_draw,21972903.8079,0.423599999398,1
present,21972904.2317,0.135299999267,1
paint,21972903.1036,1.26359999925,1
pointer_move,21972903.0174,1.39809999987,1
input_age_ms,21972910.5911,0.000300001353025,0
frame_deferred,21972910.6252,0.000100001692772,0
paint,21972910.6234,0.00200000032783,1
pointer_move,21972910.5916,0.0467999987304,1
input_age_ms,21972918.631,0.000399999320507,0
draw_commands,21972918.6833,0.308000002056,0
end_draw,21972918.9914,0.220199998468,1
present,21972919.2117,0.0645999982953,1
paint,21972918.6699,0.606499999762,1
pointer_move,21972918.6324,0.664500001818,1
input_age_ms,21972927.0491,0.000799998641014,0
frame_deferred,21972927.1662,0.000199999660254,0
paint,21972927.1603,0.00649999827147,1
pointer_move,21972927.0506,0.168999999762,1
input_age_ms,21972935.0013,0.0016999989748,0
draw_commands,21972935.15,1.29090000317,0
end_draw,21972936.4416,0.736500002444,1
present,21972937.1784,0.210700001568,1
paint,21972935.1216,2.26840000227,1
pointer_move,21972935.0038,2.46829999983,1
input_age_ms,21972943.402,0.000900000333786,0
frame_deferred,21972944.8116,0.000799998641014,0
paint,21972944.804,0.00919999927282,1
pointer_move,21972943.4042,2.59380000085,1
input_age_ms,21972951.5124,0.000900000333786,0
draw_commands,21972951.6553,1.45870000124,0
end_draw,21972953.1144,4.00589999929,1
present,21972957.1208,0.47309999913,1
paint,21972951.6301,5.96440000087,1
pointer_move,21972951.5141,6.18910000101,1
input_age_ms,21972960.1844,0.00100000202656,0
frame_deferred,21972961.2657,0.000900000333786,0
paint,21972961.2588,0.00869999825954,1
pointer_move,21972960.1861,1.44930000231,1
input_age_ms,21972967.5019,0.000700000673532,0
draw_commands,21972967.6217,0.941899999976,0
end_draw,21972968.564,0.555500000715,1
present,21972969.1198,0.143799997866,1
paint,21972967.6006,1.6633999981,1
pointer_move,21972967.5032,1.82860000059,1
input_age_ms,21972974.9023,0.000599998980761,0
frame_deferred,21972975.1687,0.000500001013279,0
paint,21972975.1645,0.00519999861717,1
pointer_move,21972974.9033,0.353100001812,1
input_age_ms,21972982.5992,0.000500001013279,0
frame_deferred,21972982.6588,0.000100001692772,0
paint,21972982.6551,0.00400000065565,1
pointer_move,21972982.6003,0.0821000002325,1
input_age_ms,21972990.7241,0.000399999320507,0
draw_commands,21972990.8168,0.481600001454,0
end_draw,21972991.2986,0.310499999672,1
present,21972991.6092,0.0922999978065,1
paint,21972990.8047,0.896999999881,1
pointer_move,21972990.7248,1.00619999692,1
input_age_ms,21972998.5594,0.000300001353025,0
frame_deferred,21972998.6058,0.000100001692772,0
paint,21972998.6036,0.0025000013411,1
pointer_move,21972998.5602,0.0648000016809,1
input_age_ms,21973006.5561,0.000399999320507,0
draw_commands,21973006.6151,0.469599999487,0
end_draw,21973007.0849,0.847100000829,1
present,21973007.9321,0.0908999964595,1
paint,21973006.6028,1.42049999908,1
pointer_move,21973006.5568,1.5036999993,1
input_age_ms,21973014.5622,0.000199999660254,0
frame_deferred,21973014.6087,0.000100001692772,0
paint,21973014.6064,0.00249999761581,1
pointer_move,21973014.5628,0.0642999969423,1
input_age_ms,21973022.559,0.000199999660254,0
draw_commands,21973022.6167,0.436299998313,0
end_draw,21973023.0531,0.297399997711,1
present,21973023.3506,0.083599999547,1
paint,21973022.6048,0.829599998891,1
pointer_move,21973022.5598,0.900900002569,1
input_age_ms,21973030.8621,0.000499997287989,0
frame_deferred,21973030.9738,0.000300001353025,0
paint,21973030.9682,0.0063000023365,1
pointer_move,21973030.8635,0.161200001836,1
input_age_ms,21973039.6518,0.000900000333786,0
draw_commands,21973039.8462,1.21990000084,0
end_draw,21973041.0666,0.671100001782,1
present,21973041.738,0.202999997884,1
paint,21973039.8233,2.11809999868,1
pointer_move,21973039.6537,2.35850000009,1
input_age_ms,21973046.9375,0.000799998641014,0
frame_deferred,21973047.0586,0.000299997627735,0
paint,21973047.0521,0.00720000267029,1
pointer_move,21973046.9389,0.173399999738,1
input_age_ms,21973056.351,0.00109999999404,0
draw_commands,21973056.7026,1.34530000016,0
end_draw,21973058.0484,0.891899999231,1
present,21973058.9407,0.212799999863,1
paint,21973056.6762,2.47780000046,1
pointer_move,21973056.3538,3.04940000176,1
input_age_ms,21973063.0565,0.00120000168681,0
frame_deferred,21973063.1836,0.000399999320507,0
paint,21973063.1767,0.00769999995828,1
pointer_move,21973063.0584,0.226199999452,1
input_age_ms,21973071.0592,0.000500001013279,0
draw_commands,21973071.2079,1.89420000091,0
end_draw,21973073.1025,0.67159999907,1
present,21973073.7874,0.206799998879,1
paint,21973071.1846,2.81010000035,1
pointer_move,21973071.0603,3.32690000162,1
input_age_ms,21973078.8236,0.000999998301268,0
frame_deferred,21973078.914,0.000299997627735,0
paint,21973078.9089,0.00569999963045,1
pointer_move,21973078.8251,0.126699998975,1
input_age_ms,21973086.7112,0.000700000673532,0
draw_commands,21973086.8067,0.678899999708,0
end_draw,21973087.4859,0.70850000158,1
present,21973088.1947,0.137099999934,1
paint,21973086.79,1.54230000079,1
pointer_move,21973086.7123,1.67310000211,1
input_age_ms,21973094.7834,0.000600002706051,0
frame_deferred,21973094.8748,0.000199999660254,0
paint,21973094.8695,0.00580000132322,1
pointer_move,21973094.7845,0.126800000668,1
input_age_ms,21973103.0534,0.000800002366304,0
draw_commands,21973103.1677,0.968699999154,0
end_draw,21973104.1368,0.533900000155,1
present,21973104.671,0.178199999034,1
paint,21973103.1444,1.70519999787,1
pointer_move,21973103.055,1.85929999873,1
input_age_ms,21973110.8007,0.000599998980761,0
frame_deferred,21973110.8883,0.000199999660254,0
paint,21973110.8837,0.00530000030994,1
pointer_move,21973110.8018,0.1232999973,1
input_age_ms,21973118.9473,0.000700000673532,0
draw_commands,21973119.0645,0.912399999797,0
end_draw,21973119.9772,0.54639999941,1
present,21973120.5238,0.167199999094,1
paint,21973119.0377,1.65369999781,1
pointer_move,21973118.9485,1.8040000014,1
input_age_ms,21973126.8387,0.000700000673532,0
frame_deferred,21973126.9301,0.000299997627735,0
paint,21973126.9249,0.00580000132322,1
pointer_move,21973126.8399,0.128000002354,1
input_age_ms,21973134.8668,0.000800002366304,0
draw_commands,21973134.9824,1.0102000013,0
end_draw,21973135.993,0.626600001007,1
present,21973136.62,0.158599998802,1
paint,21973134.9582,1.82079999894,1
pointer_move,21973134.8682,1.98620000109,1
input_age_ms,21973142.7865,0.000599998980761,0
frame_deferred,21973142.8735,0.000199999660254,0
paint,21973142.8677,0.00620000064373,1
pointer_move,21973142.7877,0.123399998993,1
input_age_ms,21973150.9841,0.000700000673532,0
draw_commands,21973151.1635,0.940600000322,0
end_draw,21973152.1046,1.51619999856,1
present,21973153.6213,0.174699999392,1
paint,21973151.1384,2.65819999948,1
pointer_move,21973150.9855,2.88980000094,1
input_age_ms,21973158.8226,0.000700000673532,0
frame_deferred,21973158.9097,0.000199999660254,0
paint,21973158.9051,0.00510000064969,1
pointer_move,21973158.8238,0.122600000352,1
input_age_ms,21973166.9874,0.000800002366304,0
draw_commands,21973167.1593,0.934700001031,0
end_draw,21973168.0944,0.587999999523,1
present,21973168.6828,0.150400001556,1
paint,21973167.1348,1.69870000333,1
pointer_move,21973166.9889,1.91170000285,1
input_age_ms,21973174.8826,0.00130000337958,0
frame_deferred,21973175.028,0.000799998641014,0
paint,21973175.0217,0.00820000097156,1
pointer_move,21973174.8845,0.21420000121,1
input_age_ms,21973182.7999,0.000700000673532,16
frame_deferred,21973182.8908,0.000199999660254,0
paint,21973182.8856,0.00579999759793,1
pointer_move,21973182.8012,0.128100000322,1
draw_commands,21973271.1161,0.325800001621,0
end_draw,21973271.4422,0.204199999571,1
present,21973271.6465,0.0774000026286,1
paint,21973271.1067,0.617400001734,1
pointer_move,21973271.0403,0.701099999249,1
frame_deferred,21973272.1339,0.000199999660254,0
paint,21973272.1325,0.0016999989748,2
draw_commands,21973283.2459,0.569599997252,0
end_draw,21973283.8156,1.88459999859,2
present,21973285.7006,0.0940000005066,2
paint,21973283.232,2.56269999966,2
input_age_ms,21973286.1555,0.000300001353025,0
pointer_move,21973286.1561,0.00609999895096,2
frame_deferred,21973286.2096,9.99979674816e-05,0
paint,21973286.208,0.00180000066757,2
draw_commands,21973299.7557,0.546000000089,0
end_draw,21973300.3018,0.487399999052,2
present,21973300.7893,0.070300001651,2
paint,21973299.7451,1.11480000243,2
input_age_ms,21973319.9698,0.000600002706051,0
pointer_move,21973319.9709,0.0217000022531,2
draw_commands,21973320.177,1.90699999779,0
end_draw,21973322.0843,1.60379999876,2
present,21973323.6884,0.221999999136,2
paint,21973320.1442,3.76669999957,2
input_age_ms,21973327.8622,0.000500001013279,0
pointer_move,21973327.8635,0.0216000005603,2
frame_deferred,21973328.0265,0.000299997627735,0
paint,21973328.0206,0.00650000199676,2
draw_commands,21973333.7757,1.86439999938,0
end_draw,21973335.6407,1.65769999847,2
present,21973337.2989,0.29129999876,2
paint,21973333.7552,3.83559999987,2
input_age_ms,21973338.146,0.000499997287989,0
pointer_move,21973338.1472,0.0199000015855,2
frame_deferred,21973338.3184,0.000199999660254,0
paint,21973338.3111,0.00789999961853,2
input_age_ms,21973344.0648,0.000599998980761,0
pointer_move,21973344.0661,0.020799998194,2
frame_deferred,21973344.2562,0.000399999320507,0
paint,21973344.2497,0.00720000267029,2
draw_commands,21973350.6731,1.90540000051,0
end_draw,21973352.5791,1.21929999813,2
present,21973353.7987,0.176599998027,2
paint,21973350.6496,3.32609999925,2
input_age_ms,21973354.4774,0.000499997287989,16
pointer_move,21973354.4783,0.0189999975264,2
frame_deferred,21973354.6711,0.000499997287989,0
paint,21973354.666,0.00599999725819,2
input_age_ms,21973359.6755,0.000599998980761,0
pointer_move,21973359.6767,0.0278999991715,2
frame_deferred,21973359.7919,9.99979674816e-05,0
paint,21973359.788,0.0042000003159,2
draw_commands,21973366.9635,1.1548999995,0
end_draw,21973368.1188,1.03869999945,2
present,21973369.1578,0.135000001639,2
paint,21973366.9495,2.34360000119,2
input_age_ms,21973369.7446,0.000399999320507,0
pointer_move,21973369.7455,0.0138000026345,2
frame_deferred,21973369.895,0.000300001353025,0
paint,21973369.8907,0.00479999929667,2
input_age_ms,21973375.3005,0.000399999320507,0
pointer_move,21973375.3012,0.0107000023127,2
frame_deferred,21973375.3968,9.99979674816e-05,0
paint,21973375.3935,0.00360000133514,2
input_age_ms,21973384.195,0.000599998980761,0
pointer_move,21973384.1962,0.0103000029922,2
draw_commands,21973384.3155,1.03670000285,0
end_draw,21973385.3525,0.910500001162,2
present,21973386.2632,0.15549999848,2
paint,21973384.2993,2.11969999969,2
input_age_ms,21973391.3359,0.000399999320507,0
pointer_move,21973391.3367,0.0117999985814,2
frame_deferred,21973391.4288,0.000199999660254,0
paint,21973391.4246,0.00449999794364,2
input_age_ms,21973399.3115,0.000399999320507,0
pointer_move,21973399.3123,0.0113999992609,2
frame_deferred,21973399.4096,0.000199999660254,0
paint,21973399.406,0.00400000065565,2
draw_commands,21973399.9944,1.04390000179,0
end_draw,21973401.0387,1.24240000173,2
present,21973402.2816,0.138600002974,2
paint,21973399.9803,2.44029999897,2
input_age_ms,21973407.2267,0.000300001353025,0
pointer_move,21973407.2274,0.0106000006199,2
frame_deferred,21973407.3164,0.000199999660254,0
paint,21973407.3125,0.0042000003159,2
input_age_ms,21973415.2322,0.000399999320507,0
pointer_move,21973415.2329,0.0113999992609,2
frame_deferred,21973415.3286,9.99979674816e-05,0
paint,21973415.3249,0.00399999693036,2
draw_commands,21973416.7082,1.1708999984,0
end_draw,21973417.8793,0.899500001222,2
present,21973418.779,0.127900000662,2
paint,21973416.6939,2.21330000088,2
input_age_ms,21973423.2767,0.000399999320507,0
pointer_move,21973423.2776,0.0108999982476,2
frame_deferred,21973423.3734,0.000199999660254,0
paint,21973423.3694,0.00430000200868,2
input_age_ms,21973431.8348,0.000599998980761,0
pointer_move,21973431.8359,0.0179999992251,2
frame_deferred,21973432.0044,0.000399999320507,0
paint,21973431.9984,0.00670000165701,2
draw_commands,21973433.4096,2.15850000083,0
end_draw,21973435.5686,2.06560000032,2
present,21973437.635,0.217000000179,2
paint,21973433.3884,4.46409999952,2
input_age_ms,21973441.3028,0.000799998641014,0
pointer_move,21973441.3044,0.22899999842,2
frame_deferred,21973442.3318,0.00100000202656,0
paint,21973442.3243,0.00899999961257,2
input_age_ms,21973448.0339,0.000500001013279,0
pointer_move,21973448.035,0.0229999981821,2
frame_deferred,21973448.2133,0.000299997627735,0
paint,21973448.2063,0.0075999982655,2
draw_commands,21973451.5132,1.90790000185,0
end_draw,21973453.4221,1.83350000158,2
present,21973455.2562,0.250700000674,2
paint,21973451.4925,4.0150000006,2
input_age_ms,21973458.1887,0.00119999796152,0
pointer_move,21973458.191,0.105399999768,2
frame_deferred,21973458.6717,0.000799998641014,0
paint,21973458.665,0.00809999927878,2
input_age_ms,21973463.9388,0.000599998980761,0
pointer_move,21973463.9399,0.0197000019252,2
frame_deferred,21973464.1223,0.000399999320507,0
paint,21973464.1158,0.00730000063777,2
draw_commands,21973466.8611,1.88179999962,0
end_draw,21973468.7434,1.8291000016,2
present,21973470.573,0.231900002807,2
paint,21973466.8375,3.96810000017,2
input_age_ms,21973473.1132,0.000499997287989,0
pointer_move,21973473.1141,0.0158999972045,2
frame_deferred,21973473.2509,0.000199999660254,0
paint,21973473.2453,0.00600000098348,2
input_age_ms,21973479.5412,0.000500001013279,16
pointer_move,21973479.5423,0.013599999249,2
frame_deferred,21973479.6676,0.000200003385544,0
paint,21973479.6624,0.00560000166297,2
draw_commands,21973483.3372,1.46269999817,0
end_draw,21973484.8002,2.24799999967,2
present,21973487.0487,0.207299999893,2
paint,21973483.256,4.00049999729,2
input_age_ms,21973488.861,0.000599998980761,0
pointer_move,21973488.8621,0.413999997079,2
frame_deferred,21973489.5644,0.000500001013279,0
paint,21973489.5596,0.00580000132322,2
input_age_ms,21973495.547,0.000400003045797,15
pointer_move,21973495.5482,0.0142999999225,2
frame_deferred,21973495.6717,0.000199999660254,0
paint,21973495.6672,0.00490000098944,2
draw_commands,21973500.0477,1.43789999932,0
end_draw,21973501.486,1.37829999998,2
present,21973502.8647,0.191799998283,2
paint,21973500.0288,3.02870000154,2
input_age_ms,21973504.4061,0.000700000673532,0
pointer_move,21973504.4077,0.149100001901,2
frame_deferred,21973505.771,0.000599998980761,0
paint,21973505.7247,0.0472999997437,2
draw_commands,21973518.8966,1.53599999845,0
end_draw,21973520.4329,1.12359999865,2
present,21973521.5568,0.142599999905,2
paint,21973518.8817,2.81799999997,2
input_age_ms,21973522.0737,0.000399999320507,0
pointer_move,21973522.0745,0.0115000009537,2
frame_deferred,21973522.1872,0.000300001353025,0
paint,21973522.1835,0.00430000200868,2
draw_commands,21973534.7306,2.18120000139,0
end_draw,21973536.9123,1.85649999976,2
present,21973538.7693,0.223700001836,2
paint,21973534.6646,4.32899999991,2
input_age_ms,21973539.65,0.000700000673532,0
pointer_move,21973539.6514,0.0201999992132,2
frame_deferred,21973539.8248,0.000199999660254,0
paint,21973539.8181,0.00729999691248,2
input_age_ms,21973543.8354,0.000900000333786,0
pointer_move,21973543.8369,0.0199000015855,2
frame_deferred,21973544.012,0.000200003385544,0
paint,21973544.006,0.00649999827147,2
draw_commands,21973552.5106,1.91530000046,0
end_draw,21973554.4268,1.62019999698,2
present,21973556.0475,0.238800000399,2
paint,21973552.4858,3.80109999701,2
input_age_ms,21973557.6526,0.000899996608496,16
pointer_move,21973557.6541,0.101900000125,2
frame_deferred,21973558.1542,0.000600002706051,0
paint,21973558.148,0.00740000233054,2
input_age_ms,21973560.3321,0.000599998980761,0
pointer_move,21973560.3334,0.047499999404,2
frame_deferred,21973560.7595,0.000799998641014,0
paint,21973560.7524,0.00870000198483,2
draw_commands,21973567.231,1.64190000296,0
end_draw,21973568.8733,1.57679999992,2
present,21973570.4505,0.291999999434,2
paint,21973567.2122,3.53049999848,2
input_age_ms,21973571.6832,0.000299997627735,0
pointer_move,21973571.6839,0.0111999996006,2
frame_deferred,21973571.7841,0.000100001692772,0
paint,21973571.7805,0.00390000268817,2
input_age_ms,21973575.2633,0.000399999320507,0
pointer_move,21973575.2641,0.0106999985874,2
frame_deferred,21973575.3608,9.99979674816e-05,0
paint,21973575.3574,0.00369999930263,2
input_age_ms,21973583.199,0.000399999320507,0
pointer_move,21973583.2,0.00879999995232,2
draw_commands,21973583.3643,1.29419999942,0
end_draw,21973584.6588,0.747100003064,2
present,21973585.4061,0.223899997771,2
paint,21973583.3479,2.28249999881,2
input_age_ms,21973591.1087,0.000500001013279,0
pointer_move,21973591.1096,0.0111000016332,2
frame_deferred,21973591.1956,0.000100001692772,0
paint,21973591.1918,0.00400000065565,2
input_age_ms,21973599.1376,0.000299997627735,0
pointer_move,21973599.1382,0.00989999994636,2
frame_deferred,21973599.2187,0.000100001692772,0
paint,21973599.2147,0.00430000200868,2
draw_commands,21973599.9877,0.890000000596,0
end_draw,21973600.878,1.10700000077,2
present,21973601.9853,0.140599999577,2
paint,21973599.9737,2.15249999985,2
input_age_ms,21973607.0644,0.000300001353025,0
pointer_move,21973607.065,0.00899999961257,2
frame_deferred,21973607.1398,9.99979674816e-05,0
paint,21973607.136,0.00400000065565,2
input_age_ms,21973615.1348,0.000300001353025,0
pointer_move,21973615.1354,0.00829999893904,2
frame_deferred,21973615.2109,9.99979674816e-05,0
paint,21973615.2077,0.00349999964237,2
draw_commands,21973616.6977,0.949099998921,0
end_draw,21973617.647,0.837999999523,2
present,21973618.4852,0.129500001669,2
paint,21973616.6845,1.93049999699,2
input_age_ms,21973623.0943,0.000299997627735,0
pointer_move,21973623.095,0.00980000197887,2
frame_deferred,21973623.1731,0.000200003385544,0
paint,21973623.1695,0.00389999896288,2
input_age_ms,21973631.1493,0.000399999320507,0
pointer_move,21973631.15,0.00890000164509,2
frame_deferred,21973631.2277,0.000100001692772,0
paint,21973631.225,0.00299999862909,2
draw_commands,21973633.5133,1.83579999954,0
end_draw,21973635.3498,1.88709999993,2
present,21973637.2374,0.237100001425,2
paint,21973633.4904,3.98469999805,2
input_age_ms,21973640.4302,0.000800002366304,0
pointer_move,21973640.4322,0.336399998516,2
frame_deferred,21973641.7528,0.000800002366304,0
paint,21973641.7428,0.0130000002682,2
input_age_ms,21973647.8564,0.000699996948242,0
pointer_move,21973647.8577,0.0185000002384,2
frame_deferred,21973648.031,0.000300001353025,0
paint,21973648.0243,0.00729999691248,2
draw_commands,21973650.2743,1.88029999658,0
end_draw,21973652.1551,1.68520000204,2
present,21973653.8409,0.297100000083,2
paint,21973650.2536,3.88499999791,2
input_age_ms,21973658.008,0.000999998301268,0
pointer_move,21973658.0102,0.309899996966,2
frame_deferred,21973659.4715,0.000899996608496,0
paint,21973659.4641,0.0093000009656,2
input_age_ms,21973663.8315,0.000599998980761,0
pointer_move,21973663.8332,0.0175999999046,2
frame_deferred,21973663.9896,0.000399999320507,0
paint,21973663.9844,0.00600000098348,2
draw_commands,21973667.082,2.04770000279,0
end_draw,21973669.1302,1.59600000083,2
present,21973670.7268,0.240000002086,2
paint,21973667.0596,3.90770000219,2
input_age_ms,21973673.07,0.00129999965429,0
pointer_move,21973673.0726,0.178399998695,2
frame_deferred,21973673.9935,0.000799998641014,0
paint,21973673.9863,0.00870000198483,2
input_age_ms,21973680.1781,0.000700000673532,0
pointer_move,21973680.1796,0.0203999988735,2
frame_deferred,21973680.3833,0.000399999320507,0
paint,21973680.3767,0.00740000233054,2
draw_commands,21973683.5659,1.49579999968,0
end_draw,21973685.062,1.17559999973,2
present,21973686.238,0.179899998009,2
paint,21973683.547,2.87120000273,2
input_age_ms,21973736.7341,0.00120000168681,0
pointer_move,21973736.7362,0.13560000062,2
draw_commands,21973741.5835,1.79889999703,0
end_draw,21973743.383,1.59359999746,2
present,21973744.977,0.205999996513,2
paint,21973741.5563,3.62719999999,2
input_age_ms,21973751.4188,0.000700000673532,0
pointer_move,21973751.4201,0.0199000015855,2
draw_commands,21973751.6156,2.12529999763,0
end_draw,21973753.7414,1.84519999847,2
present,21973755.5872,0.233300000429,2
paint,21973751.587,4.23419999704,2
input_age_ms,21973757.3289,0.000700000673532,0
pointer_move,21973757.3304,0.0659999996424,2
frame_deferred,21973757.8768,0.000599998980761,0
paint,21973757.8704,0.00769999995828,2
input_age_ms,21973758.9855,0.000900000333786,0
pointer_move,21973758.9868,0.0124999992549,2
frame_deferred,21973759.1103,0.000199999660254,0
paint,21973759.1065,0.0042000003159,2
draw_commands,21973767.4373,1.03069999814,0
end_draw,21973768.4683,3.30779999867,2
present,21973771.7765,0.138399999589,2
paint,21973767.4222,4.49309999868,2
input_age_ms,21973772.3345,0.000300001353025,0
pointer_move,21973772.3353,0.013400003314,2
frame_deferred,21973772.4707,0.000399999320507,0
paint,21973772.4673,0.0042000003159,2
input_age_ms,21973774.8365,0.000300001353025,0
pointer_move,21973774.8372,0.0117000006139,2
frame_deferred,21973774.9651,0.000299997627735,0
paint,21973774.9621,0.00349999964237,2
input_age_ms,21973782.6424,0.000199999660254,0
pointer_move,21973782.6429,0.00739999860525,2
frame_deferred,21973782.7039,0.000100001692772,0
paint,21973782.7016,0.0025000013411,2
draw_commands,21973783.0818,0.74640000239,0
end_draw,21973783.8284,0.856899999082,2
present,21973784.686,0.0969000011683,2
paint,21973783.0706,1.7126000002,2
input_age_ms,21973790.6565,0.000199999660254,0
pointer_move,21973790.6569,0.00809999927878,2
frame_deferred,21973790.7146,9.99979674816e-05,0
paint,21973790.7121,0.00270000100136,2
input_age_ms,21973798.6131,0.000199999660254,0
pointer_move,21973798.6135,0.00540000200272,2
frame_deferred,21973798.6612,9.99979674816e-05,0
paint,21973798.6595,0.00190000236034,2
draw_commands,21973799.7175,0.800899997354,0
end_draw,21973800.5186,0.778800003231,2
present,21973801.2979,0.0843000002205,2
paint,21973799.7054,1.67699999735,2
input_age_ms,21973806.602,0.000299997627735,0
pointer_move,21973806.603,0.00699999928474,2
frame_deferred,21973806.6601,0,0
paint,21973806.6575,0.00280000269413,2
input_age_ms,21973814.6262,0.000199999660254,0
pointer_move,21973814.6266,0.00799999758601,2
frame_deferred,21973814.6881,0.000100001692772,0
paint,21973814.6859,0.00239999964833,2
draw_commands,21973816.5666,0.664100002497,0
end_draw,21973817.2308,0.924699999392,2
present,21973818.1558,0.107400000095,2
paint,21973816.5564,1.70710000023,2
input_age_ms,21973823.0927,0.000499997287989,0
pointer_move,21973823.0936,0.0191999971867,2
frame_deferred,21973823.257,0.000300001353025,0
paint,21973823.2505,0.00709999725223,2
input_age_ms,21973831.0573,0.000499997287989,0
pointer_move,21973831.0583,0.0164999999106,2
frame_deferred,21973831.2161,0.000300001353025,0
paint,21973831.2106,0.00609999895096,2
draw_commands,21973833.5845,1.92770000175,0
end_draw,21973835.5127,2.32410000265,2
present,21973837.8373,0.217700000852,2
paint,21973833.5611,4.49460000172,2
input_age_ms,21973839.125,0.000700000673532,0
pointer_move,21973839.1267,0.019999999553,2
frame_deferred,21973839.2971,0.000399999320507,0
paint,21973839.2911,0.00659999996424,2
input_age_ms,21973847.6179,0.000800002366304,0
pointer_move,21973847.6194,0.0665000006557,2
frame_deferred,21973848.0434,0.000599998980761,0
paint,21973848.0364,0.00829999893904,2
draw_commands,21973850.5213,1.91899999976,0
end_draw,21973852.4409,1.68689999729,2
present,21973854.1284,0.232099998742,2
paint,21973850.5,3.86129999906,2
input_age_ms,21973855.7199,0.000700000673532,16
pointer_move,21973855.7211,0.0227000005543,2
frame_deferred,21973855.9129,0.000399999320507,0
paint,21973855.9057,0.00790000334382,2
input_age_ms,21973863.3618,0.000799998641014,0
pointer_move,21973863.3632,0.020799998194,2
frame_deferred,21973863.5606,0.000299997627735,0
paint,21973863.5541,0.007199998945,2
draw_commands,21973866.8558,1.41430000216,0
end_draw,21973868.2706,1.20060000196,2
present,21973869.4715,0.180399999022,2
paint,21973866.8378,2.81439999864,2
input_age_ms,21973871.3802,0.000500001013279,15
pointer_move,21973871.3811,0.0199000015855,2
frame_deferred,21973871.4985,0.000199999660254,0
paint,21973871.4942,0.00470000132918,2
input_age_ms,21973878.7629,0.000300001353025,0
pointer_move,21973878.7635,0.00899999961257,2
frame_deferred,21973878.8442,0.000199999660254,0
paint,21973878.8412,0.00329999998212,2
draw_commands,21973883.1045,0.818399999291,0
end_draw,21973883.9231,0.729100000113,2
present,21973884.6529,0.113499999046,2
paint,21973883.0909,1.67619999871,2
input_age_ms,21973886.7515,0.000399999320507,16
pointer_move,21973886.7522,0.0100999996066,2
frame_deferred,21973886.8307,0.000100001692772,0
paint,21973886.8273,0.00369999930263,2
input_age_ms,21973894.7722,0.000399999320507,0
pointer_move,21973894.7729,0.00910000130534,2
frame_deferred,21973894.8545,0.000100001692772,0
paint,21973894.8513,0.0033999979496,2
draw_commands,21973899.8338,0.85889999941,0
end_draw,21973900.6932,0.790400002152,2
present,21973901.484,0.128199998289,2
paint,21973899.8215,1.79210000113,2
input_age_ms,21973902.7459,0.000399999320507,0
pointer_move,21973902.7465,0.0097000002861,2
frame_deferred,21973902.8293,9.99979674816e-05,0
paint,21973902.8261,0.00340000167489,2
input_age_ms,21973910.742,0.000300001353025,0
pointer_move,21973910.7426,0.00979999825358,2
frame_deferred,21973910.8229,9.99979674816e-05,0
paint,21973910.8199,0.00329999998212,2
draw_commands,21973916.8407,2.09180000052,0
end_draw,21973918.933,2.63810000196,2
present,21973921.5717,0.232100002468,2
paint,21973916.8167,4.98759999871,2
input_age_ms,21973923.5364,0.000799998641014,0
pointer_move,21973923.5378,0.0456000007689,2
frame_deferred,21973924.1316,0.000799998641014,0
paint,21973924.1248,0.00829999893904,2
draw_commands,21973933.5449,1.89950000122,0
end_draw,21973935.445,1.91559999809,2
present,21973937.361,0.23729999736,2
paint,21973933.5244,4.07440000027,2
draw_commands,21974119.8003,0.623200003058,0
end_draw,21974120.4237,0.570699997246,2
present,21974120.9946,0.113499999046,2
paint,21974119.7867,1.32160000131,2
input_age_ms,21974200.5762,0.000900000333786,0
pointer_move,21974200.5776,0.130200002342,2
draw_commands,21974201.2221,1.93989999965,0
end_draw,21974203.1625,1.63809999824,2
present,21974204.801,0.22520000115,2
paint,21974201.1928,3.8339000009,2
input_age_ms,21974208.3953,0.000799998641014,0
pointer_move,21974208.3968,0.0300000011921,2
frame_deferred,21974208.692,0.000699996948242,0
paint,21974208.6837,0.00960000231862,2
input_age_ms,21974215.8202,0.000500001013279,0
pointer_move,21974215.8212,0.0162000022829,2
frame_deferred,21974215.9751,0.000300001353025,0
paint,21974215.9696,0.00600000098348,2
draw_commands,21974216.8501,1.65040000156,0
end_draw,21974218.5009,1.20100000128,2
present,21974219.7023,0.157699998468,2
paint,21974216.8296,3.03070000187,2
input_age_ms,21974223.4475,0.000599998980761,0
pointer_move,21974223.4485,0.0254000015557,2
frame_deferred,21974223.6419,0.000300001353025,0
paint,21974223.637,0.0054999999702,2
input_age_ms,21974231.3181,0.000399999320507,0
pointer_move,21974231.3188,0.0225000008941,2
frame_deferred,21974231.4412,0.000300001353025,0
paint,21974231.438,0.00379999727011,2
draw_commands,21974233.509,0.94319999963,0
end_draw,21974234.4524,0.786100000143,2
present,21974235.2387,0.126099999994,2
paint,21974233.4965,1.868499998,2
input_age_ms,21974239.2912,0.000299997627735,0
pointer_move,21974239.2919,0.00769999995828,2
frame_deferred,21974239.4378,0.000299997627735,0
paint,21974239.4344,0.00389999896288,2
input_age_ms,21974247.1611,0.000300001353025,0
pointer_move,21974247.1617,0.00620000064373,2
frame_deferred,21974247.2242,0.000100001692772,0
paint,21974247.2218,0.00259999930859,2
draw_commands,21974250.1492,0.742499999702,0
end_draw,21974250.8926,0.523899998516,2
present,21974251.4167,0.0884999968112,2
paint,21974250.1378,1.36759999767,2
input_age_ms,21974255.1794,0.000299997627735,0
pointer_move,21974255.1799,0.00659999996424,2
frame_deferred,21974255.2952,0.000199999660254,0
paint,21974255.2925,0.00299999862909,2
input_age_ms,21974263.0122,0.000299997627735,0
pointer_move,21974263.0127,0.00560000166297,2
frame_deferred,21974263.0864,0.000100001692772,0
paint,21974263.0842,0.0025000013411,2
draw_commands,21974266.5117,0.594399999827,0
end_draw,21974267.1065,0.595400001854,2
present,21974267.7023,0.121500000358,2
paint,21974266.4854,1.33860000223,2
input_age_ms,21974271.2567,0.000399999320507,0
pointer_move,21974271.2573,0.0058999992907,2
frame_deferred,21974271.3356,0.000199999660254,0
paint,21974271.332,0.00410000234842,2
input_age_ms,21974278.8516,0.000300001353025,0
pointer_move,21974278.8521,0.00470000132918,2
frame_deferred,21974278.9069,0.000100001692772,0
paint,21974278.9049,0.00230000168085,2
draw_commands,21974283.3197,0.516200002283,0
end_draw,21974283.836,0.815299998969,2
present,21974284.6515,0.160199999809,2
paint,21974283.3085,1.50360000134,2
input_age_ms,21974287.3118,0.000300001353025,0
pointer_move,21974287.3124,0.0102000012994,2
frame_deferred,21974287.3958,0,0
paint,21974287.3923,0.00370000302792,2
input_age_ms,21974294.8616,0.000199999660254,0
pointer_move,21974294.862,0.00530000030994,2
frame_deferred,21974294.9091,0.000100001692772,0
paint,21974294.907,0.00219999998808,2
draw_commands,21974299.7683,0.554999999702,0
end_draw,21974300.3234,0.737900000066,2
present,21974301.0615,0.0703999996185,2
paint,21974299.757,1.37510000169,2
input_age_ms,21974302.9941,0.000299997627735,0
pointer_move,21974302.9946,0.00679999962449,2
frame_deferred,21974303.0684,0.000199999660254,0
paint,21974303.0656,0.00319999828935,2
input_age_ms,21974310.8646,0.000500001013279,0
pointer_move,21974310.8653,0.00560000166297,2
frame_deferred,21974310.9208,9.99979674816e-05,0
paint,21974310.9186,0.00239999964833,2
draw_commands,21974316.6529,0.748900000006,0
end_draw,21974317.402,0.532300002873,2
present,21974317.9345,0.0766000002623,2
paint,21974316.6424,1.36890000105,2
input_age_ms,21974318.895,0.000300001353025,0
pointer_move,21974318.8955,0.00539999827743,2
frame_deferred,21974318.9409,9.99979674816e-05,0
paint,21974318.9386,0.00239999964833,2
input_age_ms,21974329.1641,0.000800002366304,0
pointer_move,21974329.1656,0.0189999975264,2
frame_deferred,21974329.3517,0.000500001013279,0
paint,21974329.3448,0.00769999995828,2
draw_commands,21974334,1.98250000179,0
end_draw,21974335.9832,1.68070000038,2
present,21974337.6643,0.27710000053,2
paint,21974333.9794,3.96249999851,2
input_age_ms,21974338.5566,0.000599998980761,0
pointer_move,21974338.5575,0.0198999978602,2
frame_deferred,21974338.8922,0.000799998641014,0
paint,21974338.8851,0.00860000029206,2
input_age_ms,21974345.3181,0.00129999965429,0
pointer_move,21974345.3202,0.0454000011086,2
frame_deferred,21974345.7457,0.000699996948242,0
paint,21974345.7391,0.00789999961853,2
draw_commands,21974350.301,1.8729000017,0
end_draw,21974352.1744,1.66619999707,2
present,21974353.841,0.234400000423,2
paint,21974350.2791,3.79719999805,2
input_age_ms,21974354.9638,0.00109999999404,0
pointer_move,21974354.9655,0.0255999974906,2
frame_deferred,21974355.2868,0.000700000673532,0
paint,21974355.2799,0.00809999927878,2
input_age_ms,21974361.1117,0.000700000673532,0
pointer_move,21974361.113,0.0230999998748,2
frame_deferred,21974361.3095,0.000299997627735,0
paint,21974361.3028,0.007199998945,2
draw_commands,21974367.9286,1.4718000032,0
end_draw,21974369.4013,1.17920000106,2
present,21974370.5809,0.180200003088,2
paint,21974367.9109,2.85049999878,2
input_age_ms,21974371.3587,0.000700000673532,15
pointer_move,21974371.3598,0.0175999999046,2
frame_deferred,21974371.5492,0.000500001013279,0
paint,21974371.5439,0.00609999895096,2
input_age_ms,21974375.6913,0.000499997287989,0
pointer_move,21974375.6921,0.0155000016093,2
frame_deferred,21974375.9497,0.000399999320507,0
paint,21974375.945,0.00539999827743,2
input_age_ms,21974383.4129,0.000399999320507,0
pointer_move,21974383.4137,0.0104000009596,2
draw_commands,21974383.5177,0.947299998254,0
end_draw,21974384.4652,0.861600000411,2
present,21974385.3271,0.11249999702,2
paint,21974383.5026,1.93760000169,2
input_age_ms,21974391.042,0.000300001353025,0
pointer_move,21974391.0426,0.0093000009656,2
frame_deferred,21974391.1134,9.99979674816e-05,0
paint,21974391.1103,0.00329999998212,2
input_age_ms,21974398.9174,0.000199999660254,0
pointer_move,21974398.9178,0.00699999928474,2
frame_deferred,21974398.9763,9.99979674816e-05,0
paint,21974398.974,0.0025000013411,2
draw_commands,21974399.9064,0.663499999791,0
end_draw,21974400.5701,0.596500001848,2
present,21974401.1667,0.0906999967992,2
paint,21974399.8954,1.36219999939,2
input_age_ms,21974406.8956,0.000199999660254,0
pointer_move,21974406.896,0.00849999859929,2
frame_deferred,21974406.9531,0.000100001692772,0
paint,21974406.9502,0.00310000032187,2
input_age_ms,21974415.7227,0.000500001013279,0
pointer_move,21974415.7238,0.0175999999046,2
frame_deferred,21974415.8824,0.000199999660254,0
paint,21974415.8769,0.00600000098348,2
draw_commands,21974417.0079,2.08049999923,0
end_draw,21974419.0889,1.73930000141,2
present,21974420.8285,0.234600000083,2
paint,21974416.9877,4.07609999925,2
input_age_ms,21974424.0573,0.000699996948242,0
pointer_move,21974424.0589,0.019999999553,2
frame_deferred,21974424.2339,0.000399999320507,0
paint,21974424.2268,0.00769999995828,2
input_age_ms,21974431.8327,0.000599998980761,0
pointer_move,21974431.8339,0.0190999992192,2
frame_deferred,21974432.0067,0.000299997627735,0
paint,21974432.0003,0.00709999725223,2
draw_commands,21974433.3185,1.94819999859,0
end_draw,21974435.2678,2.08509999886,2
present,21974437.3539,0.336799997836,2
paint,21974433.298,4.39330000058,2
input_age_ms,21974440.8875,0.000800002366304,0
pointer_move,21974440.8891,0.0511999987066,2
frame_deferred,21974441.3267,0.000800002366304,0
paint,21974441.3194,0.00869999825954,2
input_age_ms,21974447.8624,0.000900000333786,0
pointer_move,21974447.8639,0.0193000026047,2
frame_deferred,21974448.0397,0.000299997627735,0
paint,21974448.0337,0.00669999793172,2
draw_commands,21974450.2119,2.1838000007,0
end_draw,21974452.3962,1.68229999766,2
present,21974454.0791,0.272900000215,2
paint,21974450.1914,4.16220000014,2
input_age_ms,21974457.0841,0.000999998301268,0
pointer_move,21974457.0863,0.226799998432,2
frame_deferred,21974457.9913,0.000699996948242,0
paint,21974457.984,0.0088999979198,2
input_age_ms,21974464.9849,0.000699996948242,16
pointer_move,21974464.9861,0.0186999998987,2
frame_deferred,21974465.1828,0.000300001353025,0
paint,21974465.1765,0.007199998945,2
draw_commands,21974468.3246,2.70699999854,0
end_draw,21974471.032,2.1296999976,2
present,21974473.1621,0.173700001091,2
paint,21974468.3033,5.03299999982,2
input_age_ms,21974474.1703,0.000500001013279,0
pointer_move,21974474.1715,0.159399997443,2
frame_deferred,21974475.1109,0.000799998641014,0
paint,21974475.1046,0.0075999982655,2
input_age_ms,21974479.7255,0.000800002366304,16
pointer_move,21974479.7267,0.0126000009477,2
frame_deferred,21974479.8313,9.99979674816e-05,0
paint,21974479.8273,0.00429999828339,2
draw_commands,21974484.1824,1.04309999943,0
end_draw,21974485.2258,0.934399999678,2
present,21974486.1609,0.223000001162,2
paint,21974484.168,2.21629999951,2
input_age_ms,21974487.6437,0.000399999320507,0
pointer_move,21974487.6444,0.00989999994636,2
frame_deferred,21974487.7287,9.99979674816e-05,0
paint,21974487.7253,0.00369999930263,2
input_age_ms,21974495.0333,0.000299997627735,0
pointer_move,21974495.0339,0.00840000063181,2
frame_deferred,21974495.104,0.000100001692772,0
paint,21974495.1014,0.00280000269413,2
draw_commands,21974500.0366,0.830099999905,0
end_draw,21974500.8669,1.68889999762,2
present,21974502.556,0.111999999732,2
paint,21974500.0243,2.64419999719,2
input_age_ms,21974503.1028,0.000300001353025,0
pointer_move,21974503.1033,0.00869999825954,2
frame_deferred,21974503.1732,0.000199999660254,0
paint,21974503.1706,0.00290000066161,2
input_age_ms,21974511.0685,0.000299997627735,0
pointer_move,21974511.0691,0.00820000097156,2
frame_deferred,21974511.1374,9.99979674816e-05,0
paint,21974511.1348,0.00280000269413,2
draw_commands,21974516.6596,0.798399999738,0
end_draw,21974517.4582,0.934399999678,2
present,21974518.3927,0.108799997717,2
paint,21974516.6464,1.85539999977,2
input_age_ms,21974519.1542,0.000300001353025,0
pointer_move,21974519.1548,0.00849999859929,2
frame_deferred,21974519.2295,0.000100001692772,0
paint,21974519.2266,0.00310000032187,2
input_age_ms,21974527.0623,0.000300001353025,16
pointer_move,21974527.0629,0.00789999961853,2
frame_deferred,21974527.1314,9.99979674816e-05,0
paint,21974527.1286,0.00299999862909,2
draw_commands,21974533.3211,0.792500000447,0
end_draw,21974534.1139,0.687600001693,2
present,21974534.8017,0.115499999374,2
paint,21974533.3081,1.60929999873,2
input_age_ms,21974535.192,0.000199999660254,0
pointer_move,21974535.1924,0.0106999985874,2
frame_deferred,21974535.2915,0.000200003385544,0
paint,21974535.2886,0.00319999828935,2
input_age_ms,21974543.0478,0.000299997627735,0
pointer_move,21974543.0483,0.00829999893904,2
frame_deferred,21974543.1179,0.000100001692772,0
paint,21974543.1139,0.0042000003159,2
draw_commands,21974549.9344,0.734000001103,0
end_draw,21974550.6685,1.61890000105,2
present,21974552.2877,0.195499997586,2
paint,21974549.922,2.5615000017,2
input_age_ms,21974552.7972,0.000199999660254,0
pointer_move,21974552.7981,0.0122000016272,2
frame_deferred,21974552.8712,0.000199999660254,0
paint,21974552.8681,0.00329999998212,2
input_age_ms,21974559.024,0.000300001353025,0
pointer_move,21974559.0248,0.0076000019908,2
frame_deferred,21974559.0924,0.000100001692772,0
paint,21974559.0895,0.00320000201464,2
draw_commands,21974568.0066,2.86699999869,0
end_draw,21974570.8742,3.03979999945,2
present,21974573.9145,0.22349999845,2
paint,21974567.9848,6.1539000012,2
input_age_ms,21974575.219,0.000700000673532,15
pointer_move,21974575.2208,0.020799998194,2
frame_deferred,21974575.4908,0.000700000673532,0
paint,21974575.4841,0.00809999927878,2
input_age_ms,21974577.7708,0.000700000673532,0
pointer_move,21974577.7722,0.231100000441,2
frame_deferred,21974578.836,0.000900000333786,0
paint,21974578.8286,0.00899999961257,2
input_age_ms,21974584.2702,0.00100000202656,0
pointer_move,21974584.2719,0.0144000016153,2
draw_commands,21974584.4633,1.88120000064,0
end_draw,21974586.3452,1.66450000182,2
present,21974588.0103,0.238600000739,2
paint,21974584.4423,3.80739999935,2
input_age_ms,21974591.8828,0.000599998980761,0
pointer_move,21974591.884,0.021099999547,2
frame_deferred,21974592.0553,0.000199999660254,0
paint,21974592.0477,0.00820000097156,2
input_age_ms,21974600.3624,0.000800002366304,0
pointer_move,21974600.364,0.0782999992371,2
draw_commands,21974600.7089,1.8638000004,0
end_draw,21974602.5732,1.66280000284,2
present,21974604.2364,0.29089999944,2
paint,21974600.6804,3.84760000184,2
input_age_ms,21974607.6323,0.00119999796152,0
pointer_move,21974607.6341,0.0436999984086,2
frame_deferred,21974607.8082,0.000299997627735,0
paint,21974607.8024,0.00629999861121,2
input_age_ms,21974615.5381,0.000399999320507,0
pointer_move,21974615.539,0.0145999975502,2
frame_deferred,21974615.6658,0.000199999660254,0
paint,21974615.6611,0.00519999861717,2
draw_commands,21974616.6626,1.65570000187,0
end_draw,21974618.3188,3.79420000315,2
present,21974622.1135,0.508999999613,2
paint,21974616.6428,5.9803000018,2
input_age_ms,21974623.5443,0.000499997287989,0
pointer_move,21974623.5453,0.0151000022888,2
frame_deferred,21974623.6668,0.000199999660254,0
paint,21974623.6617,0.0054999999702,2
input_age_ms,21974631.2571,0.000399999320507,0
pointer_move,21974631.2578,0.0117999985814,2
frame_deferred,21974631.3575,0.000199999660254,0
paint,21974631.3539,0.00389999896288,2
draw_commands,21974633.5028,1.24379999936,0
end_draw,21974634.747,1.36769999936,2
present,21974636.1149,0.147500000894,2
paint,21974633.4883,2.77459999919,2
input_age_ms,21974639.3348,0.000399999320507,0
pointer_move,21974639.3358,0.0115999989212,2
frame_deferred,21974639.4328,0.000100001692772,0
paint,21974639.4283,0.00479999929667,2
input_age_ms,21974647.1206,0.000300001353025,0
pointer_move,21974647.1212,0.00940000265837,2
frame_deferred,21974647.2014,9.99979674816e-05,0
paint,21974647.1984,0.00320000201464,2
draw_commands,21974650.1891,1.87319999933,0
end_draw,21974652.0626,2.24929999933,2
present,21974654.3125,0.17139999941,2
paint,21974650.1698,4.31480000168,2
input_age_ms,21974655.988,0.000599998980761,0
pointer_move,21974655.9891,0.0144999995828,2
frame_deferred,21974656.3966,0.000599998980761,0
paint,21974656.3906,0.00699999928474,2
input_age_ms,21974663.5705,0.000499997287989,0
pointer_move,21974663.5716,0.0144999995828,2
frame_deferred,21974663.7024,0.000100001692772,0
paint,21974663.6975,0.00519999861717,2
draw_commands,21974668.0178,1.94669999927,0
end_draw,21974669.9648,6.31769999862,2
present,21974676.2828,0.155200000852,2
paint,21974667.998,8.44090000167,2
input_age_ms,21974676.8679,0.000300001353025,0
pointer_move,21974676.8686,0.0291999988258,2
frame_deferred,21974677.0517,0.000300001353025,0
paint,21974677.0477,0.00459999963641,2
input_age_ms,21974679.3172,0.000599998980761,0
pointer_move,21974679.3183,0.0124999992549,2
frame_deferred,21974679.4277,0.000199999660254,0
paint,21974679.4236,0.00450000166893,2
draw_commands,21974683.6264,1.28109999746,0
end_draw,21974684.9079,2.09639999643,2
present,21974687.0046,0.136300001293,2
paint,21974683.611,3.53019999713,2
input_age_ms,21974688.7761,0.000500001013279,0
pointer_move,21974688.7774,0.0799000002444,2
frame_deferred,21974689.1156,0.000399999320507,0
paint,21974689.1119,0.00449999794364,2
input_age_ms,21974695.1619,0.000400003045797,0
pointer_move,21974695.1625,0.00909999758005,2
frame_deferred,21974695.2467,0.000100001692772,0
paint,21974695.2424,0.00459999963641,2
draw_commands,21974699.9073,0.802400000393,0
end_draw,21974700.7099,0.748700000346,2
present,21974701.4588,0.102400001138,2
paint,21974699.8955,1.66589999944,2
input_age_ms,21974704.3326,0.000799998641014,0
pointer_move,21974704.3338,0.0361000001431,2
frame_deferred,21974704.4933,0.000200003385544,0
paint,21974704.4904,0.00349999964237,2
input_age_ms,21974710.9975,0.000300001353025,0
pointer_move,21974710.9981,0.0075999982655,2
frame_deferred,21974711.0632,9.99979674816e-05,0
paint,21974711.0605,0.00290000066161,2
draw_commands,21974716.5759,0.670600000769,0
end_draw,21974717.2467,0.89090000093,2
present,21974718.1378,0.0947000011802,2
paint,21974716.5645,1.66829999909,2
input_age_ms,21974719.0751,0.000199999660254,0
pointer_move,21974719.0756,0.00740000233054,2
frame_deferred,21974719.1369,9.99979674816e-05,0
paint,21974719.1342,0.00329999998212,2
input_age_ms,21974727.0175,0.000200003385544,0
pointer_move,21974727.0179,0.00729999691248,2
frame_deferred,21974727.0752,0.000100001692772,0
paint,21974727.0733,0.00259999930859,2
draw_commands,21974733.1517,0.64660000056,0
end_draw,21974733.7984,0.727600000799,2
present,21974734.5261,0.0932999998331,2
paint,21974733.1387,1.48110000044,2
input_age_ms,21974742.9262,0.000199999660254,0
pointer_move,21974742.9269,0.00710000097752,2
frame_deferred,21974742.9777,0.000100001692772,0
paint,21974742.9748,0.00299999862909,2
draw_commands,21974749.8672,0.561600003392,0
end_draw,21974750.4291,0.65150000155,2
present,21974751.0807,0.0798000022769,2
paint,21974749.8566,1.30399999768,2
input_age_ms,21974798.8547,0.000199999660254,0
pointer_move,21974798.8551,0.005900003016,2
draw_commands,21974798.9107,0.49450000003,0
end_draw,21974799.4053,0.554099999368,2
present,21974799.9596,0.104799997061,2
paint,21974798.9007,1.1640000008,2
input_age_ms,21974815.3016,0.000299997627735,0
pointer_move,21974815.3021,0.0599000006914,2
frame_deferred,21974815.5701,0.000100001692772,0
paint,21974815.5678,0.00310000032187,2
draw_commands,21974816.4487,0.607500001788,0
end_draw,21974817.0564,0.675400000066,2
present,21974817.732,0.0790999978781,2
paint,21974816.4383,1.37299999967,2
input_age_ms,21974830.9447,0.000300001353025,0
pointer_move,21974830.9452,0.00739999860525,2
frame_deferred,21974830.9996,0,0
paint,21974830.9968,0.00289999693632,2
draw_commands,21974833.1948,0.539599999785,0
end_draw,21974833.7345,0.493600003421,2
present,21974834.2283,0.0818999968469,2
paint,21974833.1839,1.12650000304,2
input_age_ms,21974862.8626,0.000199999660254,0
pointer_move,21974862.8629,0.00609999895096,2
draw_commands,21974862.918,0.428500000387,0
end_draw,21974863.3466,0.420800000429,2
present,21974863.7675,0.0644000023603,2
paint,21974862.908,0.923999998719,2
input_age_ms,21974902.9653,0.000499997287989,0
pointer_move,21974902.9661,0.00739999860525,2
draw_commands,21974903.0336,0.464700002223,0
end_draw,21974903.4984,0.461100000888,2
present,21974903.9596,0.0983999967575,2
paint,21974903.0205,1.03799999878,2
input_age_ms,21974971.3962,0.00129999965429,0
pointer_move,21974971.3983,0.28539999947,2
draw_commands,21974972.2327,2.19309999794,0
end_draw,21974974.4263,1.91220000014,2
present,21974976.3389,0.21460000053,2
paint,21974972.2061,4.34810000286,2
capture_and_blur,21977872.3184,153.3211,0
monitor_width,21978026.0604,9.99979674816e-05,3840
monitor_height,21978026.0606,0,2160
render_initialize,21978029.632,127.129900001,0
draw_commands,21978156.772,0.756400000304,0
end_draw,21978157.5285,2.09340000153,0
prepare_submit,21978159.6221,0.000100001692772,0
paint,21978029.6319,129.990399998,0
prepare_overlay,21978029.6319,129.990799997,0
draw_commands,21978164.1988,0.318099997938,0
end_draw,21978164.5171,3.5989000015,0
present,21978168.1162,1.61120000109,0
paint,21978164.1902,5.53749999776,0
magnifier_update,21978185.7105,9.10340000317,0
show_views,21978026.0598,168.754500002,0
input_age_ms,21978195.6588,0.000200003385544,0
magnifier_update,21978195.6615,0.145600002259,0
pointer_move,21978195.6595,0.147700000554,0
input_age_ms,21978212.9179,0.000399999320507,0
magnifier_update,21978212.9194,0.34470000118,0
pointer_move,21978212.9186,0.345699999481,0
input_age_ms,21978223.0225,0.000399999320507,0
magnifier_update,21978223.0242,0.291600000113,0
pointer_move,21978223.0231,0.293099999428,0
input_age_ms,21978234.8198,0.000399999320507,0
magnifier_update,21978234.8219,0.196400001645,0
pointer_move,21978234.8207,0.197899997234,0
input_age_ms,21978382.8544,0.000599998980761,0
magnifier_update,21978382.8564,0.62309999764,0
pointer_move,21978382.8553,0.624599996954,0
input_age_ms,21978390.8332,0.000199999660254,0
magnifier_update,21978390.8344,0.467100001872,0
pointer_move,21978390.8336,0.468100000173,0
input_age_ms,21978398.9401,0.000300001353025,0
magnifier_update,21978398.9417,0.545400001109,0
pointer_move,21978398.9406,0.546999998391,0
input_age_ms,21978404.0895,0.000199999660254,0
magnifier_update,21978404.0909,0.133000001311,0
pointer_move,21978404.0899,0.134300000966,0
input_age_ms,21978406.8375,0.000199999660254,0
magnifier_update,21978406.839,0.533499997109,0
pointer_move,21978406.8381,0.534699998796,0
input_age_ms,21978414.8972,0.000199999660254,0
magnifier_update,21978414.8995,0.518399998546,0
pointer_move,21978414.8978,0.520400002599,0
input_age_ms,21978420.7238,0.000199999660254,0
magnifier_update,21978420.7255,0.142500001937,0
pointer_move,21978420.7243,0.143799997866,0
input_age_ms,21978422.7849,0.000500001013279,0
magnifier_update,21978422.7864,0.543099999428,0
pointer_move,21978422.7856,0.544199999422,0
input_age_ms,21978430.8929,0.000199999660254,0
magnifier_update,21978430.8941,0.533800002187,0
pointer_move,21978430.8933,0.534800000489,0
input_age_ms,21978437.8908,0.000399999320507,0
magnifier_update,21978437.8929,0.146399997175,0
pointer_move,21978437.8914,0.1481000036,0
input_age_ms,21978438.792,0.000199999660254,0
magnifier_update,21978438.793,0.586199998856,0
pointer_move,21978438.7924,0.587100002915,0
input_age_ms,21978446.9699,0.000399999320507,0
magnifier_update,21978446.9716,0.592900000513,0
pointer_move,21978446.9706,0.594499997795,0
input_age_ms,21978454.202,0.000199999660254,0
magnifier_update,21978454.2032,0.127000000328,0
pointer_move,21978454.2024,0.128000002354,0
input_age_ms,21978454.6849,0.000299997627735,0
magnifier_update,21978454.6858,0.480399999768,0
pointer_move,21978454.6853,0.481199998409,0
input_age_ms,21978462.8906,0.000300001353025,0
magnifier_update,21978462.892,0.518300000578,0
pointer_move,21978462.8911,0.519400000572,0
input_age_ms,21978471.0386,0.000399999320507,0
magnifier_update,21978471.0403,0.742899999022,0
pointer_move,21978471.0393,0.74430000037,0
input_age_ms,21978471.9351,0.000199999660254,0
magnifier_update,21978471.9362,0.122999999672,0
pointer_move,21978471.9355,0.124000001699,0
input_age_ms,21978478.9086,0.000199999660254,0
magnifier_update,21978478.9099,0.572800002992,0
pointer_move,21978478.909,0.573899999261,0
input_age_ms,21978487.5026,0.000199999660254,0
magnifier_update,21978487.5042,0.573699999601,0
pointer_move,21978487.503,0.575600001961,0
input_age_ms,21978488.2138,0.000100001692772,0
magnifier_update,21978488.2147,0.0940000005066,0
pointer_move,21978488.2141,0.0947000011802,0
input_age_ms,21978494.8555,0.000299997627735,0
magnifier_update,21978494.8571,0.52710000053,0
pointer_move,21978494.856,0.528500001878,0
input_age_ms,21978504.7934,0.000199999660254,0
magnifier_update,21978504.7951,0.582200001925,0
pointer_move,21978504.7938,0.58410000056,0
input_age_ms,21978506.0044,0.000199999660254,0
magnifier_update,21978506.0056,0.183599997312,0
pointer_move,21978506.0048,0.184799998999,0
input_age_ms,21978510.8668,0.000199999660254,0
magnifier_update,21978510.8681,0.515000000596,0
pointer_move,21978510.8671,0.51630000025,0
input_age_ms,21978521.74,0.000300001353025,0
magnifier_update,21978521.7414,0.533799998462,0
pointer_move,21978521.7406,0.534800000489,0
input_age_ms,21978522.4665,0.000300001353025,0
magnifier_update,21978522.4674,0.0991999991238,0
pointer_move,21978522.467,0.0997000001371,0
input_age_ms,21978527.2611,0.000299997627735,0
magnifier_update,21978527.2626,1.10469999909,0
pointer_move,21978527.2618,1.10620000213,0
input_age_ms,21978540.1871,0.000999998301268,0
magnifier_update,21978540.1902,0.687399998307,0
pointer_move,21978540.1884,0.689699999988,0
input_age_ms,21978541.1353,0.000300001353025,0
magnifier_update,21978541.1369,0.194699998945,0
pointer_move,21978541.1361,0.195799998939,0
input_age_ms,21978542.9394,0.000300001353025,15
magnifier_update,21978542.941,0.785700000823,0
pointer_move,21978542.94,0.787099998444,0
input_age_ms,21978557.4186,0.000399999320507,16
magnifier_update,21978557.4209,1.01539999992,0
pointer_move,21978557.4194,1.01750000194,0
input_age_ms,21978558.8062,0.000599998980761,0
magnifier_update,21978558.8083,0.482500001788,0
pointer_move,21978558.8072,0.484200000763,0
input_age_ms,21978559.6101,0.000399999320507,0
magnifier_update,21978559.6119,0.888699997216,0
pointer_move,21978559.6109,0.890200000256,0
input_age_ms,21978571.5431,0.000399999320507,0
magnifier_update,21978571.5451,0.796100001782,0
pointer_move,21978571.5438,0.797800000757,0
input_age_ms,21978572.5584,0.000299997627735,0
magnifier_update,21978572.5598,0.181200001389,0
pointer_move,21978572.5591,0.182200003415,0
input_age_ms,21978574.8926,0.000199999660254,0
magnifier_update,21978574.8938,0.735999997705,0
pointer_move,21978574.8931,0.737099997699,0
input_age_ms,21978584.5833,0.00109999999404,0
magnifier_update,21978584.5876,1.66889999807,0
pointer_move,21978584.5851,1.67270000279,0
input_age_ms,21978593.032,0.000699996948242,0
magnifier_update,21978593.0357,1.75429999828,0
pointer_move,21978593.0334,1.75800000131,0
input_age_ms,21978595.1958,0.000500001013279,0
magnifier_update,21978595.1984,0.421100001782,0
pointer_move,21978595.1965,0.423399999738,0
input_age_ms,21978600.5573,0.00109999999404,0
magnifier_update,21978600.5619,2.08439999819,0
pointer_move,21978600.559,2.08929999918,0
input_age_ms,21978609.8255,0.000700000673532,0
magnifier_update,21978609.8295,1.39110000059,0
pointer_move,21978609.827,1.39470000193,0
input_age_ms,21978611.6151,0.000500001013279,0
magnifier_update,21978611.6181,0.317099999636,0
pointer_move,21978611.6161,0.319900002331,0
input_age_ms,21978615.5957,0.000599998980761,0
magnifier_update,21978615.5982,1.28350000083,0
pointer_move,21978615.5967,1.28559999913,0
input_age_ms,21978622.9093,0.000500001013279,0
magnifier_update,21978622.912,0.298099998385,0
pointer_move,21978622.9102,0.300599999726,0
input_age_ms,21978623.4397,0.000599998980761,0
magnifier_update,21978623.4414,0.87690000236,0
pointer_move,21978623.4407,0.878000002354,0
input_age_ms,21978631.9315,0.000500001013279,0
magnifier_update,21978631.934,0.777399998158,0
pointer_move,21978631.9325,0.779199998826,0
input_age_ms,21978638.3136,0.000399999320507,0
magnifier_update,21978638.3166,0.219399999827,0
pointer_move,21978638.3147,0.221700001508,0
input_age_ms,21978639.0105,0.000300001353025,0
magnifier_update,21978639.0116,0.773700002581,0
pointer_move,21978639.011,0.774599999189,0
input_age_ms,21978649.1214,0.00120000168681,0
magnifier_update,21978649.1252,1.86969999969,0
pointer_move,21978649.1232,1.87299999967,0
input_age_ms,21978660.1567,0.000799998641014,0
magnifier_update,21978660.1599,1.74170000106,0
pointer_move,21978660.1581,1.74439999834,0
input_age_ms,21978664.2266,0.000700000673532,0
magnifier_update,21978664.2297,1.16440000013,0
pointer_move,21978664.228,1.16730000079,0
input_age_ms,21978666.2849,0.000800002366304,0
magnifier_update,21978666.2881,1.77519999817,0
pointer_move,21978666.2863,1.77829999849,0
input_age_ms,21978676.316,0.000799998641014,0
magnifier_update,21978676.3199,1.87310000136,0
pointer_move,21978676.3174,1.87700000033,0
input_age_ms,21978680.1164,0.00129999965429,0
magnifier_update,21978680.1206,0.883600000292,0
pointer_move,21978680.1187,0.886199999601,0
input_age_ms,21978681.9381,0.000700000673532,0
magnifier_update,21978681.9411,1.32770000026,0
pointer_move,21978681.9394,1.3302000016,0
input_age_ms,21978690.2757,0.000399999320507,0
magnifier_update,21978690.2785,0.28240000084,0
pointer_move,21978690.2767,0.284599997103,0
input_age_ms,21978705.1267,0.000399999320507,0
magnifier_update,21978705.1291,0.218400001526,0
pointer_move,21978705.1275,0.220300000161,0
input_age_ms,21978857.0469,0.000799998641014,16
magnifier_update,21978857.0508,1.46609999985,0
pointer_move,21978857.0483,1.46989999712,0
input_age_ms,21978864.1088,0.000900000333786,0
magnifier_update,21978864.1129,1.89719999954,0
pointer_move,21978864.1105,1.90080000088,0
input_age_ms,21978876.4645,0.000700000673532,0
magnifier_update,21978876.4676,1.36639999971,0
pointer_move,21978876.4657,1.36910000071,0
input_age_ms,21978878.1497,0.000399999320507,0
magnifier_update,21978878.1517,0.31099999696,0
pointer_move,21978878.1503,0.31269999966,0
input_age_ms,21978880.6591,0.000799998641014,0
magnifier_update,21978880.6625,1.09229999781,0
pointer_move,21978880.6607,1.09569999948,0
input_age_ms,21978889.5264,0.000500001013279,0
magnifier_update,21978889.5294,1.15740000084,0
pointer_move,21978889.5277,1.16019999981,0
input_age_ms,21978890.931,0.000299997627735,0
magnifier_update,21978890.9326,0.199300002307,0
pointer_move,21978890.9316,0.200500000268,0
input_age_ms,21978895.9567,0.000499997287989,0
magnifier_update,21978895.9595,0.641199998558,0
pointer_move,21978895.9578,0.643500000238,0
input_age_ms,21978904.5752,0.000300001353025,0
magnifier_update,21978904.5772,0.644000001252,0
pointer_move,21978904.5757,0.64600000158,0
input_age_ms,21978905.3676,9.99979674816e-05,0
magnifier_update,21978905.3685,0.134999997914,0
pointer_move,21978905.368,0.135699998587,0
input_age_ms,21978911.6102,0.000399999320507,0
magnifier_update,21978911.6121,0.583799999207,0
pointer_move,21978911.6108,0.585399996489,0
input_age_ms,21978921.2569,0.000299997627735,0
magnifier_update,21978921.2589,0.565699998289,0
draw_commands,21978921.9931,0.336300000548,0
end_draw,21978922.3295,0.21819999814,0
present,21978922.5477,0.563100002706,0
paint,21978921.9842,1.12669999897,0
pointer_move,21978921.2574,1.881500002,0
input_age_ms,21978923.3046,9.99979674816e-05,0
magnifier_update,21978923.3058,0.131599999964,0
pointer_move,21978923.3049,0.132699999958,0
input_age_ms,21978927.1329,0.000199999660254,0
magnifier_update,21978927.1349,0.532800000161,0
pointer_move,21978927.1333,0.534600000829,0
input_age_ms,21978937.363,0.000199999660254,0
magnifier_update,21978937.3643,0.564199998975,0
pointer_move,21978937.3633,0.565500002354,0
input_age_ms,21978938.0429,0.000100001692772,0
magnifier_update,21978938.0438,0.0921999998391,0
pointer_move,21978938.0432,0.0929000005126,0
input_age_ms,21978942.8161,9.99979674816e-05,0
magnifier_update,21978942.8175,0.486900001764,0
pointer_move,21978942.8164,0.488299999386,0
input_age_ms,21978953.5413,0.000400003045797,0
magnifier_update,21978953.5432,0.521999999881,0
pointer_move,21978953.5419,0.523499999195,0
input_age_ms,21978954.1721,0.000300001353025,0
magnifier_update,21978954.1728,0.0936999991536,0
pointer_move,21978954.1724,0.0942000001669,0
input_age_ms,21978958.8023,0.000300001353025,0
magnifier_update,21978958.8035,0.496799997985,0
pointer_move,21978958.8027,0.497899997979,0
input_age_ms,21978966.9912,0.000399999320507,0
magnifier_update,21978966.9931,0.579400002956,0
pointer_move,21978966.9918,0.581199999899,0
input_age_ms,21978971.0568,0.000199999660254,0
magnifier_update,21978971.0584,0.124599996954,0
pointer_move,21978971.0574,0.125800002366,0
input_age_ms,21978975.1753,0.000300001353025,0
magnifier_update,21978975.1773,0.497500002384,0
pointer_move,21978975.1758,0.499299999326,0
input_age_ms,21978982.8313,0.000199999660254,0
magnifier_update,21978982.8329,0.491399999708,0
pointer_move,21978982.8323,0.492600001395,0
input_age_ms,21978987.0035,0.000199999660254,0
magnifier_update,21978987.005,0.120500002056,0
pointer_move,21978987.0039,0.122400000691,0
input_age_ms,21978990.8064,0.000199999660254,0
magnifier_update,21978990.8076,0.509300000966,0
pointer_move,21978990.8068,0.51060000062,0
input_age_ms,21978998.8015,0.000199999660254,0
magnifier_update,21978998.8026,0.414299998432,0
pointer_move,21978998.8018,0.415299996734,0
input_age_ms,21979004.728,0.000399999320507,0
magnifier_update,21979004.7299,0.122900001705,0
pointer_move,21979004.7287,0.124199997634,0
input_age_ms,21979006.7436,0.000199999660254,0
magnifier_update,21979006.7445,0.461500000209,0
pointer_move,21979006.744,0.462300002575,0
input_age_ms,21979014.7568,0.000199999660254,0
magnifier_update,21979014.7579,0.398299999535,0
pointer_move,21979014.7571,0.399399999529,0
input_age_ms,21979020.4218,0.000199999660254,0
magnifier_update,21979020.4232,0.121599998325,0
pointer_move,21979020.4222,0.122800000012,0
input_age_ms,21979022.7185,0.000199999660254,0
magnifier_update,21979022.7197,0.472099997103,0
pointer_move,21979022.7189,0.473000001162,0
input_age_ms,21979030.7964,0.000100001692772,0
magnifier_update,21979030.7973,0.441500000656,0
pointer_move,21979030.7967,0.442299999297,0
input_age_ms,21979037.2139,0.000500001013279,0
magnifier_update,21979037.2161,0.125999998301,0
pointer_move,21979037.2146,0.127999998629,0
input_age_ms,21979038.7243,0.000599998980761,0
magnifier_update,21979038.726,0.475600000471,0
pointer_move,21979038.7251,0.476700000465,0
input_age_ms,21979046.8581,0.000199999660254,0
magnifier_update,21979046.859,0.434399999678,0
pointer_move,21979046.8584,0.435200002044,0
input_age_ms,21979054.5905,0.000399999320507,0
magnifier_update,21979054.5932,0.155500002205,0
pointer_move,21979054.5916,0.15740000084,0
input_age_ms,21979055.1143,0.000199999660254,0
magnifier_update,21979055.1151,0.491599999368,0
pointer_move,21979055.1146,0.492300000042,0
input_age_ms,21979062.8288,0.000199999660254,0
magnifier_update,21979062.8304,0.436899997294,0
pointer_move,21979062.8292,0.438700001687,0
input_age_ms,21979070.612,0.00100000202656,0
magnifier_update,21979070.6144,0.13049999997,0
pointer_move,21979070.6132,0.131899997592,0
input_age_ms,21979070.8329,0.000100001692772,0
magnifier_update,21979070.8334,0.439399998635,0
pointer_move,21979070.8331,0.439800001681,0
input_age_ms,21979079.6915,0.000999998301268,0
magnifier_update,21979079.695,1.65269999951,0
pointer_move,21979079.6931,1.65569999814,0
input_age_ms,21979094.13,0.00129999965429,16
magnifier_update,21979094.1347,0.990699999034,0
pointer_move,21979094.1325,0.993599999696,0
input_age_ms,21979095.9612,0.000500001013279,0
magnifier_update,21979095.9637,0.434700001031,0
pointer_move,21979095.9622,0.436999998987,0
input_age_ms,21979098.7352,0.000399999320507,0
magnifier_update,21979098.7374,0.964700002223,0
pointer_move,21979098.7361,0.966499999166,0
input_age_ms,21979103.7119,0.000199999660254,0
magnifier_update,21979103.7133,0.486499998719,0
pointer_move,21979103.7124,0.487599998713,0
input_age_ms,21979104.4938,0.000199999660254,16
magnifier_update,21979104.4946,0.0936999991536,0
pointer_move,21979104.4941,0.0943999998271,0
input_age_ms,21979111.4817,0.000700000673532,0
magnifier_update,21979111.4847,1.20609999821,0
pointer_move,21979111.4829,1.20889999717,0
input_age_ms,21979129.9402,0.000700000673532,15
magnifier_update,21979129.9437,1.28099999949,0
pointer_move,21979129.9415,1.28409999982,0
input_age_ms,21979132.8712,0.000199999660254,0
magnifier_update,21979132.8722,0.400699999183,0
pointer_move,21979132.8716,0.40150000155,0
input_age_ms,21979137.0884,0.000300001353025,16
magnifier_update,21979137.0904,0.490699999034,0
pointer_move,21979137.089,0.492199998349,0
input_age_ms,21979137.8303,0.000100001692772,0
magnifier_update,21979137.831,0.0940000005066,0
pointer_move,21979137.8305,0.0947000011802,0
input_age_ms,21979145.1238,0.000800002366304,0
magnifier_update,21979145.1272,1.00659999996,0
pointer_move,21979145.1254,1.00910000131,0
input_age_ms,21979161.9569,0.000599998980761,0
magnifier_update,21979161.9607,0.611399997026,0
pointer_move,21979161.9582,0.61459999904,0
input_age_ms,21979163.1388,0.000600002706051,0
magnifier_update,21979163.1416,1.04429999739,0
pointer_move,21979163.14,1.04629999772,0
input_age_ms,21979172.5136,0.000399999320507,15
magnifier_update,21979172.5161,0.800299998373,0
pointer_move,21979172.5144,0.802699998021,0
input_age_ms,21979173.7914,0.000399999320507,0
magnifier_update,21979173.7931,0.494200002402,0
pointer_move,21979173.7921,0.496199999005,0
input_age_ms,21979176.2404,0.000399999320507,0
magnifier_update,21979176.2424,0.704799998552,0
pointer_move,21979176.2414,0.706100001931,0
input_age_ms,21979182.8546,0.000199999660254,0
magnifier_update,21979182.8558,0.59259999916,0
pointer_move,21979182.855,0.593800000846,0
input_age_ms,21979186.8474,0.000200003385544,0
magnifier_update,21979186.8488,0.126200001687,0
pointer_move,21979186.8479,0.127300001681,0
input_age_ms,21979193.4126,0.000800002366304,0
magnifier_update,21979193.4154,0.921800002456,0
pointer_move,21979193.414,0.923900000751,0
input_age_ms,21979199.3029,0.000499997287989,0
magnifier_update,21979199.3051,1.24210000038,0
pointer_move,21979199.3039,1.24410000071,0
input_age_ms,21979209.1632,0.000800002366304,0
magnifier_update,21979209.1675,0.361299999058,0
pointer_move,21979209.1648,0.36459999904,0
input_age_ms,21979215.347,0.000399999320507,16
magnifier_update,21979215.3501,1.4375,0
pointer_move,21979215.3478,1.44060000032,0
input_age_ms,21979224.0382,0.000400003045797,0
magnifier_update,21979224.0401,1.0223999992,0
pointer_move,21979224.039,1.02409999818,0
input_age_ms,21979226.3046,0.000399999320507,0
magnifier_update,21979226.3063,0.337099999189,0
pointer_move,21979226.3053,0.338500000536,0
input_age_ms,21979230.8466,0.000199999660254,0
magnifier_update,21979230.848,0.35869999975,0
pointer_move,21979230.8472,0.359799999744,0
input_age_ms,21979237.5286,0.000199999660254,0
magnifier_update,21979237.5299,0.159499999136,0
pointer_move,21979237.529,0.160700000823,0
input_age_ms,21979239.0182,0.000199999660254,0
magnifier_update,21979239.0195,0.465500000864,0
pointer_move,21979239.0186,0.466600000858,0
input_age_ms,21979247.2035,0.000300001353025,0
magnifier_update,21979247.2055,0.421000000089,0
pointer_move,21979247.2041,0.422599997371,0
input_age_ms,21979254.1261,0.000399999320507,0
magnifier_update,21979254.1284,0.151499997824,0
pointer_move,21979254.1268,0.153400000185,0
input_age_ms,21979255.527,0.000199999660254,0
magnifier_update,21979255.5284,0.40549999848,0
pointer_move,21979255.5275,0.406599998474,0
input_age_ms,21979263.1199,0.000199999660254,0
magnifier_update,21979263.1211,0.352499999106,0
pointer_move,21979263.1203,0.353500001132,0
input_age_ms,21979270.8167,0.000199999660254,0
magnifier_update,21979270.8182,0.121899999678,0
pointer_move,21979270.8172,0.12309999764,0
input_age_ms,21979271.0965,0.000199999660254,0
magnifier_update,21979271.0978,0.448899999261,0
pointer_move,21979271.0969,0.449899997562,0
input_age_ms,21979278.9663,0.000700000673532,0
magnifier_update,21979278.9686,0.512699998915,0
pointer_move,21979278.9673,0.514299999923,0
input_age_ms,21979287.7515,0.000300001353025,0
magnifier_update,21979287.7536,0.559599999338,0
pointer_move,21979287.7521,0.561500001699,0
input_age_ms,21979288.4265,0.000100001692772,0
magnifier_update,21979288.4271,0.0969000011683,0
pointer_move,21979288.4268,0.0972999967635,0
input_age_ms,21979294.79,0.000300001353025,0
magnifier_update,21979294.7912,0.395899999887,0
pointer_move,21979294.7904,0.397300001234,0
input_age_ms,21979303.9167,0.000199999660254,0
magnifier_update,21979303.918,0.486199997365,0
pointer_move,21979303.9171,0.48729999736,0
input_age_ms,21979304.666,0.000199999660254,0
magnifier_update,21979304.6668,0.0945999994874,0
pointer_move,21979304.6663,0.0952000021935,0
input_age_ms,21979310.7681,0.000199999660254,0
magnifier_update,21979310.7693,0.461000002921,0
pointer_move,21979310.7685,0.462000001222,0
input_age_ms,21979320.6467,0.000300001353025,0
magnifier_update,21979320.6485,0.531300000846,0
pointer_move,21979320.6475,0.532699998468,0
input_age_ms,21979321.2947,0.000199999660254,0
magnifier_update,21979321.2955,0.0982000008225,0
pointer_move,21979321.2951,0.0987000018358,0
input_age_ms,21979327.5946,0.000599998980761,0
magnifier_update,21979327.5982,1.65329999849,0
pointer_move,21979327.596,1.65639999881,0
input_age_ms,21979342.5546,0.000700000673532,16
magnifier_update,21979342.5581,1.46240000054,0
pointer_move,21979342.5562,1.46489999816,0
input_age_ms,21979344.4933,0.000400003045797,0
magnifier_update,21979344.4954,1.03289999813,0
pointer_move,21979344.4942,1.03470000252,0
input_age_ms,21979354.7468,0.000199999660254,0
magnifier_update,21979354.7489,0.179400000721,0
pointer_move,21979354.7477,0.181100003421,0
input_age_ms,21979369.5227,0.000599998980761,0
magnifier_update,21979369.5266,1.47810000181,0
pointer_move,21979369.5239,1.48330000043,0
input_age_ms,21979375.8344,0.000700000673532,0
magnifier_update,21979375.8383,1.72529999912,0
pointer_move,21979375.8357,1.72889999673,0
input_age_ms,21979383.7077,0.000500001013279,0
magnifier_update,21979383.7105,1.05200000107,0
pointer_move,21979383.7086,1.05480000004,0
input_age_ms,21979389.2801,0.000399999320507,0
magnifier_update,21979389.282,0.267599999905,0
pointer_move,21979389.2808,0.269400000572,0
input_age_ms,21979391.0704,0.000399999320507,0
magnifier_update,21979391.0727,0.776499997824,0
pointer_move,21979391.0711,0.778499998152,0
input_age_ms,21979399.0386,0.000299997627735,0
magnifier_update,21979399.0408,0.679099999368,0
pointer_move,21979399.0397,0.68049999699,0
input_age_ms,21979404.3591,0.000300001353025,0
magnifier_update,21979404.3606,0.15740000084,0
pointer_move,21979404.3596,0.158700000495,0
input_age_ms,21979406.8597,0.000299997627735,0
magnifier_update,21979406.8611,0.59259999916,0
pointer_move,21979406.8602,0.593900002539,0
input_age_ms,21979414.875,0.000300001353025,0
magnifier_update,21979414.8764,0.453199997544,0
pointer_move,21979414.8754,0.454399999231,0
input_age_ms,21979420.3785,0.000500001013279,0
magnifier_update,21979420.3801,0.118699997663,0
pointer_move,21979420.3792,0.11989999935,0
input_age_ms,21979422.7994,0.000199999660254,0
magnifier_update,21979422.8004,0.4589000009,0
pointer_move,21979422.7998,0.459799997509,0
input_age_ms,21979430.8359,0.000199999660254,0
magnifier_update,21979430.8374,0.469799999148,0
pointer_move,21979430.8363,0.471099998802,0
input_age_ms,21979436.8213,0.000199999660254,0
magnifier_update,21979436.8231,0.120400000364,0
pointer_move,21979436.8217,0.122099999338,0
input_age_ms,21979438.7215,0.000199999660254,0
magnifier_update,21979438.7223,0.449299998581,0
pointer_move,21979438.7219,0.449899997562,0
input_age_ms,21979447.5988,0.000599998980761,0
magnifier_update,21979447.6018,1.62570000067,0
pointer_move,21979447.6,1.62839999795,0
input_age_ms,21979459.6325,0.000700000673532,0
magnifier_update,21979459.6363,1.75119999796,0
pointer_move,21979459.6338,1.75490000099,0
input_age_ms,21979461.8257,0.000700000673532,0
magnifier_update,21979461.8293,0.705499999225,0
pointer_move,21979461.827,0.708999998868,0
input_age_ms,21979463.6932,0.000599998980761,0
magnifier_update,21979463.6964,1.63969999924,0
pointer_move,21979463.6944,1.64249999821,0
input_age_ms,21979476.7139,0.000999998301268,0
magnifier_update,21979476.7181,1.71799999848,0
pointer_move,21979476.7155,1.72140000015,0
input_age_ms,21979479.0829,0.000500001013279,0
magnifier_update,21979479.0854,0.304899998009,0
pointer_move,21979479.0839,0.30700000003,0
input_age_ms,21979479.8325,0.000399999320507,16
magnifier_update,21979479.8344,1.14820000157,0
pointer_move,21979479.8333,1.14990000054,0
input_age_ms,21979491.1099,0.000999998301268,0
magnifier_update,21979491.1129,1.02450000122,0
pointer_move,21979491.1113,1.02690000087,0
input_age_ms,21979492.6638,0.000599998980761,0
magnifier_update,21979492.6662,0.238099999726,0
pointer_move,21979492.665,0.23959999904,0
input_age_ms,21979495.3501,0.000399999320507,0
magnifier_update,21979495.3525,1.15480000153,0
pointer_move,21979495.3513,1.15659999847,0
input_age_ms,21979509.7118,0.000799998641014,0
magnifier_update,21979509.7153,1.76319999993,0
draw_commands,21979512.281,1.46180000156,0
end_draw,21979513.7432,1.23640000075,0
present,21979514.9799,0.385099999607,0
paint,21979512.2574,3.10820000246,0
pointer_move,21979509.7131,5.73790000007,0
input_age_ms,21979515.8906,0.000500001013279,16
magnifier_update,21979515.8935,1.68429999799,0
pointer_move,21979515.8914,1.68760000169,0
input_age_ms,21979527.1634,0.000899996608496,16
magnifier_update,21979527.1672,1.75720000267,0
pointer_move,21979527.165,1.76050000265,0
input_age_ms,21979529.4822,0.000700000673532,16
magnifier_update,21979529.4858,0.44619999826,0
pointer_move,21979529.4837,0.449099998921,0
input_age_ms,21979530.2329,0.000299997627735,0
magnifier_update,21979530.2346,1.64350000024,0
pointer_move,21979530.2335,1.64499999955,0
input_age_ms,21979542.7553,0.000799998641014,15
magnifier_update,21979542.7594,1.27060000226,0
pointer_move,21979542.7567,1.27409999818,0
input_age_ms,21979544.3676,0.000399999320507,15
magnifier_update,21979544.3696,1.1959999986,0
pointer_move,21979544.3684,1.19779999927,0
input_age_ms,21979557.6909,0.000499997287989,0
magnifier_update,21979557.693,0.764800000936,0
pointer_move,21979557.6918,0.766800001264,0
input_age_ms,21979558.9362,0.000399999320507,0
magnifier_update,21979558.9386,0.258600000292,0
pointer_move,21979558.9374,0.260200001299,0
input_age_ms,21979559.5027,0.000399999320507,0
magnifier_update,21979559.5041,0.885000001639,0
pointer_move,21979559.5034,0.886099997908,0
input_age_ms,21979571.6011,0.000399999320507,0
magnifier_update,21979571.6035,0.801399998367,0
pointer_move,21979571.6018,0.803500000387,0
input_age_ms,21979572.5739,0.000199999660254,0
magnifier_update,21979572.5749,0.171099998057,0
pointer_move,21979572.5742,0.171900000423,0
input_age_ms,21979574.8474,0.000300001353025,0
magnifier_update,21979574.8487,0.690799999982,0
pointer_move,21979574.848,0.691899999976,0
input_age_ms,21979582.8164,0.000300001353025,0
magnifier_update,21979582.8179,0.773800000548,0
pointer_move,21979582.8173,0.775100000203,0
input_age_ms,21979588.7191,0.000300001353025,0
magnifier_update,21979588.7208,0.199599999934,0
pointer_move,21979588.7197,0.201099999249,0
input_age_ms,21979590.8347,0.000300001353025,0
magnifier_update,21979590.8361,0.748799998313,0
pointer_move,21979590.8353,0.75,0
input_age_ms,21979601.1638,0.000900000333786,0
magnifier_update,21979601.1679,1.74529999867,0
pointer_move,21979601.1655,1.74929999933,0
input_age_ms,21979609.8387,0.000999998301268,0
magnifier_update,21979609.8428,1.76099999994,0
pointer_move,21979609.8404,1.76440000162,0
input_age_ms,21979612.0729,0.000599998980761,0
magnifier_update,21979612.0757,0.573199998587,0
pointer_move,21979612.0741,0.575699999928,0
input_age_ms,21979616.091,0.000700000673532,0
magnifier_update,21979616.095,1.65540000051,0
pointer_move,21979616.0923,1.6596999988,0
input_age_ms,21979626.7802,0.000700000673532,0
magnifier_update,21979626.7838,1.817900002,0
pointer_move,21979626.7819,1.82149999961,0
input_age_ms,21979631.3038,0.000799998641014,0
magnifier_update,21979631.3072,0.65210000053,0
pointer_move,21979631.3052,0.655200000852,0
input_age_ms,21979633.8751,0.000799998641014,0
magnifier_update,21979633.8794,1.38850000128,0
pointer_move,21979633.8769,1.39210000262,0
input_age_ms,21979642.9048,0.000899996608496,0
magnifier_update,21979642.9092,1.32689999789,0
pointer_move,21979642.9064,1.33080000058,0
input_age_ms,21979645.4351,0.000700000673532,0
magnifier_update,21979645.4382,0.346099998802,0
pointer_move,21979645.4368,0.348000001162,0
input_age_ms,21979647.3361,0.000499997287989,0
magnifier_update,21979647.338,1.17689999938,0
pointer_move,21979647.337,1.17859999835,0
input_age_ms,21979657.0043,0.000500001013279,0
magnifier_update,21979657.0069,1.25799999759,0
pointer_move,21979657.0053,1.26040000096,0
input_age_ms,21979658.5316,0.000300001353025,0
magnifier_update,21979658.5329,0.288099996746,0
pointer_move,21979658.5322,0.289099998772,0
input_age_ms,21979663.3577,0.000900000333786,0
magnifier_update,21979663.3603,1.1827000007,0
pointer_move,21979663.359,1.18469999731,0
input_age_ms,21979679.1388,0.000900000333786,0
magnifier_update,21979679.1431,1.8702000007,0
pointer_move,21979679.1408,1.87380000204,0
input_age_ms,21979682.2672,0.00119999796152,0
magnifier_update,21979682.2716,1.65080000088,0
pointer_move,21979682.2693,1.65460000187,0
input_age_ms,21979691.5324,0.000599998980761,0
magnifier_update,21979691.5354,1.13549999893,0
pointer_move,21979691.5334,1.13830000162,0
input_age_ms,21979694.275,0.000500001013279,0
magnifier_update,21979694.2778,0.272599998862,0
pointer_move,21979694.2763,0.274700000882,0
input_age_ms,21979695.4008,0.000399999320507,0
magnifier_update,21979695.4022,0.915100000799,0
pointer_move,21979695.4015,0.916199997067,0
input_age_ms,21979705.5889,0.000399999320507,0
magnifier_update,21979705.5918,0.985700000077,0
pointer_move,21979705.5897,0.988500002772,0
input_age_ms,21979706.8001,0.000300001353025,0
magnifier_update,21979706.8023,0.636800002307,0
pointer_move,21979706.8007,0.639100000262,0
input_age_ms,21979710.9805,0.000299997627735,0
magnifier_update,21979710.9825,0.76439999789,0
pointer_move,21979710.9811,0.76630000025,0
input_age_ms,21979723.1898,0.000499997287989,0
magnifier_update,21979723.1924,0.743200000376,0
pointer_move,21979723.1906,0.745900001377,0
input_age_ms,21979724.4173,0.000399999320507,0
magnifier_update,21979724.419,0.204199999571,0
pointer_move,21979724.418,0.205499999225,0
input_age_ms,21979726.8258,0.000199999660254,0
magnifier_update,21979726.8267,0.441300000995,0
pointer_move,21979726.8262,0.441999997944,0
input_age_ms,21979743.246,0.000800002366304,0
magnifier_update,21979743.2498,1.30070000142,0
pointer_move,21979743.2474,1.30420000106,0
input_age_ms,21979745.0002,0.000799998641014,0
magnifier_update,21979745.0037,1.66640000045,0
pointer_move,21979745.0018,1.66930000111,0
input_age_ms,21979760.1876,0.000899996608496,0
magnifier_update,21979760.1928,1.50160000101,0
pointer_move,21979760.1901,1.50569999963,0
input_age_ms,21979763.3797,0.000900000333786,0
magnifier_update,21979763.3837,1.3189000003,0
pointer_move,21979763.3816,1.32209999859,0
input_age_ms,21979776.1972,0.000799998641014,0
magnifier_update,21979776.2012,1.68679999933,0
pointer_move,21979776.1991,1.68960000202,0
input_age_ms,21979778.1724,0.000399999320507,0
magnifier_update,21979778.1743,1.10410000011,0
pointer_move,21979778.1732,1.10590000078,0
input_age_ms,21979783.2839,0.000599998980761,0
magnifier_update,21979783.2867,1.44260000065,0
pointer_move,21979783.2849,1.44540000334,0
input_age_ms,21979791.0617,0.000799998641014,0
magnifier_update,21979791.0646,0.33030000329,0
pointer_move,21979791.063,0.33259999752,0
input_age_ms,21979791.6441,0.000300001353025,0
magnifier_update,21979791.6456,1.17000000179,0
pointer_move,21979791.6447,1.17140000314,0
input_age_ms,21979800.4616,0.000900000333786,0
magnifier_update,21979800.4652,1.21429999918,0
pointer_move,21979800.4631,1.21790000051,0
input_age_ms,21979807.9789,0.000700000673532,0
magnifier_update,21979807.9819,1.252700001,0
draw_commands,21979809.4731,0.81819999963,0
end_draw,21979810.2918,0.518600001931,0
present,21979810.8106,0.170599997044,0
paint,21979809.4539,1.52760000154,0
pointer_move,21979807.9802,3.05339999869,0
input_age_ms,21979811.4814,0.000399999320507,0
magnifier_update,21979811.4836,0.309099998325,0
pointer_move,21979811.4823,0.311100002378,0
input_age_ms,21979819.5229,0.000900000333786,0
magnifier_update,21979819.5273,1.6072999984,0
pointer_move,21979819.5249,1.61099999771,0
input_age_ms,21979826.3633,0.000800002366304,15
magnifier_update,21979826.367,1.73120000213,0
pointer_move,21979826.3646,1.73479999974,0
input_age_ms,21979828.4687,0.000300001353025,0
magnifier_update,21979828.4707,0.42179999873,0
pointer_move,21979828.4692,0.423599999398,0
input_age_ms,21979832.7439,0.000900000333786,0
magnifier_update,21979832.7482,1.57760000229,0
pointer_move,21979832.7459,1.5811999999,0
input_age_ms,21979843.7549,0.000599998980761,16
magnifier_update,21979843.7581,1.26040000096,0
pointer_move,21979843.756,1.2632999979,0
input_age_ms,21979845.2798,0.000299997627735,0
magnifier_update,21979845.2819,0.291900001466,0
pointer_move,21979845.2806,0.293899998069,0
input_age_ms,21979848.7111,0.000499997287989,0
magnifier_update,21979848.7137,0.92650000006,0
pointer_move,21979848.7123,0.92840000242,0
input_age_ms,21979855.4058,0.000799998641014,16
magnifier_update,21979855.4085,0.796700000763,0
pointer_move,21979855.4073,0.798399999738,0
input_age_ms,21979856.4218,0.000400003045797,0
magnifier_update,21979856.4236,0.193800002337,0
pointer_move,21979856.4226,0.195099998266,0
input_age_ms,21979863.4728,0.000399999320507,0
magnifier_update,21979863.4755,0.607400000095,0
pointer_move,21979863.4738,0.60929999873,0
input_age_ms,21979870.1708,0.000199999660254,0
magnifier_update,21979870.1724,0.1232999973,0
pointer_move,21979870.1715,0.124399997294,0
input_age_ms,21979870.624,9.99979674816e-05,0
magnifier_update,21979870.6249,0.445000000298,0
pointer_move,21979870.6243,0.445900000632,0
input_age_ms,21979880.5312,0.000700000673532,0
magnifier_update,21979880.5349,1.67330000177,0
pointer_move,21979880.5325,1.67650000006,0
input_age_ms,21979894.0668,0.00120000168681,0
magnifier_update,21979894.072,1.34380000085,0
pointer_move,21979894.0692,1.34799999744,0
input_age_ms,21979898.5076,0.000800002366304,0
magnifier_update,21979898.5119,0.491900000721,0
pointer_move,21979898.5091,0.495400000364,0
input_age_ms,21979899.4282,0.000600002706051,0
magnifier_update,21979899.4312,1.52269999683,0
pointer_move,21979899.4294,1.52589999884,0
input_age_ms,21979911.7589,0.000599998980761,0
magnifier_update,21979911.7616,1.10080000013,0
pointer_move,21979911.76,1.10319999978,0
input_age_ms,21979913.41,0.000500001013279,0
magnifier_update,21979913.4139,1.22100000083,0
pointer_move,21979913.411,1.22460000217,0
input_age_ms,21979922.6668,0.000500001013279,0
magnifier_update,21979922.669,0.988699998707,0
pointer_move,21979922.6677,0.990699999034,0
input_age_ms,21979923.9409,0.000299997627735,0
magnifier_update,21979923.9429,0.323700003326,0
pointer_move,21979923.9419,0.325300000608,0
input_age_ms,21979927.1188,0.000300001353025,0
magnifier_update,21979927.1208,0.966299999505,0
pointer_move,21979927.1195,0.96819999814,0
input_age_ms,21979939.0084,0.000900000333786,0
magnifier_update,21979939.0112,0.805199999362,0
pointer_move,21979939.0096,0.807100001723,0
input_age_ms,21979940.6516,0.000500001013279,0
magnifier_update,21979940.6546,0.316500000656,0
pointer_move,21979940.6527,0.318800002337,0
input_age_ms,21979943.0197,0.000400003045797,0
magnifier_update,21979943.0215,0.82860000059,0
pointer_move,21979943.0204,0.830099999905,0
input_age_ms,21979954.2176,0.000399999320507,0
magnifier_update,21979954.2203,0.642400000244,0
pointer_move,21979954.219,0.644099999219,0
input_age_ms,21979954.9873,9.99979674816e-05,0
magnifier_update,21979954.988,0.123199999332,0
pointer_move,21979954.9875,0.123799998313,0
input_age_ms,21979958.9847,0.000199999660254,0
magnifier_update,21979958.9865,0.635200001299,0
pointer_move,21979958.9854,0.636800002307,0
input_age_ms,21979967.7003,0.000399999320507,0
magnifier_update,21979967.7021,0.620499998331,0
pointer_move,21979967.7009,0.622299998999,0
input_age_ms,21979971.645,0.000900000333786,0
magnifier_update,21979971.6469,0.168900001794,0
pointer_move,21979971.6461,0.170000001788,0
input_age_ms,21979974.7438,0.000199999660254,0
magnifier_update,21979974.745,0.475800000131,0
pointer_move,21979974.7442,0.476800002158,0
input_age_ms,21979982.6927,0.000199999660254,0
magnifier_update,21979982.6938,0.379599999636,0
pointer_move,21979982.693,0.380600001663,0
input_age_ms,21979986.7793,0.000199999660254,0
magnifier_update,21979986.7809,0.23959999904,0
pointer_move,21979986.7801,0.240699999034,0
input_age_ms,21979990.8228,0.000199999660254,0
magnifier_update,21979990.824,0.483599998057,0
pointer_move,21979990.8232,0.484600000083,0
input_age_ms,21979999.6493,0.000599998980761,0
magnifier_update,21979999.6521,1.62099999934,0
pointer_move,21979999.6505,1.62380000204,0
input_age_ms,21980010.9037,0.000799998641014,0
magnifier_update,21980010.9081,1.36180000007,0
pointer_move,21980010.9052,1.36580000073,0
input_age_ms,21980013.5202,0.000800002366304,0
magnifier_update,21980013.5248,0.633400000632,0
pointer_move,21980013.5224,0.636800002307,0
input_age_ms,21980015.7814,0.000600002706051,0
magnifier_update,21980015.7856,2.34390000254,0
pointer_move,21980015.7827,2.34800000116,0
input_age_ms,21980027.2038,0.000799998641014,16
magnifier_update,21980027.2076,1.72179999948,0
pointer_move,21980027.2052,1.72509999946,0
input_age_ms,21980029.3036,0.000500001013279,0
magnifier_update,21980029.3058,0.413200002164,0
pointer_move,21980029.3044,0.415100000799,0
input_age_ms,21980031.5699,0.000500001013279,0
magnifier_update,21980031.5722,1.60130000114,0
pointer_move,21980031.5709,1.60339999944,0
input_age_ms,21980042.9084,0.000900000333786,15
magnifier_update,21980042.9128,1.74570000172,0
pointer_move,21980042.9103,1.74919999763,0
input_age_ms,21980045.0791,0.000599998980761,0
magnifier_update,21980045.0819,0.439399998635,0
pointer_move,21980045.0803,0.441800002009,0
input_age_ms,21980047.5812,0.000599998980761,0
magnifier_update,21980047.5839,1.59699999914,0
pointer_move,21980047.5824,1.59959999844,0
input_age_ms,21980059.3679,0.000700000673532,16
magnifier_update,21980059.3712,1.10099999979,0
pointer_move,21980059.3691,1.10390000045,0
input_age_ms,21980060.9119,0.000600002706051,0
magnifier_update,21980060.9146,0.30719999969,0
pointer_move,21980060.9131,0.309299997985,0
input_age_ms,21980063.3041,0.000399999320507,0
magnifier_update,21980063.3062,1.18709999695,0
pointer_move,21980063.3051,1.18879999965,0
input_age_ms,21980072.5259,0.000399999320507,0
magnifier_update,21980072.5287,0.823699999601,0
pointer_move,21980072.5271,0.825699999928,0
input_age_ms,21980073.5415,0.000400003045797,0
magnifier_update,21980073.5436,0.179400000721,0
pointer_move,21980073.5421,0.181199997663,0
input_age_ms,21980078.9525,0.000299997627735,0
magnifier_update,21980078.9537,0.774300001562,0
pointer_move,21980078.953,0.77539999783,0
input_age_ms,21980088.6649,0.000199999660254,16
magnifier_update,21980088.6668,0.813700001687,0
pointer_move,21980088.6655,0.815400000662,0
input_age_ms,21980089.6686,0.000300001353025,0
magnifier_update,21980089.6697,0.175099998713,0
pointer_move,21980089.6692,0.175999999046,0
input_age_ms,21980097.521,0.000699996948242,0
magnifier_update,21980097.5245,1.20690000057,0
pointer_move,21980097.5225,1.2098999992,0
input_age_ms,21980110.3395,0.000800002366304,16
magnifier_update,21980110.3431,1.96350000054,0
pointer_move,21980110.3408,1.96719999984,0
input_age_ms,21980114.5133,0.000899996608496,0
magnifier_update,21980114.517,0.532899998128,0
pointer_move,21980114.5148,0.536100000143,0
input_age_ms,21980128.8247,0.000699996948242,0
magnifier_update,21980128.828,1.19149999693,0
pointer_move,21980128.826,1.19439999759,0
input_age_ms,21980130.7712,0.000599998980761,0
magnifier_update,21980130.7748,1.20020000264,0
pointer_move,21980130.7725,1.20309999958,0
input_age_ms,21980140.0399,0.000599998980761,16
magnifier_update,21980140.0435,1.20780000091,0
pointer_move,21980140.0409,1.21110000089,0
input_age_ms,21980141.5503,0.000400003045797,0
magnifier_update,21980141.5527,0.23729999736,0
pointer_move,21980141.5514,0.238900002092,0
input_age_ms,21980143.6655,0.000300001353025,0
magnifier_update,21980143.6676,0.78770000115,0
pointer_move,21980143.6661,0.789700001478,0
input_age_ms,21980154.8966,0.000299997627735,16
magnifier_update,21980154.899,0.610399998724,0
pointer_move,21980154.8972,0.612599998713,0
input_age_ms,21980155.6605,9.99979674816e-05,0
magnifier_update,21980155.6613,0.139299999923,0
pointer_move,21980155.6607,0.140099998564,0
input_age_ms,21980159.1579,0.000199999660254,0
magnifier_update,21980159.1599,0.653800003231,0
pointer_move,21980159.1587,0.655400000513,0
input_age_ms,21980167.0754,0.000400003045797,15
magnifier_update,21980167.0772,0.743500001729,0
pointer_move,21980167.0761,0.745200000703,0
input_age_ms,21980171.8265,0.000300001353025,0
magnifier_update,21980171.8289,0.144100002944,0
pointer_move,21980171.8274,0.145899999887,0
input_age_ms,21980174.9172,0.000199999660254,0
magnifier_update,21980174.9189,0.588399998844,0
pointer_move,21980174.9177,0.589800000191,0
input_age_ms,21980182.899,0.000300001353025,16
magnifier_update,21980182.9006,0.63389999792,0
pointer_move,21980182.8995,0.635399997234,0
input_age_ms,21980187.6106,0.000300001353025,0
magnifier_update,21980187.6127,0.147399999201,0
pointer_move,21980187.6111,0.149199999869,0
input_age_ms,21980190.9282,0.000300001353025,0
magnifier_update,21980190.9295,0.584800001234,0
pointer_move,21980190.9287,0.586100000888,0
input_age_ms,21980198.893,0.000199999660254,0
magnifier_update,21980198.8946,0.538300000131,0
pointer_move,21980198.8934,0.540300000459,0
input_age_ms,21980203.7648,0.000299997627735,0
magnifier_update,21980203.7664,0.143600001931,0
pointer_move,21980203.7653,0.145000003278,0
input_age_ms,21980206.8961,0.000199999660254,0
magnifier_update,21980206.8976,0.608100000769,0
pointer_move,21980206.8966,0.609400000423,0
input_age_ms,21980216.5377,0.000399999320507,16
magnifier_update,21980216.5401,1.00999999791,0
pointer_move,21980216.5384,1.01279999688,0
input_age_ms,21980223.4805,0.000399999320507,0
magnifier_update,21980223.4827,0.747499998659,0
pointer_move,21980223.4812,0.749500002712,0
input_age_ms,21980225.0351,0.000399999320507,0
magnifier_update,21980225.0375,0.143199998885,0
pointer_move,21980225.0364,0.144600000232,0
input_age_ms,21980231.03,0.000199999660254,0
magnifier_update,21980231.0319,0.548700001091,0
pointer_move,21980231.0304,0.550499998033,0
input_age_ms,21980237.4603,0.000300001353025,0
magnifier_update,21980237.4624,0.142799999565,0
pointer_move,21980237.4608,0.144799999893,0
input_age_ms,21980238.9995,0.000199999660254,0
magnifier_update,21980239.0016,0.470399998128,0
pointer_move,21980238.9999,0.472400002182,0
input_age_ms,21980246.9288,0.000399999320507,0
magnifier_update,21980246.9306,0.554000001401,0
pointer_move,21980246.9294,0.555500000715,0
input_age_ms,21980254.6704,0.000299997627735,0
magnifier_update,21980254.6736,0.157800000161,0
pointer_move,21980254.6717,0.160099998116,0
input_age_ms,21980255.5393,0.000400003045797,0
magnifier_update,21980255.5413,0.661900002509,0
pointer_move,21980255.5399,0.663799997419,0
input_age_ms,21980262.8525,0.000300001353025,0
magnifier_update,21980262.8543,0.489799998701,0
pointer_move,21980262.8534,0.49090000242,0
input_age_ms,21980270.704,0.000199999660254,0
magnifier_update,21980270.7054,0.150499999523,0
pointer_move,21980270.7044,0.15190000087,0
input_age_ms,21980270.9659,9.99979674816e-05,0
magnifier_update,21980270.9666,0.479499999434,0
pointer_move,21980270.9662,0.480099998415,0
input_age_ms,21980278.8756,0.000199999660254,0
magnifier_update,21980278.877,0.470199998468,0
pointer_move,21980278.876,0.471400000155,0
input_age_ms,21980286.9977,0.000300001353025,0
magnifier_update,21980286.9999,0.525100000203,0
pointer_move,21980286.9982,0.52710000053,0
input_age_ms,21980287.6358,9.99979674816e-05,0
magnifier_update,21980287.6363,0.0964999981225,0
pointer_move,21980287.6359,0.097000002861,0
input_age_ms,21980294.7773,0.000199999660254,0
magnifier_update,21980294.7783,0.487300001085,0
pointer_move,21980294.7777,0.488200001419,0
input_age_ms,21980304.3816,0.000500001013279,0
magnifier_update,21980304.3839,0.531499996781,0
pointer_move,21980304.3824,0.533400002867,0
input_age_ms,21980305.1446,0.000300001353025,0
magnifier_update,21980305.1461,0.135700002313,0
pointer_move,21980305.1452,0.136800002307,0
input_age_ms,21980310.7953,0.000199999660254,0
magnifier_update,21980310.797,0.496800001711,0
pointer_move,21980310.7957,0.498300001025,0
input_age_ms,21980320.3805,0.000199999660254,0
magnifier_update,21980320.3817,0.492599997669,0
pointer_move,21980320.3809,0.493700001389,0
input_age_ms,21980320.9611,9.99979674816e-05,0
magnifier_update,21980320.9616,0.0890000015497,0
pointer_move,21980320.9612,0.089500002563,0
input_age_ms,21980327.4976,0.000599998980761,0
magnifier_update,21980327.5001,1.69539999962,0
pointer_move,21980327.4987,1.6986999996,0
input_age_ms,21980344.7433,0.000900000333786,0
magnifier_update,21980344.7485,1.63470000029,0
pointer_move,21980344.7451,1.63910000026,0
input_age_ms,21980349.1414,0.000900000333786,0
magnifier_update,21980349.1459,1.47529999912,0
pointer_move,21980349.143,1.47929999977,0
input_age_ms,21980362.2603,0.000900000333786,0
magnifier_update,21980362.2648,1.76539999992,0
pointer_move,21980362.2623,1.76920000091,0
input_age_ms,21980364.8524,0.000799998641014,0
magnifier_update,21980364.8558,1.60880000144,0
pointer_move,21980364.8539,1.61169999838,0
input_age_ms,21980377.0739,0.000599998980761,0
magnifier_update,21980377.0773,1.00420000032,0
draw_commands,21980378.5184,0.851800002158,0
end_draw,21980379.3706,1.03399999812,0
present,21980380.4049,0.171000000089,0
paint,21980378.5008,2.07560000196,0
pointer_move,21980377.0755,3.55269999802,0
input_age_ms,21980381.036,0.000600002706051,0
magnifier_update,21980381.0393,1.21220000088,0
pointer_move,21980381.0372,1.21489999816,0
input_age_ms,21980383.7486,0.000500001013279,0
magnifier_update,21980383.7519,1.49830000103,0
pointer_move,21980383.7496,1.50169999897,0
input_age_ms,21980390.1074,0.000500001013279,0
magnifier_update,21980390.1103,0.277899999171,0
pointer_move,21980390.1083,0.280400000513,0
input_age_ms,21980391.7226,0.000999998301268,0
magnifier_update,21980391.725,0.966199997813,0
pointer_move,21980391.7239,0.968100000173,0
input_age_ms,21980399.2958,0.000500001013279,0
magnifier_update,21980399.2978,1.18310000002,0
pointer_move,21980399.2967,1.18499999866,0
input_age_ms,21980408.9769,0.000700000673532,0
magnifier_update,21980408.9805,1.29759999737,0
pointer_move,21980408.9782,1.30059999973,0
input_age_ms,21980410.748,0.00109999999404,0
magnifier_update,21980410.7515,0.310200002044,0
pointer_move,21980410.7497,0.312600001693,0
input_age_ms,21980415.3167,0.000500001013279,0
magnifier_update,21980415.3198,1.22670000046,0
pointer_move,21980415.3178,1.22929999977,0
input_age_ms,21980425.1766,0.000899996608496,0
magnifier_update,21980425.1809,1.55110000074,0
pointer_move,21980425.1786,1.55430000275,0
input_age_ms,21980427.9493,0.000700000673532,0
magnifier_update,21980427.9526,0.53750000149,0
pointer_move,21980427.9506,0.540200002491,0
input_age_ms,21980431.3604,0.000900000333786,0
magnifier_update,21980431.3635,1.25659999996,0
pointer_move,21980431.3617,1.25910000131,0
input_age_ms,21980441.2436,0.000500001013279,0
magnifier_update,21980441.2468,0.804299999028,0
pointer_move,21980441.2445,0.80719999969,0
input_age_ms,21980442.459,0.000399999320507,0
magnifier_update,21980442.4611,0.242499999702,0
pointer_move,21980442.46,0.243899997324,0
input_age_ms,21980446.972,0.000300001353025,0
magnifier_update,21980446.9732,0.730299998075,0
pointer_move,21980446.9725,0.731300000101,0
input_age_ms,21980455.5605,0.000399999320507,0
magnifier_update,21980455.5625,0.802499998361,0
pointer_move,21980455.5612,0.804099999368,0
input_age_ms,21980456.648,0.000400003045797,0
magnifier_update,21980456.6496,0.57349999994,0
pointer_move,21980456.6486,0.574999999255,0
input_age_ms,21980463.2002,0.000800002366304,0
magnifier_update,21980463.2027,0.780200000852,0
pointer_move,21980463.2013,0.78200000152,0
input_age_ms,21980472.0094,0.000399999320507,0
magnifier_update,21980472.0115,0.746399998665,0
pointer_move,21980472.01,0.748399998993,0
input_age_ms,21980472.9852,0.000300001353025,0
magnifier_update,21980472.9871,0.339399997145,0
pointer_move,21980472.9857,0.341099999845,0
input_age_ms,21980478.9121,0.000300001353025,0
magnifier_update,21980478.9139,0.659099999815,0
pointer_move,21980478.9126,0.66059999913,0
input_age_ms,21980487.6723,0.000500001013279,0
magnifier_update,21980487.6741,0.701799999923,0
pointer_move,21980487.6731,0.70320000127,0
input_age_ms,21980488.5188,0.000199999660254,0
magnifier_update,21980488.5196,0.142299998552,0
pointer_move,21980488.5191,0.142900001258,0
input_age_ms,21980494.8237,0.000300001353025,0
magnifier_update,21980494.825,0.64090000093,0
pointer_move,21980494.8243,0.641900002956,0
input_age_ms,21980505.3101,0.000399999320507,0
magnifier_update,21980505.3125,0.638199999928,0
pointer_move,21980505.3108,0.640599999577,0
input_age_ms,21980506.195,0.000300001353025,0
magnifier_update,21980506.1971,0.165100000799,0
pointer_move,21980506.1956,0.166900001466,0
input_age_ms,21980510.8899,0.000300001353025,16
magnifier_update,21980510.891,0.64600000158,0
pointer_move,21980510.8904,0.646900001913,0
input_age_ms,21980526.0213,0.000800002366304,0
magnifier_update,21980526.0252,1.73340000212,0
pointer_move,21980526.0226,1.73719999939,0
input_age_ms,21980528.4146,0.000799998641014,0
magnifier_update,21980528.4179,0.452800001949,0
pointer_move,21980528.4162,0.455399997532,0
input_age_ms,21980529.3318,0.000600002706051,16
magnifier_update,21980529.3346,1.65169999748,0
pointer_move,21980529.333,1.65430000052,0
input_age_ms,21980543.0871,0.00100000202656,0
magnifier_update,21980543.0912,0.479100000113,0
pointer_move,21980543.0887,0.482499998063,0
input_age_ms,21980543.8964,0.000299997627735,0
magnifier_update,21980543.8985,1.64519999921,0
pointer_move,21980543.8971,1.64719999954,0
input_age_ms,21980560.6174,0.000799998641014,16
magnifier_update,21980560.6217,1.81370000169,0
pointer_move,21980560.6188,1.81780000031,0
input_age_ms,21980564.7873,0.000599998980761,0
magnifier_update,21980564.7916,0.677400000393,0
pointer_move,21980564.7887,0.681400001049,0
input_age_ms,21980575.8926,0.000799998641014,0
magnifier_update,21980575.8964,1.73539999872,0
pointer_move,21980575.894,1.73869999871,0
input_age_ms,21980578.0619,0.000599998980761,0
magnifier_update,21980578.065,1.55339999869,0
pointer_move,21980578.0631,1.55650000274,0
input_age_ms,21980581.7271,0.000799998641014,0
magnifier_update,21980581.7312,0.503700003028,0
pointer_move,21980581.7286,0.507300000638,0
input_age_ms,21980584.4093,0.000800002366304,0
magnifier_update,21980584.4132,1.88840000331,0
pointer_move,21980584.4108,1.89240000024,0
input_age_ms,21980596.7936,0.000799998641014,0
magnifier_update,21980596.7975,0.444200001657,0
pointer_move,21980596.7951,0.447500001639,0
input_age_ms,21980599.6028,0.000399999320507,0
magnifier_update,21980599.6054,1.18219999969,0
pointer_move,21980599.6037,1.18490000069,0
input_age_ms,21980606.8722,0.000499997287989,0
magnifier_update,21980606.8745,0.249700002372,0
pointer_move,21980606.873,0.251699998975,0
input_age_ms,21980607.3063,0.000199999660254,0
magnifier_update,21980607.3074,0.930900000036,0
pointer_move,21980607.3066,0.93200000003,0
input_age_ms,21980615.0747,0.000499997287989,0
magnifier_update,21980615.077,0.773699998856,0
pointer_move,21980615.0755,0.775600001216,0
input_age_ms,21980621.552,0.000399999320507,0
magnifier_update,21980621.5537,0.206099998206,0
pointer_move,21980621.5527,0.20759999752,0
input_age_ms,21980622.8612,0.000599998980761,0
magnifier_update,21980622.8629,0.747900001705,0
pointer_move,21980622.8621,0.749099999666,0
input_age_ms,21980631.4993,0.000500001013279,0
magnifier_update,21980631.5023,1.59509999678,0
pointer_move,21980631.5004,1.59789999947,0
input_age_ms,21980645.181,0.000999998301268,0
magnifier_update,21980645.1864,1.7324000001,0
pointer_move,21980645.1834,1.73639999703,0
input_age_ms,21980648.2671,0.000700000673532,0
magnifier_update,21980648.2704,0.430300001055,0
pointer_move,21980648.2686,0.432900000364,0
input_age_ms,21980649.0253,0.000199999660254,0
magnifier_update,21980649.0267,1.65569999814,0
pointer_move,21980649.0259,1.65790000185,0
input_age_ms,21980661.1855,0.00109999999404,0
magnifier_update,21980661.1897,1.74670000002,0
pointer_move,21980661.1874,1.74980000034,0
input_age_ms,21980663.8758,0.000900000333786,0
magnifier_update,21980663.8798,0.981499999762,0
pointer_move,21980663.8778,0.984799999744,0
input_age_ms,21980665.4604,0.000700000673532,0
magnifier_update,21980665.4636,2.19380000234,0
pointer_move,21980665.4617,2.19700000063,0
input_age_ms,21980676.9222,0.000799998641014,0
magnifier_update,21980676.9256,1.44330000132,0
pointer_move,21980676.9236,1.44660000131,0
input_age_ms,21980679.8071,0.000799998641014,0
magnifier_update,21980679.8122,0.861999999732,0
pointer_move,21980679.8097,0.865199998021,0
input_age_ms,21980681.3696,0.000399999320507,0
magnifier_update,21980681.3716,0.957100000232,0
pointer_move,21980681.3704,0.958799999207,0
input_age_ms,21980689.8001,0.000500001013279,0
magnifier_update,21980689.8023,0.591500002891,0
pointer_move,21980689.8009,0.593399997801,0
input_age_ms,21980690.5896,0.000199999660254,0
magnifier_update,21980690.5909,0.182799998671,0
pointer_move,21980690.5901,0.183999996632,0
input_age_ms,21980694.91,0.000199999660254,0
magnifier_update,21980694.9111,0.676800001413,0
pointer_move,21980694.9104,0.677799999714,0
input_age_ms,21980704.9288,0.000299997627735,0
magnifier_update,21980704.9309,0.215599998832,0
pointer_move,21980704.9294,0.217499997467,0
input_age_ms,21980710.9744,0.000300001353025,0
magnifier_update,21980710.976,0.778299998492,0
pointer_move,21980710.975,0.779699999839,0
input_age_ms,21980727.2046,0.00100000202656,0
magnifier_update,21980727.209,0.511900000274,0
pointer_move,21980727.2064,0.515399999917,0
input_age_ms,21980728.052,0.000799998641014,0
magnifier_update,21980728.0552,1.69090000167,0
pointer_move,21980728.0533,1.6939000003,0
input_age_ms,21980743.9621,0.000900000333786,0
magnifier_update,21980743.9659,0.471999999136,0
pointer_move,21980743.9636,0.475600000471,0
input_age_ms,21980787.0504,0.000799998641014,0
magnifier_update,21980787.0557,1.88509999961,0
pointer_move,21980787.0521,1.8900000006,0
input_age_ms,21980792.2964,0.00100000202656,15
magnifier_update,21980792.3005,1.24509999901,0
pointer_move,21980792.2981,1.24850000069,0
input_age_ms,21980799.9135,0.000799998641014,0
magnifier_update,21980799.9174,1.942900002,0
pointer_move,21980799.9151,1.94700000063,0
input_age_ms,21980813.1353,0.000900000333786,16
magnifier_update,21980813.1395,1.51339999959,0
pointer_move,21980813.1369,1.51729999855,0
input_age_ms,21980816.1961,0.000799998641014,0
magnifier_update,21980816.2007,0.58370000124,0
pointer_move,21980816.1981,0.58729999885,0
input_age_ms,21980817.9523,0.000799998641014,0
magnifier_update,21980817.9569,1.67590000108,0
pointer_move,21980817.9542,1.68059999868,0
input_age_ms,21980825.8803,0.000599998980761,15
magnifier_update,21980825.8831,1.42799999937,0
pointer_move,21980825.8814,1.43059999868,0
input_age_ms,21980828.3308,0.000500001013279,0
magnifier_update,21980828.3336,0.279899999499,0
pointer_move,21980828.3317,0.282499998808,0
input_age_ms,21980831.0938,0.000199999660254,0
magnifier_update,21980831.0955,0.910100001842,0
pointer_move,21980831.0944,0.911699999124,0
input_age_ms,21980838.7827,0.000600002706051,0
magnifier_update,21980838.7856,0.226700000465,0
pointer_move,21980838.7837,0.228900000453,0
input_age_ms,21980839.1742,0.000200003385544,16
magnifier_update,21980839.1753,0.776300001889,0
pointer_move,21980839.1745,0.777300000191,0
input_age_ms,21980847.0481,0.000300001353025,0
magnifier_update,21980847.0499,0.770100001246,0
pointer_move,21980847.0487,0.771699998528,0
input_age_ms,21980855.0493,0.000399999320507,0
magnifier_update,21980855.0515,0.812800001353,0
pointer_move,21980855.0503,0.814300000668,0
input_age_ms,21980856.0619,0.000199999660254,0
magnifier_update,21980856.0632,0.180900000036,0
pointer_move,21980856.0624,0.182100001723,0
input_age_ms,21980862.9626,0.000300001353025,0
magnifier_update,21980862.9641,0.760099999607,0
draw_commands,21980863.7867,0.497800000012,0
end_draw,21980864.2847,0.31799999997,0
present,21980864.6028,0.105099998415,0
paint,21980863.7718,0.936299998313,0
pointer_move,21980862.9632,1.77600000054,0
input_age_ms,21980871.3821,0.000399999320507,0
magnifier_update,21980871.3851,0.795900002122,0
pointer_move,21980871.3832,0.798900000751,0
input_age_ms,21980872.3417,0.000199999660254,0
magnifier_update,21980872.3426,0.169600002468,0
pointer_move,21980872.342,0.170299999416,0
input_age_ms,21980879.06,0.000300001353025,0
magnifier_update,21980879.0621,0.794099997729,0
pointer_move,21980879.0606,0.796099998057,0
input_age_ms,21980888.6551,0.000399999320507,0
magnifier_update,21980888.6577,1.20830000192,0
pointer_move,21980888.6561,1.21059999987,0
input_age_ms,21980891.0633,0.000400003045797,0
magnifier_update,21980891.066,0.418499998748,0
pointer_move,21980891.064,0.421100001782,0
input_age_ms,21980895.0798,0.000500001013279,0
magnifier_update,21980895.0823,0.898000001907,0
pointer_move,21980895.0806,0.900100000203,0
input_age_ms,21980906.2048,0.000400003045797,0
magnifier_update,21980906.2072,0.881900001317,0
pointer_move,21980906.2055,0.884100001305,0
input_age_ms,21980907.3891,0.000700000673532,0
magnifier_update,21980907.3914,0.216900002211,0
pointer_move,21980907.39,0.218600001186,0
input_age_ms,21980911.142,0.000399999320507,0
magnifier_update,21980911.1443,0.852600000799,0
pointer_move,21980911.1428,0.855000000447,0
input_age_ms,21980922.1299,0.000499997287989,0
magnifier_update,21980922.1321,0.872299998999,0
pointer_move,21980922.1307,0.874400001019,0
input_age_ms,21980923.2668,0.000499997287989,0
magnifier_update,21980923.2699,0.163199998438,0
pointer_move,21980923.2676,0.165800001472,0
input_age_ms,21980927.0028,0.000300001353025,0
magnifier_update,21980927.0047,0.713700000197,0
pointer_move,21980927.0034,0.715299997479,0
input_age_ms,21980937.767,0.000299997627735,0
magnifier_update,21980937.7689,0.687100000679,0
pointer_move,21980937.7676,0.688900001347,0
input_age_ms,21980938.6354,0.000299997627735,0
magnifier_update,21980938.6373,0.152800001204,0
pointer_move,21980938.636,0.154300000519,0
input_age_ms,21980943.2587,0.00120000168681,0
magnifier_update,21980943.2648,0.602099999785,0
pointer_move,21980943.2605,0.606699999422,0
input_age_ms,21980954.9566,0.000300001353025,0
magnifier_update,21980954.9596,0.638199999928,0
pointer_move,21980954.9574,0.640699997544,0
input_age_ms,21980955.7716,9.99979674816e-05,0
magnifier_update,21980955.7726,0.113000001758,0
pointer_move,21980955.7719,0.113900002092,0
input_age_ms,21980958.8591,0.000300001353025,0
magnifier_update,21980958.8606,0.993300002068,0
pointer_move,21980958.8596,0.994600001723,0
input_age_ms,21980967.1359,0.000500001013279,0
magnifier_update,21980967.138,0.791400000453,0
pointer_move,21980967.1367,0.793099999428,0
input_age_ms,21980972.3541,0.000300001353025,0
magnifier_update,21980972.3566,0.146899998188,0
pointer_move,21980972.3549,0.148800000548,0
input_age_ms,21980974.8469,0.000199999660254,0
magnifier_update,21980974.8487,0.515999998897,0
pointer_move,21980974.8473,0.517699997872,0
input_age_ms,21980982.8541,0.000199999660254,0
magnifier_update,21980982.8553,0.546899996698,0
pointer_move,21980982.8545,0.548000000417,0
input_age_ms,21980987.1155,0.000300001353025,0
magnifier_update,21980987.1171,0.158700000495,0
pointer_move,21980987.116,0.160199999809,0
input_age_ms,21980990.7776,0.000199999660254,0
magnifier_update,21980990.7792,0.51099999994,0
pointer_move,21980990.7783,0.512099999934,0
input_age_ms,21980998.8525,0.000300001353025,0
magnifier_update,21980998.8539,0.512699998915,0
pointer_move,21980998.853,0.513900000602,0
input_age_ms,21981004.3827,0.000399999320507,0
magnifier_update,21981004.3845,0.231499999762,0
pointer_move,21981004.3833,0.233400002122,0
input_age_ms,21981110.9289,0.000199999660254,0
magnifier_update,21981110.9308,0.558600001037,0
pointer_move,21981110.9292,0.560499999672,0
input_age_ms,21981120.921,0.000199999660254,15
magnifier_update,21981120.9229,0.573699999601,0
pointer_move,21981120.9219,0.575100000948,0
input_age_ms,21981121.6049,0.000100001692772,0
magnifier_update,21981121.6054,0.106699999422,0
pointer_move,21981121.6051,0.107100002468,0
input_age_ms,21981126.8288,0.000199999660254,0
magnifier_update,21981126.8298,0.554600000381,0
pointer_move,21981126.8292,0.555500000715,0
input_age_ms,21981137.934,0.000399999320507,16
magnifier_update,21981137.9361,0.533400002867,0
pointer_move,21981137.9346,0.53539999947,0
input_age_ms,21981138.7503,0.000299997627735,0
magnifier_update,21981138.7513,0.104899998754,0
pointer_move,21981138.7508,0.10550000146,0
input_age_ms,21981143.1517,0.000199999660254,0
magnifier_update,21981143.1532,0.504900000989,0
pointer_move,21981143.152,0.506400000304,0
input_age_ms,21981154.0303,0.000199999660254,16
magnifier_update,21981154.0316,0.701600000262,0
pointer_move,21981154.0307,0.702700000256,0
input_age_ms,21981154.9647,0.000199999660254,0
magnifier_update,21981154.9655,0.1232999973,0
pointer_move,21981154.965,0.124000001699,0
input_age_ms,21981158.6823,9.99979674816e-05,0
magnifier_update,21981158.683,0.398500002921,0
pointer_move,21981158.6826,0.399000000209,0
input_age_ms,21981167.0068,0.000399999320507,0
magnifier_update,21981167.0086,0.598799999803,0
pointer_move,21981167.0074,0.600500002503,0
input_age_ms,21981170.9092,0.000299997627735,0
magnifier_update,21981170.9109,0.137199997902,0
pointer_move,21981170.9098,0.138500001281,0
input_age_ms,21981174.7989,0.000199999660254,0
magnifier_update,21981174.8,0.476299997419,0
pointer_move,21981174.7993,0.477299999446,0
input_age_ms,21981182.7711,0.000199999660254,16
magnifier_update,21981182.7722,0.43730000034,0
draw_commands,21981183.2501,0.354799997061,0
end_draw,21981183.605,0.254200000316,0
present,21981183.8593,0.0830000005662,0
paint,21981183.2386,0.703899998218,0
pointer_move,21981182.7715,1.20309999958,0
input_age_ms,21981187.0921,0.000200003385544,0
magnifier_update,21981187.0934,0.119599997997,0
pointer_move,21981187.0925,0.120699997991,0
input_age_ms,21981190.7225,0.000199999660254,0
magnifier_update,21981190.7235,0.456700000912,0
pointer_move,21981190.7229,0.457600001246,0
input_age_ms,21981198.8481,0.000199999660254,15
magnifier_update,21981198.8493,0.456900000572,0
pointer_move,21981198.8484,0.458000000566,0
input_age_ms,21981203.6462,0.000199999660254,0
magnifier_update,21981203.6477,0.127000000328,0
pointer_move,21981203.6466,0.128299999982,0
input_age_ms,21981206.8276,0.000199999660254,0
magnifier_update,21981206.8288,0.495900001377,0
pointer_move,21981206.8279,0.497299998999,0
input_age_ms,21981215.0931,0.000199999660254,0
magnifier_update,21981215.0944,0.52650000155,0
pointer_move,21981215.0935,0.527600001544,0
input_age_ms,21981221.4214,0.000399999320507,0
magnifier_update,21981221.4249,0.168099999428,0
pointer_move,21981221.4222,0.17139999941,0
input_age_ms,21981223.2739,0.000400003045797,0
magnifier_update,21981223.2757,0.591299999505,0
pointer_move,21981223.2745,0.592900000513,0
input_age_ms,21981231.3037,0.000199999660254,0
magnifier_update,21981231.3056,0.418300002813,0
pointer_move,21981231.3044,0.419799998403,0
input_age_ms,21981237.902,0.000199999660254,0
magnifier_update,21981237.9033,0.117400001734,0
pointer_move,21981237.9024,0.118500001729,0
input_age_ms,21981238.6683,0.000199999660254,0
magnifier_update,21981238.6692,0.481100000441,0
pointer_move,21981238.6687,0.481800001115,0
input_age_ms,21981246.9891,0.000199999660254,0
magnifier_update,21981246.9905,0.476300001144,0
pointer_move,21981246.9895,0.477399997413,0
input_age_ms,21981254.4001,0.000300001353025,0
magnifier_update,21981254.4021,0.13580000028,0
pointer_move,21981254.4006,0.137499999255,0
input_age_ms,21981255.3668,0.000199999660254,0
magnifier_update,21981255.368,0.461399998516,0
pointer_move,21981255.3673,0.46229999885,0
input_age_ms,21981270.501,0.000600002706051,0
magnifier_update,21981270.5041,0.167100001127,0
pointer_move,21981270.502,0.169700000435,0
input_age_ms,21981462.8478,0.000199999660254,0
magnifier_update,21981462.8495,0.490800000727,0
pointer_move,21981462.8482,0.492300000042,0
input_age_ms,21981471.2833,0.000599998980761,0
magnifier_update,21981471.285,0.548000000417,0
pointer_move,21981471.2841,0.549100000411,0
input_age_ms,21981472.0508,0.000300001353025,0
magnifier_update,21981472.0523,0.108100000769,0
pointer_move,21981472.0517,0.10889999941,0
input_age_ms,21981478.8934,0.000199999660254,0
magnifier_update,21981478.8949,0.506699997932,0
pointer_move,21981478.8938,0.508099999279,0
input_age_ms,21981487.1313,0.000300001353025,0
magnifier_update,21981487.133,0.521099999547,0
pointer_move,21981487.132,0.522399999201,0
input_age_ms,21981487.9643,0.000300001353025,0
magnifier_update,21981487.9657,0.100499998778,0
pointer_move,21981487.9647,0.101700000465,0
input_age_ms,21981494.8754,0.000300001353025,0
magnifier_update,21981494.877,0.531599998474,0
pointer_move,21981494.8759,0.533199999481,0
input_age_ms,21981504.684,0.000300001353025,0
magnifier_update,21981504.6855,0.507399998605,0
pointer_move,21981504.6845,0.508600000292,0
input_age_ms,21981505.5535,0.000300001353025,0
magnifier_update,21981505.5545,0.0995000004768,0
pointer_move,21981505.554,0.100199997425,0
input_age_ms,21981510.8173,0.000199999660254,0
magnifier_update,21981510.8185,0.494599997997,0
pointer_move,21981510.8177,0.495799999684,0
input_age_ms,21981521.7081,0.000300001353025,0
magnifier_update,21981521.7102,0.485500000417,0
pointer_move,21981521.7088,0.487100001425,0
input_age_ms,21981522.5701,0.000100001692772,0
magnifier_update,21981522.5709,0.100899998099,0
pointer_move,21981522.5704,0.101599998772,0
input_age_ms,21981526.8481,0.000300001353025,16
magnifier_update,21981526.8498,0.47329999879,0
pointer_move,21981526.8486,0.474799998105,0
input_age_ms,21981537.3346,0.000299997627735,0
magnifier_update,21981537.3363,0.558899998665,0
pointer_move,21981537.3351,0.560300000012,0
input_age_ms,21981538.2286,0.000300001353025,0
magnifier_update,21981538.2301,0.109400000423,0
pointer_move,21981538.2295,0.110199999064,0
input_age_ms,21981542.8488,0.000199999660254,0
magnifier_update,21981542.85,0.475599996746,0
pointer_move,21981542.8495,0.476300001144,0
input_age_ms,21981554.3477,0.000300001353025,0
magnifier_update,21981554.3493,0.494599997997,0
pointer_move,21981554.3482,0.495799999684,0
input_age_ms,21981555.2364,0.000199999660254,0
magnifier_update,21981555.2372,0.0927000008523,0
pointer_move,21981555.2367,0.0934000015259,0
input_age_ms,21981558.7735,0.000100001692772,0
magnifier_update,21981558.7741,0.418800000101,0
pointer_move,21981558.7737,0.419400002807,0
input_age_ms,21981570.9114,0.000399999320507,0
magnifier_update,21981570.9129,0.509500000626,0
pointer_move,21981570.912,0.51060000062,0
input_age_ms,21981571.5756,0.000300001353025,0
magnifier_update,21981571.5765,0.0965999998152,0
pointer_move,21981571.5761,0.0972000025213,0
input_age_ms,21981574.7856,0.000199999660254,0
magnifier_update,21981574.7867,0.479299999774,0
pointer_move,21981574.786,0.4803000018,0
input_age_ms,21981582.9723,0.000199999660254,0
magnifier_update,21981582.9738,0.57860000059,0
pointer_move,21981582.9727,0.579900000244,0
input_age_ms,21981587.7439,0.000199999660254,0
magnifier_update,21981587.7455,0.144300002605,0
pointer_move,21981587.7444,0.145500000566,0
input_age_ms,21981590.8165,0.000199999660254,0
magnifier_update,21981590.8176,0.486499998719,0
pointer_move,21981590.8168,0.487600002438,0
input_age_ms,21981599.266,0.000399999320507,0
magnifier_update,21981599.2676,0.476599998772,0
pointer_move,21981599.2667,0.477699998766,0
input_age_ms,21981603.5405,0.000300001353025,0
magnifier_update,21981603.5419,0.130599997938,0
pointer_move,21981603.5409,0.131799999624,0
input_age_ms,21981606.7227,0.000199999660254,0
magnifier_update,21981606.7237,0.483399998397,0
pointer_move,21981606.723,0.48429999873,0
input_age_ms,21981614.8488,0.000199999660254,0
magnifier_update,21981614.8506,0.483300000429,0
draw_commands,21981615.5161,0.288399998099,0
end_draw,21981615.8046,0.205499999225,0
present,21981616.0103,0.0742000006139,0
paint,21981615.5058,0.578699998558,0
pointer_move,21981614.8492,1.25410000235,0
input_age_ms,21981620.4013,0.000300001353025,0
magnifier_update,21981620.4025,0.130199998617,0
pointer_move,21981620.4017,0.131699997932,0
input_age_ms,21981622.6997,0.000199999660254,0
magnifier_update,21981622.7008,0.480299998075,0
pointer_move,21981622.7001,0.481399998069,0
input_age_ms,21981630.8181,0.000199999660254,0
magnifier_update,21981630.8194,0.468599997461,0
pointer_move,21981630.8185,0.469699997455,0
input_age_ms,21981637.38,0.000300001353025,0
magnifier_update,21981637.3814,0.124099999666,0
pointer_move,21981637.3805,0.12519999966,0
input_age_ms,21981638.7264,0.000399999320507,0
magnifier_update,21981638.7274,0.486600000411,0
pointer_move,21981638.727,0.48729999736,0
input_age_ms,21981646.8258,0.000199999660254,0
magnifier_update,21981646.8271,0.463999997824,0
pointer_move,21981646.8262,0.465099997818,0
input_age_ms,21981653.6097,0.000199999660254,0
magnifier_update,21981653.6111,0.121500000358,0
pointer_move,21981653.6101,0.122699998319,0
input_age_ms,21981654.6507,0.000100001692772,0
magnifier_update,21981654.6515,0.474899999797,0
pointer_move,21981654.651,0.475600000471,0
input_age_ms,21981662.8456,0.000199999660254,0
magnifier_update,21981662.8468,0.467399999499,0
pointer_move,21981662.846,0.468499999493,0
input_age_ms,21981670.5758,0.000299997627735,0
magnifier_update,21981670.5773,0.1446999982,0
pointer_move,21981670.5763,0.145899999887,0
input_age_ms,21981670.8162,0.000100001692772,0
magnifier_update,21981670.8167,0.443599998951,0
pointer_move,21981670.8164,0.444000001997,0
input_age_ms,21981678.8748,0.000199999660254,0
magnifier_update,21981678.8765,0.471100002527,0
pointer_move,21981678.8752,0.472600001842,0
input_age_ms,21981687.4414,0.000300001353025,0
magnifier_update,21981687.443,0.533599998802,0
pointer_move,21981687.4421,0.534699998796,0
input_age_ms,21981688.2923,0.000199999660254,0
magnifier_update,21981688.2934,0.106100000441,0
pointer_move,21981688.2927,0.107000000775,0
input_age_ms,21981694.8877,0.000300001353025,0
magnifier_update,21981694.8891,0.51099999994,0
pointer_move,21981694.8882,0.512499999255,0
input_age_ms,21981704.2253,0.000399999320507,0
magnifier_update,21981704.2276,0.554699998349,0
pointer_move,21981704.226,0.556499999017,0
input_age_ms,21981705.0975,0.000100001692772,0
magnifier_update,21981705.0984,0.0993999987841,0
pointer_move,21981705.0978,0.100099999458,0
input_age_ms,21981710.9257,0.000299997627735,0
magnifier_update,21981710.9271,0.520700000226,0
pointer_move,21981710.9262,0.521700002253,0
input_age_ms,21981720.9669,0.000500001013279,0
magnifier_update,21981720.9693,0.596099998802,0
pointer_move,21981720.968,0.597900003195,0
input_age_ms,21981721.6788,0,0
magnifier_update,21981721.6795,0.0939000025392,0
pointer_move,21981721.679,0.0944999977946,0
input_age_ms,21981726.9256,0.000199999660254,0
magnifier_update,21981726.9272,0.55150000006,0
pointer_move,21981726.9261,0.552899997681,0
input_age_ms,21981737.1899,0.000300001353025,0
magnifier_update,21981737.1912,0.51080000028,0
pointer_move,21981737.1903,0.511900000274,0
input_age_ms,21981738.0962,9.99979674816e-05,0
magnifier_update,21981738.0969,0.0944999977946,0
pointer_move,21981738.0964,0.0951999984682,0
input_age_ms,21981742.8203,0.000199999660254,0
magnifier_update,21981742.822,0.475400000811,0
pointer_move,21981742.8207,0.476999998093,0
input_age_ms,21981754.2316,0.000399999320507,0
magnifier_update,21981754.2336,0.480099998415,0
pointer_move,21981754.2324,0.481899999082,0
input_age_ms,21981756.199,0.000299997627735,0
magnifier_update,21981756.201,0.13580000028,0
pointer_move,21981756.1998,0.137200001627,0
input_age_ms,21981758.8397,0.000199999660254,0
magnifier_update,21981758.8407,0.463899999857,0
pointer_move,21981758.8401,0.464699998498,0
input_age_ms,21981767.05,0.000299997627735,0
magnifier_update,21981767.0522,0.855499997735,0
pointer_move,21981767.0506,0.857900001109,0
input_age_ms,21981770.6966,0.000399999320507,0
magnifier_update,21981770.6984,0.119400002062,0
pointer_move,21981770.6972,0.120900001377,0
input_age_ms,21981774.7421,0.000199999660254,0
magnifier_update,21981774.7431,0.471700001508,0
pointer_move,21981774.7425,0.472600001842,0
input_age_ms,21981782.7596,0.000100001692772,0
magnifier_update,21981782.7604,0.393699999899,0
pointer_move,21981782.7599,0.394400000572,0
input_age_ms,21981787.3437,0.000199999660254,0
magnifier_update,21981787.3452,0.123100001365,0
pointer_move,21981787.3441,0.124400001019,0
input_age_ms,21981790.8558,0.000300001353025,0
magnifier_update,21981790.8568,0.471200000495,0
pointer_move,21981790.8563,0.471900001168,0
input_age_ms,21981798.7545,9.99979674816e-05,0
magnifier_update,21981798.7553,0.373399998993,0
pointer_move,21981798.7548,0.374000001699,0
input_age_ms,21981804.1239,0.000300001353025,0
magnifier_update,21981804.1256,0.120900001377,0
pointer_move,21981804.1247,0.122100003064,0
input_age_ms,21981806.7698,0.000199999660254,0
magnifier_update,21981806.7708,0.473000001162,0
pointer_move,21981806.7702,0.474300000817,0
input_age_ms,21981816.8065,0.000399999320507,0
magnifier_update,21981816.809,0.618799999356,0
pointer_move,21981816.8073,0.620999999344,0
input_age_ms,21981820.4608,0.000199999660254,0
magnifier_update,21981820.4624,0.114999998361,0
pointer_move,21981820.4611,0.116499997675,0
input_age_ms,21981822.7562,0.000199999660254,0
magnifier_update,21981822.7569,0.443299997598,0
pointer_move,21981822.7565,0.443900000304,0
input_age_ms,21981832.2011,0.000199999660254,0
magnifier_update,21981832.2023,0.425499998033,0
pointer_move,21981832.2015,0.426400002092,0
input_age_ms,21981837.1208,0.000199999660254,0
magnifier_update,21981837.1221,0.120400000364,0
pointer_move,21981837.1212,0.121500000358,0
input_age_ms,21981838.8031,0.000199999660254,0
magnifier_update,21981838.804,0.448799997568,0
pointer_move,21981838.8035,0.449699997902,0
input_age_ms,21981848.298,0.000300001353025,0
magnifier_update,21981848.2995,0.470499999821,0
pointer_move,21981848.2986,0.471500001848,0
input_age_ms,21981853.893,0.000199999660254,0
magnifier_update,21981853.8945,0.118599999696,0
pointer_move,21981853.8934,0.119900003076,0
input_age_ms,21981854.6585,9.99979674816e-05,0
magnifier_update,21981854.6594,0.454099997878,0
pointer_move,21981854.6588,0.454900000244,0
input_age_ms,21981864.049,0.000199999660254,0
magnifier_update,21981864.0502,0.33729999885,0
pointer_move,21981864.0494,0.338299997151,0
input_age_ms,21981870.6191,0.000299997627735,0
magnifier_update,21981870.6212,0.127300001681,0
pointer_move,21981870.6196,0.12899999693,0
input_age_ms,21981870.8755,9.99979674816e-05,0
magnifier_update,21981870.8761,0.467900000513,0
pointer_move,21981870.8757,0.468499999493,0
input_age_ms,21981879.9895,0.000199999660254,0
magnifier_update,21981879.9907,0.471400000155,0
pointer_move,21981879.9899,0.472300000489,0
input_age_ms,21981887.1274,0.000399999320507,0
magnifier_update,21981887.1298,0.559500001371,0
pointer_move,21981887.1286,0.560899998993,0
input_age_ms,21981887.9806,0.000399999320507,0
magnifier_update,21981887.9819,0.120100002736,0
pointer_move,21981887.9812,0.12100000307,0
input_age_ms,21981895.401,0.000199999660254,0
magnifier_update,21981895.4025,0.497299998999,0
pointer_move,21981895.4017,0.4982999973,0
input_age_ms,21981904.0813,0.000199999660254,0
magnifier_update,21981904.0826,0.502699997276,0
pointer_move,21981904.0817,0.503699999303,0
input_age_ms,21981904.8814,0.000199999660254,0
magnifier_update,21981904.8824,0.0969000011683,0
pointer_move,21981904.8818,0.0976999998093,0
input_age_ms,21981911.4657,0.000199999660254,0
magnifier_update,21981911.4672,0.478000000119,0
pointer_move,21981911.4661,0.479299999774,0
input_age_ms,21981927.8786,0.000699996948242,0
magnifier_update,21981927.8826,1.21080000326,0
pointer_move,21981927.8804,1.2137000002,0
input_age_ms,21981930.2803,0.000600002706051,0
magnifier_update,21981930.2835,0.763399999589,0
pointer_move,21981930.2818,0.765699997544,0
input_age_ms,21981939.1772,0.000500001013279,0
magnifier_update,21981939.18,0.816399998963,0
pointer_move,21981939.1787,0.818100001663,0
input_age_ms,21981940.5366,0.000399999320507,0
magnifier_update,21981940.5387,0.862500000745,0
pointer_move,21981940.5374,0.86439999938,0
input_age_ms,21981942.982,0.000199999660254,0
magnifier_update,21981942.9833,0.656500000507,0
pointer_move,21981942.9825,0.657599996775,0
input_age_ms,21981954.4601,0.000399999320507,0
magnifier_update,21981954.4619,0.617499999702,0
pointer_move,21981954.4607,0.618999999017,0
input_age_ms,21981955.5264,0.000199999660254,0
magnifier_update,21981955.5275,0.128400001675,0
pointer_move,21981955.5268,0.129300002009,0
input_age_ms,21981958.8491,0.000199999660254,0
magnifier_update,21981958.8502,0.465700000525,0
pointer_move,21981958.8495,0.466600000858,0
input_age_ms,21981967.0132,0.000300001353025,0
magnifier_update,21981967.0151,0.586200002581,0
pointer_move,21981967.0137,0.588099997491,0
input_age_ms,21981970.5881,0.000299997627735,0
magnifier_update,21981970.5895,0.120999999344,0
pointer_move,21981970.5886,0.122100003064,0
input_age_ms,21981974.9628,0.000199999660254,0
magnifier_update,21981974.9642,0.486099999398,0
pointer_move,21981974.9632,0.487300001085,0
input_age_ms,21981982.7795,9.99979674816e-05,0
magnifier_update,21981982.7802,0.378800000995,0
pointer_move,21981982.7798,0.379399999976,0
input_age_ms,21981988.7867,0.000199999660254,0
magnifier_update,21981988.7883,0.205200001597,0
pointer_move,21981988.7871,0.206700000912,0
input_age_ms,21981990.7884,0.000199999660254,0
magnifier_update,21981990.7894,0.461500000209,0
pointer_move,21981990.7888,0.462199997157,0
input_age_ms,21981998.8639,0.000200003385544,0
magnifier_update,21981998.8646,0.390500001609,0
pointer_move,21981998.8642,0.39110000059,0
input_age_ms,21982004.6214,0.000400003045797,0
magnifier_update,21982004.6232,0.143100000918,0
pointer_move,21982004.622,0.14449999854,0
input_age_ms,21982006.904,0.000199999660254,0
magnifier_update,21982006.9051,0.4803000018,0
pointer_move,21982006.9044,0.481499999762,0
input_age_ms,21982014.8306,9.99979674816e-05,0
magnifier_update,21982014.8314,0.370299998671,0
pointer_move,21982014.8309,0.37100000307,0
input_age_ms,21982021.1049,0.000199999660254,0
magnifier_update,21982021.1064,0.132199998945,0
pointer_move,21982021.1054,0.133400000632,0
input_age_ms,21982022.8262,0.000199999660254,0
magnifier_update,21982022.8273,0.478700000793,0
pointer_move,21982022.8266,0.479899998754,0
input_age_ms,21982030.8286,9.99979674816e-05,0
magnifier_update,21982030.8294,0.378000002354,0
pointer_move,21982030.8289,0.378700003028,0
input_age_ms,21982037.4197,0.000199999660254,0
magnifier_update,21982037.4214,0.123900000006,0
pointer_move,21982037.4201,0.125399999321,0
input_age_ms,21982038.724,0.000199999660254,0
magnifier_update,21982038.7249,0.459300000221,0
pointer_move,21982038.7244,0.460100002587,0
input_age_ms,21982046.743,9.99979674816e-05,0
magnifier_update,21982046.7437,0.377399999648,0
pointer_move,21982046.7432,0.378100000322,0
input_age_ms,21982054.2529,0.000199999660254,0
magnifier_update,21982054.2543,0.127199999988,0
pointer_move,21982054.2533,0.128400001675,0
input_age_ms,21982054.9499,0.000399999320507,0
magnifier_update,21982054.9511,0.473300002515,0
pointer_move,21982054.9505,0.474100001156,0
input_age_ms,21982062.8667,0.000199999660254,0
magnifier_update,21982062.8681,0.406700000167,0
pointer_move,21982062.8675,0.407499998808,0
input_age_ms,21982070.6321,0.000299997627735,0
magnifier_update,21982070.6336,0.120299998671,0
pointer_move,21982070.6326,0.121500000358,0
input_age_ms,21982070.8356,0.000100001692772,0
magnifier_update,21982070.836,0.461400002241,0
pointer_move,21982070.8358,0.461800001562,0
input_age_ms,21982078.7935,0.000199999660254,0
magnifier_update,21982078.7946,0.450600001961,0
pointer_move,21982078.794,0.451400000602,0
input_age_ms,21982087.5069,0.000299997627735,0
magnifier_update,21982087.5082,0.524700000882,0
pointer_move,21982087.5074,0.525700002909,0
input_age_ms,21982088.3852,0.000199999660254,0
magnifier_update,21982088.3861,0.0949999988079,0
pointer_move,21982088.3856,0.0955999977887,0
input_age_ms,21982094.8526,0.000299997627735,0
magnifier_update,21982094.8536,0.443800002337,0
pointer_move,21982094.8531,0.444499999285,0
input_age_ms,21982104.0199,0.000299997627735,0
magnifier_update,21982104.0213,0.497999999672,0
pointer_move,21982104.0204,0.499099999666,0
input_age_ms,21982104.9246,0.000199999660254,0
magnifier_update,21982104.9254,0.0916000008583,0
pointer_move,21982104.9249,0.0923000015318,0
input_age_ms,21982110.7574,0.000199999660254,0
magnifier_update,21982110.7582,0.404699999839,0
pointer_move,21982110.7577,0.405400000513,0
input_age_ms,21982120.9246,0.000299997627735,15
magnifier_update,21982120.9259,0.510499998927,0
pointer_move,21982120.9251,0.511400002986,0
input_age_ms,21982121.7603,0.000300001353025,0
magnifier_update,21982121.7612,0.096400000155,0
pointer_move,21982121.7607,0.097000002861,0
input_age_ms,21982126.7887,0.000199999660254,0
magnifier_update,21982126.7902,0.444299999624,0
pointer_move,21982126.7896,0.445100001991,0
input_age_ms,21982137.5222,0.000199999660254,16
magnifier_update,21982137.5236,0.514299999923,0
pointer_move,21982137.5226,0.515599999577,0
input_age_ms,21982138.1389,9.99979674816e-05,0
magnifier_update,21982138.1394,0.0905999988317,0
pointer_move,21982138.1391,0.0909999981523,0
input_age_ms,21982142.761,0.000300001353025,0
magnifier_update,21982142.7624,0.499099999666,0
pointer_move,21982142.7615,0.50019999966,0
input_age_ms,21982154.2931,0.000399999320507,16
magnifier_update,21982154.2953,0.512299999595,0
pointer_move,21982154.2942,0.513599999249,0
input_age_ms,21982154.9015,9.99979674816e-05,0
magnifier_update,21982154.902,0.0888999998569,0
pointer_move,21982154.9017,0.0892999991775,0
input_age_ms,21982160.1596,0.000399999320507,0
magnifier_update,21982160.1614,0.47309999913,0
pointer_move,21982160.1602,0.474500000477,0
input_age_ms,21982167.9263,0.000700000673532,15
magnifier_update,21982167.9306,1.83590000123,0
pointer_move,21982167.928,1.8403000012,0
input_age_ms,21982177.0641,0.000599998980761,0
magnifier_update,21982177.0671,1.33100000024,0
pointer_move,21982177.0653,1.33359999955,0
input_age_ms,21982179.3787,0.000599998980761,0
magnifier_update,21982179.3824,0.330700002611,0
pointer_move,21982179.3801,0.333499997854,0
input_age_ms,21982183.1797,0.000300001353025,16
magnifier_update,21982183.1817,1.07970000058,0
pointer_move,21982183.1804,1.08240000159,0
input_age_ms,21982191.8099,0.000399999320507,0
magnifier_update,21982191.8114,0.140399999917,0
pointer_move,21982191.8105,0.141499999911,0
input_age_ms,21982192.4068,0.000199999660254,0
magnifier_update,21982192.4075,0.462900001556,0
pointer_move,21982192.4071,0.463600002229,0
input_age_ms,21982198.8224,0.000199999660254,0
magnifier_update,21982198.8231,0.392599999905,0
pointer_move,21982198.8227,0.393199998885,0
input_age_ms,21982204.6148,0.000199999660254,0
magnifier_update,21982204.6167,0.531700000167,0
pointer_move,21982204.6153,0.534000001848,0
input_age_ms,21982207.3281,0.000300001353025,0
magnifier_update,21982207.3299,0.556699998677,0
pointer_move,21982207.3287,0.558299999684,0
input_age_ms,21982216.6691,0.000399999320507,16
magnifier_update,21982216.6708,1.06120000035,0
pointer_move,21982216.6697,1.0634999983,0
input_age_ms,21982223.6489,0.000400003045797,0
magnifier_update,21982223.651,0.501699998975,0
pointer_move,21982223.6496,0.503899998963,0
input_age_ms,21982224.5586,0.000299997627735,0
magnifier_update,21982224.5603,0.121100001037,0
pointer_move,21982224.5594,0.122099999338,0
input_age_ms,21982231.3972,0.000199999660254,0
magnifier_update,21982231.3989,0.417000003159,0
pointer_move,21982231.3976,0.418700002134,0
input_age_ms,21982238.1077,0.000399999320507,0
magnifier_update,21982238.1097,0.278999999166,0
pointer_move,21982238.1084,0.280700001866,0
input_age_ms,21982239.0238,0.000199999660254,0
magnifier_update,21982239.0252,0.635900001973,0
pointer_move,21982239.0242,0.637099999934,0
input_age_ms,21982254.5262,0.000300001353025,0
magnifier_update,21982254.5288,0.180800002068,0
pointer_move,21982254.5273,0.182599999011,0
input_age_ms,21982335.049,0.000400003045797,0
magnifier_update,21982335.0518,0.764100000262,0
pointer_move,21982335.05,0.766399998218,0
input_age_ms,21982342.9619,0.000199999660254,0
magnifier_update,21982342.9633,0.498500000685,0
pointer_move,21982342.9623,0.49980000034,0
input_age_ms,21982354.173,0.000300001353025,0
magnifier_update,21982354.1744,0.496899999678,0
pointer_move,21982354.1735,0.49809999764,0
input_age_ms,21982354.7619,9.99979674816e-05,0
magnifier_update,21982354.7623,0.0877000018954,0
pointer_move,21982354.7621,0.0879999995232,0
input_age_ms,21982358.7628,9.99979674816e-05,0
magnifier_update,21982358.7636,0.384399998933,0
pointer_move,21982358.7631,0.385100003332,0
input_age_ms,21982367.0702,0.000399999320507,0
magnifier_update,21982367.074,0.567099999636,0
pointer_move,21982367.0709,0.570900000632,0
input_age_ms,21982370.8039,0.000199999660254,0
magnifier_update,21982370.8056,0.115200001746,0
pointer_move,21982370.8047,0.11630000174,0
input_age_ms,21982382.9574,0.000199999660254,0
magnifier_update,21982382.9586,0.59490000084,0
pointer_move,21982382.9578,0.596200000495,0
input_age_ms,21982387.3966,0.000199999660254,0
magnifier_update,21982387.398,0.120500002056,0
pointer_move,21982387.397,0.121700000018,0
input_age_ms,21982403.5232,0.000199999660254,0
magnifier_update,21982403.5246,0.147500000894,0
pointer_move,21982403.5236,0.148699998856,0
input_age_ms,21982455.0809,0.000400003045797,0
magnifier_update,21982455.0827,0.819499999285,0
pointer_move,21982455.0815,0.821100000292,0
input_age_ms,21982463.0538,0.000299997627735,0
magnifier_update,21982463.0551,0.601599998772,0
pointer_move,21982463.0543,0.602800000459,0
input_age_ms,21982471.5994,0.000400003045797,0
magnifier_update,21982471.6012,0.75,0
pointer_move,21982471.6002,0.751399997622,0
input_age_ms,21982472.7422,0.000400003045797,0
magnifier_update,21982472.7439,0.17709999904,0
pointer_move,21982472.7428,0.178500000387,0
input_age_ms,21982479.0375,0.000199999660254,0
magnifier_update,21982479.0393,0.657700002193,0
pointer_move,21982479.038,0.659400001168,0
input_age_ms,21982487.3901,0.000300001353025,0
magnifier_update,21982487.392,0.517999999225,0
pointer_move,21982487.3906,0.519500002265,0
input_age_ms,21982488.2643,0.000100001692772,0
magnifier_update,21982488.265,0.0953999981284,0
pointer_move,21982488.2646,0.0958999991417,0
input_age_ms,21982494.8441,0.000200003385544,0
magnifier_update,21982494.8453,0.478300001472,0
pointer_move,21982494.8444,0.479400001466,0
input_age_ms,21982504.1484,0.000299997627735,0
magnifier_update,21982504.1504,0.704299997538,0
pointer_move,21982504.1491,0.706000000238,0
input_age_ms,21982505.2986,0.000300001353025,0
magnifier_update,21982505.3005,0.114099998027,0
pointer_move,21982505.2991,0.115699999034,0
input_age_ms,21982510.9038,0.000199999660254,0
magnifier_update,21982510.9051,0.490499999374,0
pointer_move,21982510.9042,0.491599999368,0
input_age_ms,21982520.8426,0.000399999320507,0
magnifier_update,21982520.8444,0.547600001097,0
pointer_move,21982520.8432,0.549000002444,0
input_age_ms,21982521.8306,0.000199999660254,0
magnifier_update,21982521.832,0.0965999998152,0
pointer_move,21982521.8314,0.0974000021815,0
input_age_ms,21982526.8277,0.000199999660254,0
magnifier_update,21982526.8285,0.409800000489,0
draw_commands,21982527.3789,0.287399999797,0
end_draw,21982527.6663,0.206800002605,0
present,21982527.8732,0.0626000016928,0
paint,21982527.3697,0.566199999303,0
pointer_move,21982526.828,1.12379999831,0
input_age_ms,21982537.6271,0.000300001353025,0
magnifier_update,21982537.6289,0.501600001007,0
pointer_move,21982537.628,0.502800002694,0
input_age_ms,21982538.2291,0,0
magnifier_update,21982538.2298,0.0905999988317,0
pointer_move,21982538.2292,0.0912999995053,0
input_age_ms,21982542.8566,0.000199999660254,0
magnifier_update,21982542.8578,0.450600001961,0
pointer_move,21982542.8573,0.451400000602,0
input_age_ms,21982554.2088,0.000599998980761,0
magnifier_update,21982554.2109,0.54659999907,0
pointer_move,21982554.2097,0.548200000077,0
input_age_ms,21982555.1434,0.000199999660254,0
magnifier_update,21982555.1443,0.107200000435,0
pointer_move,21982555.1438,0.107899997383,0
input_age_ms,21982558.8267,0.000200003385544,0
magnifier_update,21982558.8274,0.467399999499,0
pointer_move,21982558.827,0.468000002205,0
input_age_ms,21982567.0904,0.000399999320507,0
magnifier_update,21982567.0928,0.612400002778,0
pointer_move,21982567.0912,0.61439999938,0
input_age_ms,21982570.7964,0.000199999660254,0
magnifier_update,21982570.7983,0.118599999696,0
pointer_move,21982570.7968,0.120400000364,0
input_age_ms,21982574.7551,0.000199999660254,0
magnifier_update,21982574.756,0.46990000084,0
pointer_move,21982574.7555,0.470899999142,0
input_age_ms,21982582.9095,0.000199999660254,0
magnifier_update,21982582.9111,0.45360000059,0
pointer_move,21982582.9099,0.454900000244,0
input_age_ms,21982587.5144,0.000299997627735,0
magnifier_update,21982587.516,0.131100002676,0
pointer_move,21982587.5149,0.132400002331,0
input_age_ms,21982590.7884,0.000199999660254,0
magnifier_update,21982590.7895,0.486099999398,0
pointer_move,21982590.7888,0.487099997699,0
input_age_ms,21982599.8246,0.000700000673532,0
magnifier_update,21982599.8283,1.61390000209,0
pointer_move,21982599.8259,1.61769999936,0
input_age_ms,21982610.7508,0.000800002366304,0
magnifier_update,21982610.7548,1.2041000016,0
pointer_move,21982610.7527,1.20679999888,0
input_age_ms,21982613.0415,0.000600002706051,0
magnifier_update,21982613.0442,0.272900000215,0
pointer_move,21982613.0427,0.274900000542,0
input_age_ms,21982615.2389,0.000400003045797,0
magnifier_update,21982615.2407,0.925700001419,0
pointer_move,21982615.2397,0.92709999904,0
input_age_ms,21982622.139,0.000300001353025,0
magnifier_update,21982622.141,0.177700001746,0
pointer_move,21982622.1395,0.179600000381,0
input_age_ms,21982622.8305,0.000199999660254,0
magnifier_update,21982622.8315,0.673200000077,0
pointer_move,21982622.8309,0.674200002104,0
input_age_ms,21982630.9419,0.000199999660254,0
magnifier_update,21982630.9431,0.467099998146,0
pointer_move,21982630.9423,0.468200001866,0
input_age_ms,21982637.5033,0.000300001353025,0
magnifier_update,21982637.5058,0.123799998313,0
pointer_move,21982637.504,0.125700000674,0
input_age_ms,21982638.8192,0.000199999660254,0
magnifier_update,21982638.82,0.46779999882,0
pointer_move,21982638.8196,0.468399997801,0
input_age_ms,21982653.8243,0.000199999660254,0
magnifier_update,21982653.8258,0.121499996632,0
pointer_move,21982653.8248,0.122700002044,0
input_age_ms,21982919.0976,0.000299997627735,0
magnifier_update,21982919.099,0.520500000566,0
pointer_move,21982919.0981,0.52160000056,0
input_age_ms,21982928.2532,0.000700000673532,0
magnifier_update,21982928.2572,1.71980000287,0
pointer_move,21982928.2547,1.72309999913,0
input_age_ms,21982942.3067,0.000500001013279,0
magnifier_update,21982942.3095,0.993499998003,0
pointer_move,21982942.308,0.995500002056,0
input_age_ms,21982943.8897,0.000399999320507,0
magnifier_update,21982943.892,0.233999997377,0
pointer_move,21982943.8905,0.235899999738,0
input_age_ms,21982955.2558,0.000399999320507,0
magnifier_update,21982955.2576,0.821000002325,0
pointer_move,21982955.2565,0.822500001639,0
input_age_ms,21982956.5859,0.000299997627735,0
magnifier_update,21982956.5875,0.184000000358,0
pointer_move,21982956.5867,0.184999998659,0
input_age_ms,21982971.8464,0.000500001013279,0
magnifier_update,21982971.8492,0.508700001985,0
pointer_move,21982971.8476,0.51099999994,0
draw_commands,21983090.2339,0.316199999303,0
end_draw,21983090.5503,0.216400001198,1
present,21983090.7668,0.0865999981761,1
paint,21983090.2219,0.631599999964,1
input_age_ms,21983103.8654,0.000299997627735,0
draw_commands,21983103.9208,0.306899998337,0
end_draw,21983104.2278,0.250099997967,1
present,21983104.478,0.0745999999344,1
paint,21983103.9084,0.644400000572,1
pointer_move,21983103.8659,0.707499999553,1
draw_commands,21983167.3777,0.383099999279,0
end_draw,21983167.761,0.294399999082,1
present,21983168.0556,0.0852000005543,1
paint,21983167.3597,0.781299997121,1
pointer_move,21983167.2887,0.883700001985,1
frame_deferred,21983169.162,0.000399999320507,0
paint,21983169.1601,0.00259999930859,2
draw_commands,21983183.6133,0.549699999392,0
end_draw,21983184.1631,3.34329999983,2
present,21983187.5066,0.0661999993026,2
paint,21983183.6006,3.97239999846,2
input_age_ms,21983187.8683,0.000100001692772,0
pointer_move,21983187.8687,0.00709999725223,2
frame_deferred,21983187.9183,0,0
paint,21983187.9165,0.00190000236034,2
draw_commands,21983217.1647,0.833799999207,0
end_draw,21983217.9988,0.555900000036,2
present,21983218.5548,0.267299998552,2
paint,21983217.152,1.6705000028,2
input_age_ms,21983246.8397,0.000199999660254,0
pointer_move,21983246.8401,0.00569999963045,2
draw_commands,21983246.8886,0.425300002098,0
end_draw,21983247.314,0.421700000763,2
present,21983247.7358,0.0708999969065,2
paint,21983246.8782,0.92860000208,2
input_age_ms,21983263.1063,0.000199999660254,0
pointer_move,21983263.1067,0.00470000132918,2
draw_commands,21983263.1552,0.430399999022,0
end_draw,21983263.5856,0.435800001025,2
present,21983264.0215,0.0661000013351,2
paint,21983263.1452,0.942499998957,2
input_age_ms,21983270.9173,0.000199999660254,0
pointer_move,21983270.9177,0.00560000166297,2
draw_commands,21983271.0315,0.412299998105,0
end_draw,21983271.4439,0.409299999475,2
present,21983271.8533,0.0574999973178,2
paint,21983271.0216,0.889299999923,2
input_age_ms,21983279.2274,9.99979674816e-05,0
pointer_move,21983279.2277,0.0054999999702,2
frame_deferred,21983279.2875,9.99979674816e-05,0
paint,21983279.2857,0.00209999829531,2
draw_commands,21983283.5738,0.562999997288,0
end_draw,21983284.1369,0.673599999398,2
present,21983284.8108,0.0962000004947,2
paint,21983283.564,1.34329999983,2
input_age_ms,21983286.9026,0.000199999660254,0
pointer_move,21983286.9034,0.00510000064969,2
frame_deferred,21983286.9462,0,0
paint,21983286.9441,0.00219999998808,2
input_age_ms,21983294.9148,0.000100001692772,0
pointer_move,21983294.9151,0.00479999929667,2
frame_deferred,21983294.9559,0.000100001692772,0
paint,21983294.9542,0.00180000066757,2
draw_commands,21983300.4051,0.618300002068,0
end_draw,21983301.0235,0.481800001115,2
present,21983301.5054,0.0686000026762,2
paint,21983300.3848,1.18950000033,2
input_age_ms,21983303.029,0.000399999320507,0
pointer_move,21983303.0295,0.00829999893904,2
frame_deferred,21983303.1367,0.000199999660254,0
paint,21983303.1348,0.00219999998808,2
input_age_ms,21983314.8309,0.000199999660254,0
pointer_move,21983314.8314,0.0784999988973,2
frame_deferred,21983315.1937,9.99979674816e-05,0
paint,21983315.1917,0.00229999795556,2
draw_commands,21983316.8808,0.543899998069,0
end_draw,21983317.4251,0.504700001329,2
present,21983317.9299,0.0980999991298,2
paint,21983316.871,1.15720000118,2
input_age_ms,21983319.0674,0.000299997627735,0
pointer_move,21983319.0679,0.0076000019908,2
frame_deferred,21983319.1292,0,0
paint,21983319.1268,0.00259999930859,2
input_age_ms,21983328.0831,0.000300001353025,0
pointer_move,21983328.0836,0.00879999995232,2
frame_deferred,21983328.1807,9.99979674816e-05,0
paint,21983328.1788,0.00219999998808,2
draw_commands,21983333.6393,0.539200000465,0
end_draw,21983334.1786,0.478000000119,2
present,21983334.6568,0.113499999046,2
paint,21983333.6263,1.14429999888,2
input_age_ms,21983334.985,0.000100001692772,0
pointer_move,21983334.9853,0.00629999861121,2
frame_deferred,21983335.0305,0,0
paint,21983335.0286,0.00200000032783,2
input_age_ms,21983344.3637,0.000199999660254,0
pointer_move,21983344.3642,0.00730000063777,2
frame_deferred,21983344.4876,0.000199999660254,0
paint,21983344.4856,0.00240000337362,2
draw_commands,21983350.4088,0.551100000739,0
end_draw,21983350.96,0.502999998629,2
present,21983351.4632,0.0879999995232,2
paint,21983350.3966,1.15479999781,2
input_age_ms,21983351.854,0.000200003385544,0
pointer_move,21983351.8544,0.00640000030398,2
frame_deferred,21983351.9148,0.000100001692772,0
paint,21983351.9122,0.00279999896884,2
input_age_ms,21983361.0226,0.000300001353025,0
pointer_move,21983361.0232,0.0296999998391,2
frame_deferred,21983361.1366,0.000100001692772,0
paint,21983361.135,0.00189999863505,2
input_age_ms,21983366.9483,0.000199999660254,0
pointer_move,21983366.9487,0.021099999547,2
draw_commands,21983367.0699,0.549800001085,0
end_draw,21983367.6198,0.478099998087,2
present,21983368.098,0.0885999985039,2
paint,21983367.0558,1.13100000098,2
input_age_ms,21983376.357,0.000299997627735,0
pointer_move,21983376.3575,0.00629999861121,2
frame_deferred,21983376.4219,0.000199999660254,0
paint,21983376.4199,0.0025000013411,2
input_age_ms,21983382.8734,0.000100001692772,0
pointer_move,21983382.8737,0.00459999963641,2
frame_deferred,21983382.9139,0,0
paint,21983382.9123,0.0016999989748,2
draw_commands,21983383.4454,0.517599999905,0
end_draw,21983383.9739,0.494199998677,2
present,21983384.4683,0.0962000004947,2
paint,21983383.4332,1.13149999827,2
input_age_ms,21983392.1476,0.000300001353025,0
pointer_move,21983392.1482,0.149000000209,2
frame_deferred,21983392.7185,0.000100001692772,0
paint,21983392.7165,0.00230000168085,2
input_age_ms,21983398.9624,0.000199999660254,0
pointer_move,21983398.9628,0.00530000030994,2
frame_deferred,21983399.0049,9.99979674816e-05,0
paint,21983399.0034,0.00159999728203,2
draw_commands,21983400.2252,0.526299998164,0
end_draw,21983400.7516,0.48919999972,2
present,21983401.2414,0.0925000011921,2
paint,21983400.2137,1.12060000002,2
input_age_ms,21983408.5247,0.000299997627735,0
pointer_move,21983408.5252,0.00680000334978,2
frame_deferred,21983408.5909,9.99979674816e-05,0
paint,21983408.5885,0.00270000100136,2
input_age_ms,21983415.7895,0.000499997287989,0
pointer_move,21983415.7905,0.0159000009298,2
frame_deferred,21983415.9492,0.000299997627735,0
paint,21983415.9438,0.00600000098348,2
draw_commands,21983417.5968,1.8674999997,0
end_draw,21983419.465,1.81819999963,2
present,21983421.2838,0.393600001931,2
paint,21983417.5753,4.10269999877,2
input_age_ms,21983426.2629,0.000800002366304,0
pointer_move,21983426.2645,0.0516999997199,2
frame_deferred,21983426.6833,0.000700000673532,0
paint,21983426.6754,0.00919999927282,2
input_age_ms,21983431.9051,0.000399999320507,0
pointer_move,21983431.906,0.0133999995887,2
frame_deferred,21983432.0283,0.000199999660254,0
paint,21983432.0235,0.00510000064969,2
draw_commands,21983433.8588,1.34649999812,0
end_draw,21983435.2061,1.29720000178,2
present,21983436.5037,0.214299999177,2
paint,21983433.8406,2.87780000269,2
input_age_ms,21983441.844,0.000399999320507,0
pointer_move,21983441.8448,0.0144999995828,2
frame_deferred,21983442.0045,0.000199999660254,0
paint,21983442.0023,0.00259999930859,2
input_age_ms,21983446.843,0.000100001692772,0
pointer_move,21983446.8432,0.00360000133514,2
frame_deferred,21983446.8787,0.000100001692772,0
paint,21983446.8775,0.00129999965429,2
draw_commands,21983450.1106,0.489700000733,0
end_draw,21983450.6004,0.493999999017,2
present,21983451.0946,0.0952000021935,2
paint,21983450.0993,1.09070000052,2
input_age_ms,21983454.9757,0.000200003385544,0
pointer_move,21983454.9762,0.00620000064373,2
frame_deferred,21983455.0246,0.000100001692772,0
paint,21983455.0218,0.00299999862909,2
input_age_ms,21983462.8167,9.99979674816e-05,0
pointer_move,21983462.8169,0.0038000009954,2
frame_deferred,21983462.8518,0.000100001692772,0
paint,21983462.8507,0.00120000168681,2
draw_commands,21983466.8846,0.799300000072,0
end_draw,21983467.6841,0.52670000121,2
present,21983468.211,0.1035999991,2
paint,21983466.8746,1.44040000066,2
input_age_ms,21983470.9845,0.000200003385544,0
pointer_move,21983470.985,0.00620000064373,2
frame_deferred,21983471.0334,0.000100001692772,0
paint,21983471.0312,0.00239999964833,2
input_age_ms,21983479.0178,0.000199999660254,0
pointer_move,21983479.0182,0.00610000267625,2
frame_deferred,21983479.0652,9.99979674816e-05,0
paint,21983479.0635,0.00180000066757,2
draw_commands,21983483.6971,0.532300002873,0
end_draw,21983484.2298,0.500700000674,2
present,21983484.731,0.100099999458,2
paint,21983483.6855,1.14589999989,2
input_age_ms,21983487.0988,0.000500001013279,0
pointer_move,21983487.0995,0.00829999893904,2
frame_deferred,21983487.1635,0.000100001692772,0
paint,21983487.1594,0.00429999828339,2
input_age_ms,21983494.9795,0.000199999660254,0
pointer_move,21983494.9799,0.005900003016,2
frame_deferred,21983495.0258,9.99979674816e-05,0
paint,21983495.0237,0.00230000168085,2
draw_commands,21983500.2503,0.516999997199,0
end_draw,21983500.7676,0.473700001836,2
present,21983501.2414,0.0914999991655,2
paint,21983500.2396,1.09349999949,2
input_age_ms,21983503.0733,0.000500001013279,0
pointer_move,21983503.0741,0.00740000233054,2
frame_deferred,21983503.1339,9.99979674816e-05,0
paint,21983503.1313,0.00270000100136,2
input_age_ms,21983510.9223,0.000199999660254,16
pointer_move,21983510.9227,0.00670000165701,2
frame_deferred,21983510.9743,0,0
paint,21983510.9724,0.00200000032783,2
draw_commands,21983516.9818,0.534299999475,0
end_draw,21983517.5164,0.491500001401,2
present,21983518.0083,0.107200000435,2
paint,21983516.9707,1.14499999955,2
input_age_ms,21983519.0731,0.000299997627735,0
pointer_move,21983519.0737,0.00640000030398,2
frame_deferred,21983519.152,0.000199999660254,0
paint,21983519.1486,0.00379999727011,2
input_age_ms,21983526.9552,0.000199999660254,16
pointer_move,21983526.9556,0.007199998945,2
frame_deferred,21983527.007,0.000100001692772,0
paint,21983527.0048,0.00230000168085,2
draw_commands,21983533.5773,0.546299997717,0
end_draw,21983534.1237,0.548000000417,2
present,21983534.6719,0.0874999985099,2
paint,21983533.5662,1.19339999929,2
input_age_ms,21983535.1615,0.000199999660254,0
pointer_move,21983535.162,0.00769999995828,2
frame_deferred,21983535.2375,9.99979674816e-05,0
paint,21983535.2351,0.00269999727607,2
draw_commands,21983550.4007,0.535300001502,0
end_draw,21983550.9362,0.671900000423,2
present,21983551.6083,0.187199998647,2
paint,21983550.3897,1.40610000119,2
input_age_ms,21983552.1104,0.000199999660254,0
pointer_move,21983552.1111,0.00569999963045,2
frame_deferred,21983552.1605,9.99979674816e-05,0
paint,21983552.1586,0.0021000020206,2
input_age_ms,21983558.974,0.000500001013279,0
pointer_move,21983558.9747,0.0058999992907,2
frame_deferred,21983559.0227,9.99979674816e-05,0
paint,21983559.0208,0.00260000303388,2
draw_commands,21983566.966,0.497000001371,0
end_draw,21983567.4632,0.466200001538,2
present,21983567.9295,0.0712000019848,2
paint,21983566.9549,1.04609999806,2
input_age_ms,21983678.8775,0.000199999660254,0
pointer_move,21983678.878,0.00600000098348,2
draw_commands,21983678.9311,0.415600001812,0
end_draw,21983679.3468,0.413600001484,2
present,21983679.7605,0.068100001663,2
paint,21983678.9201,0.908599998802,2
input_age_ms,21983687.1991,0.000300001353025,0
pointer_move,21983687.1996,0.0317000001669,2
draw_commands,21983687.5239,0.420500002801,0
end_draw,21983687.9445,0.432100001723,2
present,21983688.3767,0.0681999996305,2
paint,21983687.5028,0.942200001329,2
input_age_ms,21983694.8971,0.000499997287989,0
pointer_move,21983694.8978,0.00600000098348,2
frame_deferred,21983694.9429,0.000300001353025,0
paint,21983694.9407,0.00260000303388,2
draw_commands,21983700.2811,0.513699997216,0
end_draw,21983700.795,0.516899999231,2
present,21983701.312,0.0925000011921,2
paint,21983700.2694,1.13540000096,2
input_age_ms,21983703.9252,0.000199999660254,0
pointer_move,21983703.9257,0.0668999999762,2
frame_deferred,21983704.1907,0.000200003385544,0
paint,21983704.1879,0.00320000201464,2
input_age_ms,21983710.9947,0.000199999660254,0
pointer_move,21983710.9955,0.00580000132322,2
frame_deferred,21983711.0421,9.99979674816e-05,0
paint,21983711.0403,0.00209999829531,2
draw_commands,21983716.8566,0.640399999917,0
end_draw,21983717.4971,0.483800001442,2
present,21983717.981,0.0875000022352,2
paint,21983716.8437,1.22500000149,2
input_age_ms,21983719.2381,0.00100000202656,0
pointer_move,21983719.2394,0.00960000231862,2
frame_deferred,21983719.4745,0.000300001353025,0
paint,21983719.472,0.00310000032187,2
input_age_ms,21983726.9738,0.000199999660254,0
pointer_move,21983726.9746,0.00580000132322,2
frame_deferred,21983727.0248,0.000100001692772,0
paint,21983727.0229,0.00209999829531,2
draw_commands,21983733.7557,0.542899999768,0
end_draw,21983734.2988,0.54089999944,2
present,21983734.8399,0.0991000011563,2
paint,21983733.7442,1.19519999996,2
input_age_ms,21983735.4,0.000300001353025,0
pointer_move,21983735.4006,0.00679999962449,2
frame_deferred,21983735.4579,0.000100001692772,0
paint,21983735.4559,0.0021000020206,2
input_age_ms,21983742.9214,0.000199999660254,0
pointer_move,21983742.9219,0.0058999992907,2
frame_deferred,21983742.9716,0.000100001692772,0
paint,21983742.9699,0.00189999863505,2
draw_commands,21983750.5224,0.532099999487,0
end_draw,21983751.0548,0.483100000769,2
present,21983751.538,0.0853000022471,2
paint,21983750.5115,1.11199999973,2
input_age_ms,21983751.8461,0.000100001692772,0
pointer_move,21983751.8463,0.00740000233054,2
frame_deferred,21983751.8949,0,0
paint,21983751.8927,0.00229999795556,2
input_age_ms,21983758.977,0.000199999660254,0
pointer_move,21983758.9774,0.00640000030398,2
frame_deferred,21983759.0275,0.000100001692772,0
paint,21983759.0255,0.00219999998808,2
input_age_ms,21983766.9828,0.000199999660254,0
pointer_move,21983766.9833,0.00669999793172,2
draw_commands,21983767.0528,0.503800000995,0
end_draw,21983767.5567,0.524600002915,2
present,21983768.0814,0.101599998772,2
paint,21983767.04,1.14360000193,2
input_age_ms,21983774.9679,0.000199999660254,0
pointer_move,21983774.9684,0.00619999691844,2
frame_deferred,21983775.0141,0,0
paint,21983775.0115,0.00269999727607,2
input_age_ms,21983782.8665,0.000199999660254,0
pointer_move,21983782.8669,0.00620000064373,2
frame_deferred,21983782.9142,0,0
paint,21983782.9123,0.00199999660254,2
draw_commands,21983783.463,0.544500000775,0
end_draw,21983784.0076,0.75,2
present,21983784.7578,0.11229999736,2
paint,21983783.4511,1.41939999908,2
input_age_ms,21983790.9143,0.000200003385544,0
pointer_move,21983790.9147,0.00629999861121,2
frame_deferred,21983790.9609,0,0
paint,21983790.9586,0.00239999964833,2
input_age_ms,21983798.9678,0.000300001353025,0
pointer_move,21983798.9682,0.00520000234246,2
frame_deferred,21983799.0127,0,0
paint,21983799.0111,0.0016999989748,2
draw_commands,21983800.2501,0.518299996853,0
end_draw,21983800.7685,0.485899999738,2
present,21983801.2549,0.102600000799,2
paint,21983800.2395,1.11840000004,2
input_age_ms,21983807.0024,0.000199999660254,0
pointer_move,21983807.0028,0.00560000166297,2
frame_deferred,21983807.0489,0,0
paint,21983807.0459,0.00310000032187,2
input_age_ms,21983814.9032,0.000199999660254,0
pointer_move,21983814.9036,0.00540000200272,2
frame_deferred,21983814.9466,9.99979674816e-05,0
paint,21983814.9447,0.0021000020206,2
draw_commands,21983816.8587,0.540699999779,0
end_draw,21983817.3996,0.49110000208,2
present,21983817.8909,0.0977999977767,2
paint,21983816.8478,1.14119999856,2
input_age_ms,21983822.9414,0.000199999660254,0
pointer_move,21983822.9418,0.00650000199676,2
frame_deferred,21983822.9878,0,0
paint,21983822.9851,0.00279999896884,2
input_age_ms,21983830.9385,0.000200003385544,0
pointer_move,21983830.9389,0.00619999691844,2
frame_deferred,21983830.9853,9.99979674816e-05,0
paint,21983830.9834,0.00200000032783,2
draw_commands,21983833.484,0.507699999958,0
end_draw,21983833.9919,0.504200000316,2
present,21983834.4965,0.101900000125,2
paint,21983833.4542,1.14450000226,2
input_age_ms,21983838.9044,0.000199999660254,0
pointer_move,21983838.9048,0.00530000030994,2
frame_deferred,21983838.9494,9.99979674816e-05,0
paint,21983838.9468,0.00269999727607,2
input_age_ms,21983846.9221,0.000199999660254,0
pointer_move,21983846.9225,0.00569999963045,2
frame_deferred,21983846.969,9.99979674816e-05,0
paint,21983846.9672,0.00219999998808,2
draw_commands,21983850.3555,0.517499998212,0
end_draw,21983850.8732,0.491399999708,2
present,21983851.3647,0.0962999984622,2
paint,21983850.3438,1.11730000004,2
input_age_ms,21983854.9319,0.000200003385544,16
pointer_move,21983854.9323,0.00629999861121,2
frame_deferred,21983854.9787,0,0
paint,21983854.9764,0.00239999964833,2
input_age_ms,21983862.8999,0.000199999660254,0
pointer_move,21983862.9003,0.0058999992907,2
frame_deferred,21983862.9477,9.99979674816e-05,0
paint,21983862.946,0.00180000066757,2
draw_commands,21983866.971,0.513900000602,0
end_draw,21983867.4851,0.554800000042,2
present,21983868.04,0.0929000005126,2
paint,21983866.9616,1.1716000028,2
input_age_ms,21983870.8986,0.000199999660254,0
pointer_move,21983870.8991,0.00620000064373,2
frame_deferred,21983870.9457,9.99979674816e-05,0
paint,21983870.9432,0.00259999930859,2
input_age_ms,21983878.8998,0.000199999660254,0
pointer_move,21983878.9002,0.00510000064969,2
frame_deferred,21983878.9448,0,0
paint,21983878.943,0.00189999863505,2
draw_commands,21983883.4711,0.529699999839,0
end_draw,21983884.0009,0.489099998027,2
present,21983884.4902,0.1018999964,2
paint,21983883.4599,1.13240000233,2
input_age_ms,21983886.9897,0.000299997627735,0
pointer_move,21983886.9902,0.00689999759197,2
frame_deferred,21983887.0436,9.99979674816e-05,0
paint,21983887.0407,0.00299999862909,2
input_age_ms,21983894.8862,0.000199999660254,0
pointer_move,21983894.8866,0.00580000132322,2
frame_deferred,21983894.9341,0,0
paint,21983894.9316,0.00259999930859,2
draw_commands,21983900.1285,0.528700001538,0
end_draw,21983900.6574,0.565099999309,2
present,21983901.2226,0.097999997437,2
paint,21983900.1154,1.20539999753,2
input_age_ms,21983902.9863,0.000199999660254,0
pointer_move,21983902.9867,0.005900003016,2
frame_deferred,21983903.0328,0,0
paint,21983903.0307,0.00220000371337,2
input_age_ms,21983911.0154,0.000199999660254,0
pointer_move,21983911.0158,0.00640000030398,2
frame_deferred,21983911.0636,0.000100001692772,0
paint,21983911.0617,0.00209999829531,2
draw_commands,21983916.9112,0.518499996513,0
end_draw,21983917.4298,0.507500000298,2
present,21983917.9375,0.097800001502,2
paint,21983916.8982,1.13729999959,2
input_age_ms,21983919.1087,0.00149999931455,0
pointer_move,21983919.1105,0.00849999859929,2
frame_deferred,21983919.2071,0.000199999660254,0
paint,21983919.2044,0.00300000235438,2
input_age_ms,21983926.8944,0.000199999660254,0
pointer_move,21983926.8948,0.0058999992907,2
frame_deferred,21983926.9392,0.000100001692772,0
paint,21983926.9371,0.00229999795556,2
draw_commands,21983933.6415,0.536400001496,0
end_draw,21983934.1784,0.501299999654,2
present,21983934.6798,0.0885000005364,2
paint,21983933.6311,1.13740000129,2
input_age_ms,21983935.3519,0.000399999320507,0
pointer_move,21983935.3527,0.102400001138,2
frame_deferred,21983936.0287,0.000199999660254,0
paint,21983936.0258,0.00329999998212,2
input_age_ms,21983942.9818,0.000299997627735,0
pointer_move,21983942.9823,0.0063000023365,2
frame_deferred,21983943.0278,9.99979674816e-05,0
paint,21983943.0262,0.00180000066757,2
draw_commands,21983950.3876,0.512299999595,0
end_draw,21983950.9001,0.488499999046,2
present,21983951.3888,0.19260000065,2
paint,21983950.3605,1.22179999948,2
input_age_ms,21983952.8961,0.000399999320507,0
pointer_move,21983952.8968,0.028299998492,2
frame_deferred,21983953.202,0.000199999660254,0
paint,21983953.2004,0.00200000032783,2
input_age_ms,21983958.9156,0.000199999660254,0
pointer_move,21983958.916,0.00599999725819,2
frame_deferred,21983958.9609,9.99979674816e-05,0
paint,21983958.9595,0.00160000100732,2
input_age_ms,21983967.0423,0.000299997627735,0
pointer_move,21983967.0428,0.0254999995232,2
draw_commands,21983967.2128,0.5,0
end_draw,21983967.713,0.481200002134,2
present,21983968.1944,0.0905999988317,2
paint,21983967.2019,1.08329999819,2
input_age_ms,21983974.9162,0.000199999660254,0
pointer_move,21983974.9166,0.0058999992907,2
frame_deferred,21983974.9623,0,0
paint,21983974.9601,0.00230000168085,2
input_age_ms,21983983.8329,0.000300001353025,0
pointer_move,21983983.8335,0.00899999961257,2
draw_commands,21983983.9164,0.523699998856,0
end_draw,21983984.4403,0.466700002551,2
present,21983984.907,0.0945999994874,2
paint,21983983.9001,1.10159999877,2
input_age_ms,21983990.9131,0.000199999660254,0
pointer_move,21983990.9138,0.00659999996424,2
frame_deferred,21983990.9598,0,0
paint,21983990.9576,0.00259999930859,2
input_age_ms,21983999.438,0.000199999660254,0
pointer_move,21983999.4384,0.00539999827743,2
frame_deferred,21983999.4957,9.99979674816e-05,0
paint,21983999.4938,0.00219999998808,2
draw_commands,21984000.3007,0.524899996817,0
end_draw,21984000.8258,0.556299999356,2
present,21984001.3822,0.111099999398,2
paint,21984000.2894,1.20419999957,2
input_age_ms,21984006.8917,0.000199999660254,0
pointer_move,21984006.8924,0.00609999895096,2
frame_deferred,21984006.9383,0,0
paint,21984006.9361,0.00260000303388,2
input_age_ms,21984015.1278,0.000300001353025,0
pointer_move,21984015.1284,0.0118999965489,2
frame_deferred,21984015.2435,9.99979674816e-05,0
paint,21984015.2415,0.00229999795556,2
draw_commands,21984016.8713,0.537499997765,0
end_draw,21984017.409,0.527199998498,2
present,21984017.9365,0.0856999978423,2
paint,21984016.8585,1.16389999911,2
input_age_ms,21984022.9777,0.000199999660254,0
pointer_move,21984022.9781,0.00679999962449,2
frame_deferred,21984023.0232,0,0
paint,21984023.0211,0.00239999964833,2
input_age_ms,21984030.919,0.000199999660254,0
pointer_move,21984030.9194,0.0063000023365,2
frame_deferred,21984030.9686,9.99979674816e-05,0
paint,21984030.967,0.0016999989748,2
draw_commands,21984033.5943,0.538199998438,0
end_draw,21984034.1328,0.537899997085,2
present,21984034.6708,0.0965999998152,2
paint,21984033.5809,1.18659999967,2
input_age_ms,21984038.9494,0.000199999660254,0
pointer_move,21984038.9498,0.00670000165701,2
frame_deferred,21984038.9975,0.000100001692772,0
paint,21984038.9951,0.00259999930859,2
draw_commands,21984050.3085,0.544199999422,0
end_draw,21984050.8528,0.528400000185,2
present,21984051.3813,0.102800000459,2
paint,21984050.2996,1.184799999,2
input_age_ms,21984055.0282,0.000500001013279,0
pointer_move,21984055.0289,0.00599999725819,2
frame_deferred,21984055.0753,9.99979674816e-05,0
paint,21984055.0731,0.00229999795556,2
draw_commands,21984067.0205,0.568599998951,0
end_draw,21984067.5893,0.502100002021,2
present,21984068.0916,0.105000000447,2
paint,21984067.0101,1.18690000102,2
input_age_ms,21984070.9079,0.000199999660254,0
pointer_move,21984070.9083,0.00599999725819,2
frame_deferred,21984070.9537,0,0
paint,21984070.9518,0.00200000032783,2
draw_commands,21984083.7289,0.518100000918,0
end_draw,21984084.2472,0.486400000751,2
present,21984084.7338,0.0719999969006,2
paint,21984083.7167,1.0893000029,2
input_age_ms,21984398.9142,0.000599998980761,0
pointer_move,21984398.915,0.00640000030398,2
draw_commands,21984398.9707,0.431600000709,0
end_draw,21984399.4024,0.428100001067,2
present,21984399.8306,0.0656000003219,2
paint,21984398.9598,0.936499997973,2
input_age_ms,21984406.8491,0.000199999660254,0
pointer_move,21984406.8497,0.00640000030398,2
frame_deferred,21984406.8961,0.000100001692772,0
paint,21984406.8931,0.00310000032187,2
input_age_ms,21984414.8281,0.000199999660254,0
pointer_move,21984414.8284,0.00429999828339,2
frame_deferred,21984414.8691,0,0
paint,21984414.8676,0.00159999728203,2
draw_commands,21984416.923,0.511500000954,0
end_draw,21984417.4347,0.579799998552,2
present,21984418.0147,0.131599999964,2
paint,21984416.9107,1.23579999804,2
input_age_ms,21984422.9185,0.000199999660254,0
pointer_move,21984422.9189,0.00599999725819,2
frame_deferred,21984422.9649,0.000100001692772,0
paint,21984422.9627,0.00230000168085,2
input_age_ms,21984430.8718,0.000199999660254,0
pointer_move,21984430.8722,0.00569999963045,2
frame_deferred,21984430.9172,0,0
paint,21984430.9153,0.00200000032783,2
draw_commands,21984433.4885,0.633200000972,0
end_draw,21984434.1219,0.498800002038,2
present,21984434.6211,0.0946999974549,2
paint,21984433.4777,1.23829999939,2
input_age_ms,21984438.9037,0.000199999660254,0
pointer_move,21984438.9042,0.005900003016,2
frame_deferred,21984438.9505,0,0
paint,21984438.9483,0.00229999795556,2
input_age_ms,21984446.8518,0.000200003385544,0
pointer_move,21984446.8522,0.00569999963045,2
frame_deferred,21984446.8956,0,0
paint,21984446.8938,0.00189999863505,2
draw_commands,21984450.5526,0.534800000489,0
end_draw,21984451.0878,0.491999998689,2
present,21984451.5802,0.0883999988437,2
paint,21984450.5419,1.12700000033,2
input_age_ms,21984454.9188,0.000199999660254,0
pointer_move,21984454.9193,0.00649999827147,2
frame_deferred,21984454.9648,0,0
paint,21984454.9624,0.00249999761581,2
input_age_ms,21984462.8827,0.000199999660254,0
pointer_move,21984462.8831,0.00580000132322,2
frame_deferred,21984462.9318,9.99979674816e-05,0
paint,21984462.9301,0.00179999694228,2
draw_commands,21984466.9535,0.520600002259,0
end_draw,21984467.4744,0.509400002658,2
present,21984467.9841,0.103000000119,2
paint,21984466.9429,1.14450000226,2
input_age_ms,21984471.0133,0.000199999660254,0
pointer_move,21984471.0138,0.00679999962449,2
frame_deferred,21984471.0645,9.99979674816e-05,0
paint,21984471.0611,0.00360000133514,2
input_age_ms,21984478.9622,0.000199999660254,0
pointer_move,21984478.9626,0.007199998945,2
frame_deferred,21984479.0134,0.000100001692772,0
paint,21984479.0111,0.00249999761581,2
draw_commands,21984483.7229,0.506799999624,0
end_draw,21984484.2299,0.487700000405,2
present,21984484.7177,0.0894000008702,2
paint,21984483.7114,1.09590000287,2
input_age_ms,21984486.9031,0.000300001353025,0
pointer_move,21984486.9036,0.00730000063777,2
frame_deferred,21984486.9508,9.99979674816e-05,0
paint,21984486.9483,0.00259999930859,2
input_age_ms,21984494.9592,0.000199999660254,0
pointer_move,21984494.9595,0.00600000098348,2
frame_deferred,21984495.0031,9.99979674816e-05,0
paint,21984495.0012,0.00199999660254,2
draw_commands,21984500.2168,0.490399997681,0
end_draw,21984500.7073,0.466200001538,2
present,21984501.1737,0.0959999971092,2
paint,21984500.2056,1.06439999864,2
input_age_ms,21984502.9671,0.000400003045797,0
pointer_move,21984502.9677,0.00620000064373,2
frame_deferred,21984503.0144,9.99979674816e-05,0
paint,21984503.0123,0.00219999998808,2
input_age_ms,21984510.9896,0.000199999660254,0
pointer_move,21984510.99,0.005900003016,2
frame_deferred,21984511.0377,9.99979674816e-05,0
paint,21984511.0358,0.00200000032783,2
draw_commands,21984516.8704,0.499299999326,0
end_draw,21984517.37,0.50869999826,2
present,21984517.8789,0.0965999998152,2
paint,21984516.8576,1.11809999868,2
input_age_ms,21984519.0298,0.000299997627735,0
pointer_move,21984519.0304,0.00690000131726,2
frame_deferred,21984519.0934,9.99979674816e-05,0
paint,21984519.09,0.00360000133514,2
input_age_ms,21984526.8937,0.000199999660254,0
pointer_move,21984526.8944,0.00530000030994,2
frame_deferred,21984526.9389,9.99979674816e-05,0
paint,21984526.9372,0.00190000236034,2
draw_commands,21984533.6119,0.512699998915,0
end_draw,21984534.1247,0.502700001001,2
present,21984534.6276,0.0982000008225,2
paint,21984533.5987,1.12859999761,2
input_age_ms,21984534.9859,0.00829999893904,0
pointer_move,21984534.9945,0.00730000063777,2
frame_deferred,21984535.0475,0.000100001692772,0
paint,21984535.0457,0.00200000032783,2
input_age_ms,21984544.4819,0.000900000333786,0
pointer_move,21984544.4831,0.0723999999464,2
frame_deferred,21984544.9989,0.000199999660254,0
paint,21984544.9969,0.00239999964833,2
draw_commands,21984550.3075,0.522399999201,0
end_draw,21984550.83,0.484900001436,2
present,21984551.3151,0.100099999458,2
paint,21984550.2968,1.11890000105,2
input_age_ms,21984551.693,0.000100001692772,0
pointer_move,21984551.6934,0.00679999962449,2
frame_deferred,21984551.7442,0,0
paint,21984551.7418,0.0025000013411,2
input_age_ms,21984558.9147,0.000199999660254,0
pointer_move,21984558.9151,0.00600000098348,2
frame_deferred,21984559.9613,0.000399999320507,0
paint,21984559.9587,0.00329999998212,2
input_age_ms,21984567.1033,0.000299997627735,0
pointer_move,21984567.1038,0.020600002259,2
draw_commands,21984567.2029,0.506200000644,0
end_draw,21984567.7092,0.48369999975,2
present,21984568.193,0.0868000015616,2
paint,21984567.1917,1.08839999884,2
input_age_ms,21984575.6838,0.000299997627735,0
pointer_move,21984575.6844,0.242800001055,2
frame_deferred,21984576.3953,9.99979674816e-05,0
paint,21984576.393,0.00259999930859,2
input_age_ms,21984582.8704,9.99979674816e-05,0
pointer_move,21984582.8706,0.00510000064969,2
frame_deferred,21984582.9092,9.99979674816e-05,0
paint,21984582.9077,0.00160000100732,2
draw_commands,21984583.5211,0.511300001293,0
end_draw,21984584.0325,0.504900000989,2
present,21984584.5375,0.0989999994636,2
paint,21984583.5098,1.12700000033,2
input_age_ms,21984592.5017,0.000500001013279,0
pointer_move,21984592.5024,0.0690000019968,2
frame_deferred,21984592.6753,0.000100001692772,0
paint,21984592.6732,0.00290000066161,2
input_age_ms,21984599.8016,0.000499997287989,0
pointer_move,21984599.8026,0.0159000009298,2
frame_deferred,21984599.9631,0.000299997627735,0
paint,21984599.9576,0.00609999895096,2
draw_commands,21984600.8498,1.84789999947,0
end_draw,21984602.6982,1.95399999991,2
present,21984604.6527,0.230599999428,2
paint,21984600.8284,4.05570000038,2
input_age_ms,21984610.2536,0.000799998641014,0
pointer_move,21984610.2554,0.133900001645,2
frame_deferred,21984610.9149,0.000799998641014,0
paint,21984610.908,0.00829999893904,2
input_age_ms,21984615.7686,0.000500001013279,0
pointer_move,21984615.7696,0.0157000012696,2
frame_deferred,21984615.9283,0.000299997627735,0
paint,21984615.923,0.0058999992907,2
draw_commands,21984617.7625,1.86270000041,0
end_draw,21984619.6258,1.6361999996,2
present,21984621.2625,0.20340000093,2
paint,21984617.7409,3.7255000025,2
input_age_ms,21984626.1575,0.000500001013279,0
pointer_move,21984626.1589,0.0141999982297,2
frame_deferred,21984626.5362,0.000499997287989,0
paint,21984626.5314,0.00580000132322,2
input_age_ms,21984630.8656,9.99979674816e-05,0
pointer_move,21984630.8658,0.00359999760985,2
frame_deferred,21984630.9016,0.000100001692772,0
paint,21984630.9002,0.00150000303984,2
draw_commands,21984633.5931,0.551599998027,0
end_draw,21984634.145,0.484999999404,2
present,21984634.6302,0.0951000005007,2
paint,21984633.5817,1.14399999753,2
input_age_ms,21984846.8883,0.000199999660254,0
pointer_move,21984846.8887,0.0058999992907,2
draw_commands,21984846.9416,0.415699999779,0
end_draw,21984847.3574,0.416200000793,2
present,21984847.7736,0.0678000003099,2
paint,21984846.9316,0.909899998456,2
input_age_ms,21984854.9485,0.000500001013279,0
pointer_move,21984854.9492,0.00609999895096,2
draw_commands,21984855.0028,0.422299999744,0
end_draw,21984855.4252,0.408500000834,2
present,21984855.8338,0.0589000023901,2
paint,21984854.9929,0.900000002235,2
input_age_ms,21984863.8404,0.000800002366304,0
pointer_move,21984863.8418,0.0185999982059,2
frame_deferred,21984864.0051,0.000199999660254,0
paint,21984863.9978,0.00780000165105,2
draw_commands,21984867.4401,1.82880000025,0
end_draw,21984869.2695,1.63010000065,2
present,21984870.9002,0.229300003499,2
paint,21984867.3748,3.75510000065,2
input_age_ms,21984872.2663,0.000700000673532,15
pointer_move,21984872.2679,0.0912999995053,2
frame_deferred,21984873.0253,0.000900000333786,0
paint,21984873.0186,0.00830000266433,2
input_age_ms,21984881.8609,0.000700000673532,0
pointer_move,21984881.8627,0.138900000602,2
frame_deferred,21984882.4014,0.000599998980761,0
paint,21984882.3955,0.00699999928474,2
draw_commands,21984884.2563,1.87870000303,0
end_draw,21984886.1355,1.37519999966,2
present,21984887.5111,0.18200000003,2
paint,21984884.2356,3.45780000091,2
input_age_ms,21984888.1656,0.000399999320507,0
pointer_move,21984888.1668,0.0148000009358,2
frame_deferred,21984888.3364,0.000600002706051,0
paint,21984888.3309,0.00650000199676,2
input_age_ms,21984895.3708,0.000300001353025,0
pointer_move,21984895.3715,0.0110999979079,2
frame_deferred,21984895.4695,0.000199999660254,0
paint,21984895.4659,0.00400000065565,2
draw_commands,21984900.4648,0.838199999183,0
end_draw,21984901.3034,0.696000002325,2
present,21984901.9995,0.107500001788,2
paint,21984900.452,1.65529999882,2
input_age_ms,21984903.1027,0.000300001353025,0
pointer_move,21984903.1033,0.0075999982655,2
frame_deferred,21984903.1688,0.000100001692772,0
paint,21984903.1665,0.00290000066161,2
input_age_ms,21984910.9373,0.000199999660254,0
pointer_move,21984910.9377,0.00629999861121,2
frame_deferred,21984910.9857,0.000100001692772,0
paint,21984910.9839,0.00190000236034,2
draw_commands,21984916.9599,0.537900000811,0
end_draw,21984917.498,0.529600001872,2
present,21984918.0278,0.104499999434,2
paint,21984916.9472,1.18539999798,2
input_age_ms,21984919.068,0.000599998980761,0
pointer_move,21984919.0691,0.0080000013113,2
frame_deferred,21984919.1507,0.000199999660254,0
paint,21984919.1487,0.00239999964833,2
input_age_ms,21984926.9177,0.000199999660254,0
pointer_move,21984926.9181,0.0054999999702,2
frame_deferred,21984926.9646,9.99979674816e-05,0
paint,21984926.9629,0.00179999694228,2
draw_commands,21984933.6109,0.477000001818,0
end_draw,21984934.088,0.596300002187,2
present,21984934.6845,0.0874999985099,2
paint,21984933.5994,1.17310000211,2
input_age_ms,21984935.4588,0.000300001353025,0
pointer_move,21984935.4593,0.0133000016212,2
frame_deferred,21984935.608,0.000199999660254,0
paint,21984935.6063,0.00209999829531,2
input_age_ms,21984942.9938,0.000199999660254,0
pointer_move,21984942.9942,0.00600000098348,2
frame_deferred,21984943.0435,0.000100001692772,0
paint,21984943.0418,0.00189999863505,2
draw_commands,21984950.5202,0.493300002068,0
end_draw,21984951.0139,1.56239999831,2
present,21984952.5766,0.0777000002563,2
paint,21984950.5099,2.14460000023,2
input_age_ms,21984952.9544,0.000100001692772,0
pointer_move,21984952.9548,0.00620000064373,2
frame_deferred,21984953.081,0.000199999660254,0
paint,21984953.0787,0.00260000303388,2
input_age_ms,21984958.971,0.000199999660254,0
pointer_move,21984958.9718,0.00430000200868,2
frame_deferred,21984959.0097,0,0
paint,21984959.0085,0.00129999965429,2
draw_commands,21984967.0837,0.500799998641,0
end_draw,21984967.5846,0.470799997449,2
present,21984968.0555,0.0896000005305,2
paint,21984967.0723,1.07310000062,2
input_age_ms,21984969.0392,0.000500001013279,0
pointer_move,21984969.0402,0.0668000020087,2
frame_deferred,21984969.2482,0.000100001692772,0
paint,21984969.2459,0.00259999930859,2
input_age_ms,21984974.9809,0.000199999660254,0
pointer_move,21984974.9817,0.00490000098944,2
frame_deferred,21984975.0279,0.000100001692772,0
paint,21984975.0261,0.00239999964833,2
input_age_ms,21984982.9086,0.000199999660254,0
pointer_move,21984982.909,0.0050999969244,2
frame_deferred,21984982.9548,0.000100001692772,0
paint,21984982.9529,0.00209999829531,2
draw_commands,21984983.6455,0.509799998254,0
end_draw,21984984.1554,0.554200001061,2
present,21984984.7099,0.103700000793,2
paint,21984983.6332,1.180999998,2
input_age_ms,21984990.9696,0.000599998980761,0
pointer_move,21984990.9704,0.00629999861121,2
frame_deferred,21984991.0154,0,0
paint,21984991.0127,0.00280000269413,2
input_age_ms,21984998.8168,0.000200003385544,0
pointer_move,21984998.8172,0.00569999963045,2
frame_deferred,21984998.8634,9.99979674816e-05,0
paint,21984998.8617,0.00190000236034,2
draw_commands,21985000.2768,0.512900002301,0
end_draw,21985000.7899,0.486199997365,2
present,21985001.2762,0.0951999984682,2
paint,21985000.2655,1.1063000001,2
input_age_ms,21985006.9823,0.000200003385544,0
pointer_move,21985006.9827,0.00559999793768,2
frame_deferred,21985007.027,0,0
paint,21985007.0241,0.00300000235438,2
input_age_ms,21985014.9333,0.000799998641014,0
pointer_move,21985014.9342,0.00530000030994,2
frame_deferred,21985014.9795,0,0
paint,21985014.9778,0.00180000066757,2
draw_commands,21985016.8514,0.475500002503,0
end_draw,21985017.327,0.501600001007,2
present,21985017.8289,0.0939000025392,2
paint,21985016.8409,1.08229999989,2
input_age_ms,21985022.9696,0.000399999320507,0
pointer_move,21985022.9702,0.00600000098348,2
frame_deferred,21985023.0152,9.99979674816e-05,0
paint,21985023.013,0.00229999795556,2
input_age_ms,21985030.9053,0.000199999660254,0
pointer_move,21985030.9057,0.00580000132322,2
frame_deferred,21985030.9522,0.000100001692772,0
paint,21985030.95,0.00230000168085,2
draw_commands,21985033.6504,0.51419999823,0
end_draw,21985034.1647,0.536199998111,2
present,21985034.701,0.101499997079,2
paint,21985033.6391,1.16360000148,2
input_age_ms,21985038.8936,0.000300001353025,0
pointer_move,21985038.8941,0.0058999992907,2
frame_deferred,21985038.9403,0,0
paint,21985038.9382,0.00219999998808,2
input_age_ms,21985046.8231,0.000199999660254,0
pointer_move,21985046.8235,0.0058999992907,2
frame_deferred,21985046.8683,0,0
paint,21985046.8659,0.0025000013411,2
draw_commands,21985050.4101,0.536299999803,0
end_draw,21985050.9466,0.559599999338,2
present,21985051.5063,0.08920000121,2
paint,21985050.3991,1.19680000097,2
input_age_ms,21985054.9013,0.000200003385544,0
pointer_move,21985054.9017,0.0058999992907,2
frame_deferred,21985054.9455,9.99979674816e-05,0
paint,21985054.9429,0.00280000269413,2
input_age_ms,21985062.832,0.000199999660254,0
pointer_move,21985062.8324,0.00569999963045,2
frame_deferred,21985062.8798,0.000100001692772,0
paint,21985062.878,0.00200000032783,2
draw_commands,21985066.9487,0.508600000292,0
end_draw,21985067.4575,0.501200001687,2
present,21985067.9589,0.110399998724,2
paint,21985066.9356,1.13389999792,2
input_age_ms,21985070.8769,0.000199999660254,0
pointer_move,21985070.8773,0.00629999861121,2
frame_deferred,21985070.9238,0,0
paint,21985070.9211,0.00279999896884,2
input_age_ms,21985078.884,0.000300001353025,0
pointer_move,21985078.8845,0.00649999827147,2
frame_deferred,21985078.9308,0,0
paint,21985078.9288,0.00229999795556,2
draw_commands,21985083.6667,0.577799998224,0
end_draw,21985084.2446,0.477499999106,2
present,21985084.7222,0.0718000009656,2
paint,21985083.6536,1.14050000161,2
input_age_ms,21985086.9317,0.000300001353025,0
pointer_move,21985086.9322,0.00730000063777,2
frame_deferred,21985086.9846,0.000100001692772,0
paint,21985086.9821,0.00270000100136,2
input_age_ms,21985094.9641,0.000199999660254,0
pointer_move,21985094.9646,0.00659999996424,2
frame_deferred,21985095.0162,0,0
paint,21985095.014,0.00230000168085,2
draw_commands,21985100.4691,0.523700002581,0
end_draw,21985100.9929,0.503000002354,2
present,21985101.496,0.0969999991357,2
paint,21985100.4579,1.13529999927,2
input_age_ms,21985103.0722,0.000300001353025,0
pointer_move,21985103.0727,0.00640000030398,2
frame_deferred,21985103.1207,0,0
paint,21985103.1186,0.00219999998808,2
input_age_ms,21985110.972,0.000199999660254,0
pointer_move,21985110.9725,0.00739999860525,2
frame_deferred,21985111.0292,0.000100001692772,0
paint,21985111.0272,0.00219999998808,2
draw_commands,21985117.1672,0.508500002325,0
end_draw,21985117.6759,0.568499997258,2
present,21985118.2446,0.17519999668,2
paint,21985117.1328,1.2873999998,2
input_age_ms,21985119.2826,0.000399999320507,0
pointer_move,21985119.2832,0.00650000199676,2
frame_deferred,21985119.3384,0.000100001692772,0
paint,21985119.3363,0.00229999795556,2
input_age_ms,21985126.9102,0.000199999660254,0
pointer_move,21985126.9106,0.00620000064373,2
frame_deferred,21985126.9592,0.000100001692772,0
paint,21985126.9575,0.00180000066757,2
draw_commands,21985133.6858,0.521499998868,0
end_draw,21985134.2074,0.520399998873,2
present,21985134.728,0.0942000001669,2
paint,21985133.6748,1.14770000055,2
input_age_ms,21985135.8377,0.000400003045797,0
pointer_move,21985135.8384,0.0888999998569,2
frame_deferred,21985136.1477,9.99979674816e-05,0
paint,21985136.146,0.00199999660254,2
input_age_ms,21985143.0021,0.000200003385544,0
pointer_move,21985143.0029,0.0058999992907,2
frame_deferred,21985143.0531,9.99979674816e-05,0
paint,21985143.0512,0.00200000032783,2
draw_commands,21985150.4145,0.573899999261,0
end_draw,21985150.9887,0.520700000226,2
present,21985151.5098,0.102900002152,2
paint,21985150.3906,1.22289999947,2
input_age_ms,21985151.8312,0.000100001692772,0
pointer_move,21985151.8315,0.00659999996424,2
frame_deferred,21985151.8775,9.99979674816e-05,0
paint,21985151.8752,0.00239999964833,2
draw_commands,21985167.8629,1.9411999993,0
end_draw,21985169.8051,1.60099999979,2
present,21985171.4067,0.23959999904,2
paint,21985167.8429,3.80389999971,2
input_age_ms,21985172.2534,0.000599998980761,15
pointer_move,21985172.2546,0.116200000048,2
frame_deferred,21985172.8729,0.000599998980761,0
paint,21985172.8675,0.00640000030398,2
input_age_ms,21985176.3436,0.000499997287989,0
pointer_move,21985176.3449,0.0977999977767,2
frame_deferred,21985176.8351,0.000399999320507,0
paint,21985176.8317,0.0042000003159,2
draw_commands,21985183.9589,0.535700000823,0
end_draw,21985184.4948,0.509199999273,2
present,21985185.0041,0.112400002778,2
paint,21985183.9469,1.16980000213,2
input_age_ms,21985199.0688,0.000300001353025,0
pointer_move,21985199.0693,0.00600000098348,2
frame_deferred,21985199.1151,0.000100001692772,0
paint,21985199.1129,0.00239999964833,2
draw_commands,21985200.4202,0.532199997455,0
end_draw,21985200.9525,0.485199999064,2
present,21985201.4379,0.0918000005186,2
paint,21985200.4098,1.12009999901,2
input_age_ms,21985263.2782,0.000199999660254,0
pointer_move,21985263.2787,0.0363999977708,2
draw_commands,21985263.467,0.434099998325,0
end_draw,21985263.9012,0.402399998158,2
present,21985264.3037,0.0672000013292,2
paint,21985263.457,0.914000000805,2
input_age_ms,21985270.97,0.000300001353025,0
pointer_move,21985270.9705,0.0058999992907,2
draw_commands,21985271.0702,0.412900000811,0
end_draw,21985271.4832,0.430300001055,2
present,21985271.9136,0.0686999969184,2
paint,21985271.0603,0.922100000083,2
input_age_ms,21985278.8776,0.000199999660254,0
pointer_move,21985278.878,0.00580000132322,2
frame_deferred,21985278.9189,9.99979674816e-05,0
paint,21985278.9169,0.00209999829531,2
draw_commands,21985283.6843,0.462599996477,0
end_draw,21985284.147,0.479400001466,2
present,21985284.6266,0.0898000001907,2
paint,21985283.673,1.04360000044,2
input_age_ms,21985286.9012,0.000399999320507,0
pointer_move,21985286.9018,0.00540000200272,2
frame_deferred,21985286.9442,9.99979674816e-05,0
paint,21985286.9416,0.00280000269413,2
input_age_ms,21985294.8932,0.000199999660254,0
pointer_move,21985294.8936,0.00480000302196,2
frame_deferred,21985294.952,0.000100001692772,0
paint,21985294.9503,0.00200000032783,2
draw_commands,21985300.4566,0.693599998951,0
end_draw,21985301.1504,0.626799996942,2
present,21985301.7774,0.0926000028849,2
paint,21985300.4381,1.43210000172,2
input_age_ms,21985303.2014,0.000299997627735,0
pointer_move,21985303.2024,0.00820000097156,2
frame_deferred,21985303.2751,0.000199999660254,0
paint,21985303.2714,0.0042000003159,2
input_age_ms,21985311.0009,0.000199999660254,0
pointer_move,21985311.0013,0.00600000098348,2
frame_deferred,21985311.051,0.000100001692772,0
paint,21985311.0492,0.00190000236034,2
draw_commands,21985317.1578,0.826799999923,0
end_draw,21985317.9847,0.637399997562,2
present,21985318.6227,0.0740000009537,2
paint,21985317.1325,1.56439999864,2
input_age_ms,21985318.9604,0.000399999320507,0
pointer_move,21985318.9622,0.00659999996424,2
frame_deferred,21985319.0168,9.99979674816e-05,0
paint,21985319.0148,0.00239999964833,2
input_age_ms,21985326.9373,0.000399999320507,0
pointer_move,21985326.9379,0.0063000023365,2
frame_deferred,21985326.9863,0,0
paint,21985326.9845,0.0021000020206,2
draw_commands,21985333.6349,0.537200000137,0
end_draw,21985334.1722,0.477399997413,2
present,21985334.6501,0.0949000008404,2
paint,21985333.6256,1.11969999969,2
input_age_ms,21985335.1064,0.000299997627735,0
pointer_move,21985335.1069,0.00830000266433,2
frame_deferred,21985335.1842,0.000100001692772,0
paint,21985335.1819,0.00260000303388,2
input_age_ms,21985342.9251,0.000199999660254,0
pointer_move,21985342.9255,0.00599999725819,2
frame_deferred,21985342.9736,0.000100001692772,0
paint,21985342.9712,0.0025000013411,2
draw_commands,21985350.2991,0.498799998313,0
end_draw,21985350.798,0.536899998784,2
present,21985351.3355,0.102300003171,2
paint,21985350.289,1.14919999987,2
input_age_ms,21985351.6943,0.000100001692772,0
pointer_move,21985351.6947,0.00789999961853,2
frame_deferred,21985351.7819,0.000100001692772,0
paint,21985351.7789,0.00329999998212,2
input_age_ms,21985358.8643,0.000199999660254,0
pointer_move,21985358.8647,0.00659999996424,2
frame_deferred,21985358.9125,9.99979674816e-05,0
paint,21985358.9104,0.00230000168085,2
input_age_ms,21985366.8329,0.000100001692772,0
pointer_move,21985366.8332,0.0058999992907,2
draw_commands,21985366.8944,0.591099999845,0
end_draw,21985367.4857,0.76419999823,2
present,21985368.2501,0.233999997377,2
paint,21985366.8788,1.6056999974,2
input_age_ms,21985374.9834,0.000300001353025,0
pointer_move,21985374.9839,0.00679999962449,2
frame_deferred,21985375.0317,0.000100001692772,0
paint,21985375.0292,0.00270000100136,2
input_age_ms,21985382.8219,0.000100001692772,0
pointer_move,21985382.8222,0.00479999929667,2
frame_deferred,21985382.8624,0.000100001692772,0
paint,21985382.861,0.00159999728203,2
draw_commands,21985383.9522,0.517599999905,0
end_draw,21985384.4701,0.480599999428,2
present,21985384.9508,0.104499999434,2
paint,21985383.9418,1.11370000243,2
input_age_ms,21985390.914,0.000500001013279,0
pointer_move,21985390.9147,0.00609999895096,2
frame_deferred,21985390.9618,0,0
paint,21985390.9593,0.00259999930859,2
input_age_ms,21985398.8102,0.000100001692772,0
pointer_move,21985398.8104,0.00519999861717,2
frame_deferred,21985398.8512,0.000100001692772,0
paint,21985398.8497,0.0016999989748,2
draw_commands,21985401.3157,0.525500003248,0
end_draw,21985401.8415,0.495300002396,2
present,21985402.337,0.0767999999225,2
paint,21985401.3039,1.1101000011,2
input_age_ms,21985406.9655,0.000299997627735,0
pointer_move,21985406.966,0.00560000166297,2
frame_deferred,21985407.0099,0.000100001692772,0
paint,21985407.0082,0.00180000066757,2
input_age_ms,21985415.8876,0.000199999660254,0
pointer_move,21985415.8884,0.0665999986231,2
frame_deferred,21985416.0089,9.99979674816e-05,0
paint,21985416.0072,0.00200000032783,2
draw_commands,21985417.0123,0.506799999624,0
end_draw,21985417.5192,0.485500000417,2
present,21985418.005,0.0890999995172,2
paint,21985416.9997,1.09460000321,2
input_age_ms,21985422.902,0.000199999660254,0
pointer_move,21985422.9024,0.00580000132322,2
frame_deferred,21985422.9473,0.000100001692772,0
paint,21985422.9447,0.00280000269413,2
input_age_ms,21985432.0839,0.000399999320507,0
pointer_move,21985432.0845,0.0157000012696,2
frame_deferred,21985432.176,0.000100001692772,0
paint,21985432.1742,0.0021000020206,2
draw_commands,21985433.7443,0.518699999899,0
end_draw,21985434.2632,0.478300001472,2
present,21985434.7416,0.107100002468,2
paint,21985433.7316,1.11739999801,2
input_age_ms,21985438.9539,0.000200003385544,0
pointer_move,21985438.9544,0.00650000199676,2
frame_deferred,21985438.9998,9.99979674816e-05,0
paint,21985438.9978,0.00209999829531,2
input_age_ms,21985447.9945,0.000199999660254,0
pointer_move,21985447.9949,0.0410999991,2
frame_deferred,21985448.1354,9.99979674816e-05,0
paint,21985448.1334,0.00229999795556,2
draw_commands,21985450.3351,0.517200000584,0
end_draw,21985450.8525,0.478199999779,2
present,21985451.3309,0.0972000025213,2
paint,21985450.3235,1.10489999875,2
input_age_ms,21985454.8876,0.000199999660254,0
pointer_move,21985454.888,0.00609999895096,2
frame_deferred,21985454.9331,0,0
paint,21985454.9305,0.00270000100136,2
input_age_ms,21985463.3371,0.000300001353025,0
pointer_move,21985463.3375,0.0340999998152,2
frame_deferred,21985463.4309,0.000199999660254,0
paint,21985463.4291,0.00219999998808,2
draw_commands,21985466.9215,0.519999999553,0
end_draw,21985467.4417,0.487799998373,2
present,21985467.9296,0.0914999991655,2
paint,21985466.91,1.11129999906,2
input_age_ms,21985470.9426,0.000199999660254,0
pointer_move,21985470.943,0.00530000030994,2
frame_deferred,21985470.9883,0.000100001692772,0
paint,21985470.9862,0.00279999896884,2
input_age_ms,21985479.5528,0.000300001353025,0
pointer_move,21985479.5533,0.00699999928474,2
frame_deferred,21985479.6456,0.000100001692772,0
paint,21985479.6438,0.00249999761581,2
draw_commands,21985483.6482,0.514899998903,0
end_draw,21985484.1633,0.626200001687,2
present,21985484.7897,0.0981999970973,2
paint,21985483.6363,1.25179999694,2
input_age_ms,21985486.9386,0.000199999660254,0
pointer_move,21985486.939,0.00690000131726,2
frame_deferred,21985486.9855,0,0
paint,21985486.9826,0.00299999862909,2
input_age_ms,21985495.0035,0.000300001353025,15
pointer_move,21985495.004,0.00649999827147,2
frame_deferred,21985495.0578,0.000100001692772,0
paint,21985495.0559,0.00209999829531,2
draw_commands,21985500.4266,0.531599998474,0
end_draw,21985500.9585,0.497899997979,2
present,21985501.4565,0.0989999994636,2
paint,21985500.4154,1.14030000195,2
input_age_ms,21985503.0954,0.000299997627735,0
pointer_move,21985503.096,0.00669999793172,2
frame_deferred,21985503.1436,0,0
paint,21985503.1409,0.00279999896884,2
input_age_ms,21985511.1902,0.000199999660254,0
pointer_move,21985511.1907,0.0387000031769,2
frame_deferred,21985511.3192,9.99979674816e-05,0
paint,21985511.3171,0.00230000168085,2
draw_commands,21985517.0956,0.61459999904,0
end_draw,21985517.7105,2.71650000289,2
present,21985520.4272,0.0762000009418,2
paint,21985517.0853,3.41840000078,2
input_age_ms,21985520.7057,0.000100001692772,0
pointer_move,21985520.7062,0.00560000166297,2
frame_deferred,21985520.7489,0.000100001692772,0
paint,21985520.7471,0.00190000236034,2
input_age_ms,21985526.9939,0.000199999660254,0
pointer_move,21985526.9943,0.00569999963045,2
frame_deferred,21985527.0444,0.000100001692772,0
paint,21985527.042,0.00259999930859,2
draw_commands,21985533.7834,0.565799999982,0
end_draw,21985534.3494,0.708200000226,2
present,21985535.0578,0.0622000023723,2
paint,21985533.7704,1.34980000183,2
input_age_ms,21985535.5342,0.000199999660254,0
pointer_move,21985535.5346,0.00620000064373,2
frame_deferred,21985535.7491,0.000199999660254,0
paint,21985535.7474,0.00219999998808,2
input_age_ms,21985543.435,0.000900000333786,0
pointer_move,21985543.4363,0.00769999995828,2
frame_deferred,21985543.7116,0.000200003385544,0
paint,21985543.7093,0.00270000100136,2
draw_commands,21985550.458,0.520700000226,0
end_draw,21985550.979,0.573200002313,2
present,21985551.5523,0.0888000018895,2
paint,21985550.4481,1.19319999963,2
input_age_ms,21985551.8953,9.99979674816e-05,0
pointer_move,21985551.8958,0.00840000063181,2
frame_deferred,21985552.026,0.000199999660254,0
paint,21985552.0241,0.00219999998808,2
input_age_ms,21985558.9112,0.000199999660254,0
pointer_move,21985558.9116,0.00569999963045,2
frame_deferred,21985558.9599,0.000100001692772,0
paint,21985558.9581,0.00200000032783,2
input_age_ms,21985566.8039,0.000199999660254,0
pointer_move,21985566.8043,0.00439999997616,2
draw_commands,21985566.9565,0.662499997765,0
end_draw,21985567.6193,1.00229999796,2
present,21985568.6219,0.0938999988139,2
paint,21985566.9424,1.77380000055,2
input_age_ms,21985574.9082,0.000199999660254,0
pointer_move,21985574.9086,0.00670000165701,2
frame_deferred,21985574.9607,9.99979674816e-05,0
paint,21985574.9585,0.00239999964833,2
input_age_ms,21985582.9213,0.000199999660254,0
pointer_move,21985582.9218,0.00640000030398,2
frame_deferred,21985582.9709,0.000100001692772,0
paint,21985582.9689,0.00219999998808,2
draw_commands,21985583.7065,0.58410000056,0
end_draw,21985584.2908,0.910000000149,2
present,21985585.201,0.105699997395,2
paint,21985583.6956,1.61129999906,2
input_age_ms,21985590.9068,0.000199999660254,0
pointer_move,21985590.9072,0.00649999827147,2
frame_deferred,21985590.9532,9.99979674816e-05,0
paint,21985590.9509,0.00239999964833,2
input_age_ms,21985598.8824,0.000199999660254,0
pointer_move,21985598.8827,0.00470000132918,2
frame_deferred,21985598.9209,0.000100001692772,0
paint,21985598.9195,0.00149999931455,2
draw_commands,21985600.4091,0.576200000942,0
end_draw,21985600.9857,0.924600001425,2
present,21985601.9106,0.0749000012875,2
paint,21985600.3971,1.5887000002,2
input_age_ms,21985614.8807,0.000199999660254,0
pointer_move,21985614.8812,0.00629999861121,2
frame_deferred,21985614.9263,9.99979674816e-05,0
paint,21985614.9243,0.00209999829531,2
draw_commands,21985616.9629,0.574499998242,0
end_draw,21985617.5376,0.656600002199,2
present,21985618.1943,0.0802000015974,2
paint,21985616.952,1.3227000013,2
input_age_ms,21985622.8904,0.000199999660254,0
pointer_move,21985622.8911,0.00579999759793,2
frame_deferred,21985622.9365,9.99979674816e-05,0
paint,21985622.9343,0.00229999795556,2
draw_commands,21985633.6466,0.556600000709,0
end_draw,21985634.2034,0.722999997437,2
present,21985634.9266,0.0865999981761,2
paint,21985633.6365,1.37700000033,2
input_age_ms,21985638.96,0.000199999660254,0
pointer_move,21985638.9605,0.0690999999642,2
frame_deferred,21985639.2028,0.000200003385544,0
paint,21985639.2004,0.00270000100136,2
draw_commands,21985650.569,0.612300001085,0
end_draw,21985651.1817,0.732900001109,2
present,21985651.9148,0.0784000009298,2
paint,21985650.5563,1.43710000068,2
draw_commands,21985719.3923,0.572399999946,0
end_draw,21985719.9649,1.45830000192,2
present,21985721.4234,0.0665000006557,2
paint,21985719.3763,2.11390000209,2
draw_commands,21985815.299,0.491900000721,0
end_draw,21985815.7911,0.530500002205,2
present,21985816.3217,0.0573999993503,2
paint,21985815.2889,1.0903000012,2
input_age_ms,21985838.9524,0.000199999660254,0
pointer_move,21985838.9528,0.00560000166297,2
draw_commands,21985839.0032,0.479700002819,0
end_draw,21985839.483,0.608100000769,2
present,21985840.0912,0.0668999999762,2
paint,21985838.9936,1.16459999979,2
input_age_ms,21985846.9815,0.000199999660254,0
pointer_move,21985846.9819,0.00580000132322,2
frame_deferred,21985847.0277,0,0
paint,21985847.0254,0.00279999896884,2
draw_commands,21985850.3519,0.575100000948,0
end_draw,21985850.9272,0.643899999559,2
present,21985851.5712,0.0861000008881,2
paint,21985850.341,1.31660000235,2
input_age_ms,21985854.8577,0.000299997627735,16
pointer_move,21985854.8582,0.0054999999702,2
frame_deferred,21985854.9035,0.000100001692772,0
paint,21985854.9014,0.00279999896884,2
input_age_ms,21985862.7548,0.000199999660254,0
pointer_move,21985862.7553,0.00439999997616,2
frame_deferred,21985862.793,0,0
paint,21985862.7915,0.00160000100732,2
draw_commands,21985867.0595,0.554099999368,0
end_draw,21985867.6139,0.620000001043,2
present,21985868.2341,0.0619000010192,2
paint,21985867.05,1.246199999,2
input_age_ms,21985871.0218,0.000199999660254,15
pointer_move,21985871.0222,0.00629999861121,2
frame_deferred,21985871.0686,0.000100001692772,0
paint,21985871.0662,0.00259999930859,2
input_age_ms,21985880.0772,0.000199999660254,0
pointer_move,21985880.0776,0.179800000042,2
frame_deferred,21985880.7087,0.000199999660254,0
paint,21985880.7065,0.00259999930859,2
draw_commands,21985883.7918,0.540399998426,0
end_draw,21985884.3325,0.532600000501,2
present,21985884.8652,0.0917999967933,2
paint,21985883.7809,1.17619999871,2
input_age_ms,21985886.9268,0.000299997627735,0
pointer_move,21985886.9273,0.00670000165701,2
frame_deferred,21985886.9784,0.000199999660254,0
paint,21985886.9762,0.0025000013411,2
input_age_ms,21985895.813,0.000299997627735,0
pointer_move,21985895.8135,0.00720000267029,2
frame_deferred,21985895.8896,0.000199999660254,0
paint,21985895.8876,0.00239999964833,2
draw_commands,21985900.4166,0.565699998289,0
end_draw,21985900.9825,0.540499996394,2
present,21985901.5232,0.10379999876,2
paint,21985900.4043,1.22289999947,2
input_age_ms,21985902.9241,0.000199999660254,0
pointer_move,21985902.9246,0.00649999827147,2
frame_deferred,21985902.976,0,0
paint,21985902.973,0.00310000032187,2
input_age_ms,21985911.3843,0.000299997627735,0
pointer_move,21985911.3848,0.00750000029802,2
frame_deferred,21985911.4645,0.000100001692772,0
paint,21985911.4624,0.00239999964833,2
draw_commands,21985917.0987,0.540499996394,0
end_draw,21985917.6394,0.552999999374,2
present,21985918.1926,0.0819000005722,2
paint,21985917.0878,1.18710000068,2
input_age_ms,21985919.0319,0.000300001353025,0
pointer_move,21985919.0324,0.0058999992907,2
frame_deferred,21985919.0828,9.99979674816e-05,0
paint,21985919.0812,0.0016999989748,2
input_age_ms,21985928.008,0.000299997627735,0
pointer_move,21985928.0091,0.0205999985337,2
frame_deferred,21985928.1354,0.000199999660254,0
paint,21985928.1324,0.00340000167489,2
draw_commands,21985933.7417,0.550200000405,0
end_draw,21985934.292,0.574999999255,2
present,21985934.8672,0.0950000025332,2
paint,21985933.7284,1.2340000011,2
input_age_ms,21985935.1893,0,0
pointer_move,21985935.1896,0.00810000300407,2
frame_deferred,21985935.2385,0,0
paint,21985935.2364,0.00219999998808,2
input_age_ms,21985943.2563,0.000199999660254,0
pointer_move,21985943.2567,0.00629999861121,2
frame_deferred,21985943.3102,0.000100001692772,0
paint,21985943.3083,0.0021000020206,2
draw_commands,21985950.3464,0.556099999696,0
end_draw,21985950.9027,0.561500001699,2
present,21985951.4643,0.103700000793,2
paint,21985950.3369,1.2313000001,2
input_age_ms,21985951.8876,0.000199999660254,0
pointer_move,21985951.8879,0.0579000003636,2
frame_deferred,21985952.3291,0.000199999660254,0
paint,21985952.3271,0.00239999964833,2
input_age_ms,21985958.9297,0.000200003385544,0
pointer_move,21985958.9302,0.00609999895096,2
frame_deferred,21985958.9788,0,0
paint,21985958.9769,0.00200000032783,2
input_age_ms,21985966.8525,0.000199999660254,0
pointer_move,21985966.8529,0.00879999995232,2
draw_commands,21985967.0505,0.570799998939,0
end_draw,21985967.6214,0.625600002706,2
present,21985968.2472,0.0868999995291,2
paint,21985967.0373,1.29709999636,2
input_age_ms,21985975.0045,0.000299997627735,0
pointer_move,21985975.0053,0.0678000003099,2
frame_deferred,21985975.1314,0.000199999660254,0
paint,21985975.1292,0.00259999930859,2
input_age_ms,21985982.9046,0.000100001692772,0
pointer_move,21985982.9049,0.00580000132322,2
frame_deferred,21985982.9524,0.000100001692772,0
paint,21985982.9504,0.00219999998808,2
draw_commands,21985983.6843,0.541999999434,0
end_draw,21985984.2266,0.551200002432,2
present,21985984.7779,0.0980999991298,2
paint,21985983.6721,1.2041000016,2
input_age_ms,21985990.8927,0.000199999660254,0
pointer_move,21985990.8931,0.00640000030398,2
frame_deferred,21985990.9391,9.99979674816e-05,0
paint,21985990.9362,0.00310000032187,2
input_age_ms,21985998.8624,0.000199999660254,0
pointer_move,21985998.8627,0.0058999992907,2
frame_deferred,21985998.9066,0.000100001692772,0
paint,21985998.9048,0.00200000032783,2
draw_commands,21986000.3398,0.523499999195,0
end_draw,21986000.8639,0.557700000703,2
present,21986001.4217,0.0744999982417,2
paint,21986000.3279,1.16849999875,2
input_age_ms,21986006.8581,0.000399999320507,0
pointer_move,21986006.8587,0.00600000098348,2
frame_deferred,21986006.905,0,0
paint,21986006.9027,0.00239999964833,2
input_age_ms,21986014.8899,0.000100001692772,0
pointer_move,21986014.8902,0.00649999827147,2
frame_deferred,21986014.936,9.99979674816e-05,0
paint,21986014.9344,0.00180000066757,2
draw_commands,21986016.9179,0.576999999583,0
end_draw,21986017.495,0.55150000006,2
present,21986018.0467,0.082800000906,2
paint,21986016.8961,1.23360000178,2
input_age_ms,21986022.9021,0.000199999660254,0
pointer_move,21986022.9025,0.00569999963045,2
frame_deferred,21986022.948,0.000100001692772,0
paint,21986022.9459,0.00270000100136,2
input_age_ms,21986030.9218,0.000199999660254,0
pointer_move,21986030.9223,0.00580000132322,2
frame_deferred,21986030.9689,0.000100001692772,0
paint,21986030.9671,0.00200000032783,2
draw_commands,21986033.718,0.620900001377,0
end_draw,21986034.3391,0.547699999064,2
present,21986034.887,0.0913000032306,2
paint,21986033.7059,1.27280000225,2
input_age_ms,21986039.5277,0.000199999660254,0
pointer_move,21986039.5282,0.00789999961853,2
frame_deferred,21986039.5775,0,0
paint,21986039.5746,0.00299999862909,2
draw_commands,21986051.1093,0.539599999785,0
end_draw,21986051.6491,0.492600001395,2
present,21986052.1418,0.0964999981225,2
paint,21986051.0979,1.14059999958,2
input_age_ms,21986054.8788,0.000199999660254,0
pointer_move,21986054.8792,0.00539999827743,2
frame_deferred,21986054.9231,0.000100001692772,0
paint,21986054.9207,0.00260000303388,2
input_age_ms,21986063.7694,0.000399999320507,0
pointer_move,21986063.7704,0.0160000026226,2
frame_deferred,21986063.9298,0.000199999660254,0
paint,21986063.9242,0.00610000267625,2
draw_commands,21986068.4046,2.03930000216,0
end_draw,21986070.4444,2.84750000015,2
present,21986073.2923,0.165699999779,2
paint,21986068.383,5.07550000027,2
input_age_ms,21986074.2482,0.000399999320507,15
pointer_move,21986074.2491,0.106400001794,2
frame_deferred,21986074.5807,0.000500001013279,0
paint,21986074.5767,0.00490000098944,2
input_age_ms,21986079.3215,0.000399999320507,0
pointer_move,21986079.3225,0.0105999968946,2
frame_deferred,21986079.9997,0.000500001013279,0
paint,21986079.9959,0.00459999963641,2
frame_deferred,21986081.9849,0.000399999320507,0
paint,21986081.9818,0.00379999727011,2
draw_commands,21986083.6088,0.518500000238,0
end_draw,21986084.1274,0.519099999219,2
present,21986084.6466,0.070799998939,2
paint,21986083.5961,1.12150000036,2
input_age_ms,21986086.632,0.000199999660254,0
pointer_move,21986086.6325,0.00530000030994,2
frame_deferred,21986086.6804,0.000100001692772,0
paint,21986086.6783,0.00229999795556,2
input_age_ms,21986094.5357,0.000299997627735,0
pointer_move,21986094.5361,0.00530000030994,2
frame_deferred,21986094.5828,9.99979674816e-05,0
paint,21986094.5812,0.00180000066757,2
draw_commands,21986100.5717,0.539300002158,0
end_draw,21986101.1112,0.534899998456,2
present,21986101.6463,0.0766000002623,2
paint,21986100.5594,1.16360000148,2
input_age_ms,21986102.5733,0.000300001353025,0
pointer_move,21986102.5739,0.00710000097752,2
frame_deferred,21986102.6263,0.000100001692772,0
paint,21986102.6248,0.0016999989748,2
input_age_ms,21986110.5952,0.000300001353025,0
pointer_move,21986110.5958,0.00559999793768,2
frame_deferred,21986110.6506,9.99979674816e-05,0
paint,21986110.6488,0.00189999863505,2
draw_commands,21986117.0922,0.551399998367,0
end_draw,21986117.6438,0.592399999499,2
present,21986118.2363,0.0811999998987,2
paint,21986117.0693,1.24839999899,2
input_age_ms,21986118.7086,0.000199999660254,0
pointer_move,21986118.7092,0.0118000023067,2
frame_deferred,21986118.9399,0.000199999660254,0
paint,21986118.9377,0.00259999930859,2
input_age_ms,21986126.6051,0.000400003045797,0
pointer_move,21986126.6057,0.0058999992907,2
frame_deferred,21986126.6605,0,0
paint,21986126.6587,0.00189999863505,2
draw_commands,21986133.6763,0.547800000757,0
end_draw,21986134.2244,0.627399999648,2
present,21986134.852,0.0795999988914,2
paint,21986133.6646,1.26720000058,2
input_age_ms,21986135.0482,0.000100001692772,0
pointer_move,21986135.0485,0.00679999962449,2
frame_deferred,21986135.1128,0.000100001692772,0
paint,21986135.111,0.00229999795556,2
input_age_ms,21986142.616,0.000300001353025,0
pointer_move,21986142.6166,0.00650000199676,2
frame_deferred,21986142.6725,0,0
paint,21986142.6706,0.00200000032783,2
draw_commands,21986150.4327,0.553500000387,0
end_draw,21986150.9873,0.688599999994,2
present,21986151.6761,0.0623999983072,2
paint,21986150.4229,1.31570000201,2
input_age_ms,21986151.8635,0,16
pointer_move,21986151.8637,0.00769999995828,2
frame_deferred,21986151.9215,9.99979674816e-05,0
paint,21986151.9198,0.00180000066757,2
input_age_ms,21986158.6462,0.000199999660254,0
pointer_move,21986158.6466,0.00569999963045,2
frame_deferred,21986158.6943,0,0
paint,21986158.6928,0.00160000100732,2
draw_commands,21986167.115,0.539800003171,0
end_draw,21986167.655,0.542199999094,2
present,21986168.1973,0.0750000029802,2
paint,21986167.1052,1.16730000079,2
input_age_ms,21986174.8249,0.000299997627735,0
pointer_move,21986174.8254,0.0604999996722,2
frame_deferred,21986175.1466,9.99979674816e-05,0
paint,21986175.1444,0.00299999862909,2
draw_commands,21986183.7299,0.585300002247,0
end_draw,21986184.3153,0.55910000205,2
present,21986184.8745,0.0767999999225,2
paint,21986183.7198,1.23169999942,2
input_age_ms,21986190.5779,0.000300001353025,0
pointer_move,21986190.5785,0.00659999996424,2
frame_deferred,21986190.6308,0,0
paint,21986190.6287,0.00219999998808,2
draw_commands,21986200.3828,0.549199998379,0
end_draw,21986200.9322,0.655000001192,2
present,21986201.5875,0.0940000005066,2
paint,21986200.3708,1.31140000001,2
pointer_move,21986319.3586,0.00749999657273,2
draw_commands,21986320.7522,0.44810000062,0
end_draw,21986321.2004,0.494000002742,2
present,21986321.6945,0.0743000023067,2
paint,21986320.7422,1.0268000029,2
input_age_ms,21986326.8831,0.000199999660254,0
pointer_move,21986326.8836,0.00609999895096,2
frame_deferred,21986326.9285,0,0
paint,21986326.9262,0.00239999964833,2
draw_commands,21986333.8712,0.620999999344,0
end_draw,21986334.4925,0.567900002003,2
present,21986335.0606,0.0885999985039,2
paint,21986333.8598,1.28979999945,2
input_age_ms,21986335.4127,9.99979674816e-05,0
pointer_move,21986335.4131,0.007199998945,2
input_age_ms,21986335.6366,0.000199999660254,0
pointer_move,21986335.6369,0.00429999828339,2
frame_deferred,21986335.683,0,0
paint,21986335.6813,0.00180000066757,2
input_age_ms,21986342.9211,0.000199999660254,0
pointer_move,21986342.9216,0.00659999996424,2
frame_deferred,21986342.9744,0.000100001692772,0
paint,21986342.9723,0.00229999795556,2
draw_commands,21986350.5655,0.5214000009,0
end_draw,21986351.0871,0.562800001353,2
present,21986351.6501,0.0942000001669,2
paint,21986350.5294,1.21510000154,2
input_age_ms,21986352.065,9.99979674816e-05,0
pointer_move,21986352.0654,0.00739999860525,2
frame_deferred,21986352.1436,0.000100001692772,0
paint,21986352.1416,0.00229999795556,2
input_age_ms,21986358.9602,0.000199999660254,0
pointer_move,21986358.9606,0.00620000064373,2
frame_deferred,21986359.0124,9.99979674816e-05,0
paint,21986359.0103,0.00219999998808,2
input_age_ms,21986367.2926,0.000300001353025,0
pointer_move,21986367.2933,0.014200001955,2
draw_commands,21986367.5498,0.511799998581,0
end_draw,21986368.0617,0.509599998593,2
present,21986368.5714,0.0686999969184,2
paint,21986367.538,1.10229999945,2
input_age_ms,21986374.9813,0.000199999660254,0
pointer_move,21986374.9817,0.0063000023365,2
frame_deferred,21986375.0282,9.99979674816e-05,0
paint,21986375.026,0.00229999795556,2
input_age_ms,21986382.9514,0.000199999660254,0
pointer_move,21986382.9519,0.00689999759197,2
frame_deferred,21986383.0031,9.99979674816e-05,0
paint,21986383.001,0.00219999998808,2
draw_commands,21986383.6924,0.555999998003,0
end_draw,21986384.2486,0.570100001991,2
present,21986384.8189,0.0962999984622,2
paint,21986383.6811,1.23440000042,2
input_age_ms,21986390.9356,0.000199999660254,0
pointer_move,21986390.936,0.0058999992907,2
frame_deferred,21986390.9798,9.99979674816e-05,0
paint,21986390.9771,0.00279999896884,2
input_age_ms,21986398.7847,0.000199999660254,0
pointer_move,21986398.7851,0.00449999794364,2
frame_deferred,21986398.8271,0,0
paint,21986398.8253,0.00189999863505,2
draw_commands,21986400.4064,0.548599999398,0
end_draw,21986400.9551,0.545699998736,2
present,21986401.501,0.0811999998987,2
paint,21986400.3962,1.18629999831,2
input_age_ms,21986406.8898,0.000199999660254,0
pointer_move,21986406.8903,0.00650000199676,2
frame_deferred,21986406.9335,0,0
paint,21986406.9318,0.00229999795556,2
input_age_ms,21986414.8238,0.000199999660254,0
pointer_move,21986414.8241,0.00530000030994,2
frame_deferred,21986414.8669,9.99979674816e-05,0
paint,21986414.8651,0.00189999863505,2
draw_commands,21986417.0286,0.510499998927,0
end_draw,21986417.5393,0.508200000972,2
present,21986418.0476,0.0646999999881,2
paint,21986417.0168,1.09569999948,2
input_age_ms,21986422.916,0.000199999660254,0
pointer_move,21986422.9164,0.00510000064969,2
frame_deferred,21986422.96,9.99979674816e-05,0
paint,21986422.9576,0.00249999761581,2
input_age_ms,21986430.949,0.000199999660254,0
pointer_move,21986430.9494,0.00539999827743,2
frame_deferred,21986430.995,9.99979674816e-05,0
paint,21986430.993,0.00219999998808,2
draw_commands,21986433.6925,0.536100000143,0
end_draw,21986434.2288,0.513500001281,2
present,21986434.7424,0.0817999988794,2
paint,21986433.682,1.14240000024,2
input_age_ms,21986438.8887,0.000499997287989,0
pointer_move,21986438.8895,0.00560000166297,2
frame_deferred,21986438.9342,0.000100001692772,0
paint,21986438.932,0.00239999964833,2
input_age_ms,21986446.8694,0.000200003385544,0
pointer_move,21986446.8698,0.00559999793768,2
frame_deferred,21986446.9165,0,0
paint,21986446.9147,0.00189999863505,2
draw_commands,21986450.3745,0.559200000018,0
end_draw,21986450.9339,0.583399999887,2
present,21986451.5174,0.0793999992311,2
paint,21986450.3626,1.23440000042,2
input_age_ms,21986454.9045,0.000199999660254,0
pointer_move,21986454.9049,0.00569999963045,2
frame_deferred,21986454.9497,9.99979674816e-05,0
paint,21986454.947,0.00279999896884,2
draw_commands,21986467.0214,0.543099999428,0
end_draw,21986467.5647,0.549400001764,2
present,21986468.1142,0.0887000001967,2
paint,21986467.0087,1.19430000335,2
input_age_ms,21986486.9066,0.000600002706051,0
pointer_move,21986486.9074,0.00629999861121,2
draw_commands,21986486.9609,0.440799999982,0
end_draw,21986487.4018,0.492000002414,2
present,21986487.8939,0.0683000013232,2
paint,21986486.9501,1.01229999959,2
input_age_ms,21986494.9199,0.000300001353025,0
pointer_move,21986494.9204,0.00679999962449,2
frame_deferred,21986494.9695,0,0
paint,21986494.9673,0.00229999795556,2
frame_deferred,21986495.497,9.99979674816e-05,0
paint,21986495.4958,0.00140000134706,2
draw_commands,21986500.4131,0.542100001127,0
end_draw,21986500.9555,0.527000002563,2
present,21986501.4826,0.0850999988616,2
paint,21986500.4031,1.16520000249,2
input_age_ms,21986502.7994,0.000199999660254,0
pointer_move,21986502.7998,0.0467999987304,2
frame_deferred,21986503.0086,9.99979674816e-05,0
paint,21986503.0061,0.00290000066161,2
input_age_ms,21986511.6002,0.000299997627735,16
pointer_move,21986511.6007,0.118600003421,2
frame_deferred,21986512.0447,0.000199999660254,0
paint,21986512.0428,0.00229999795556,2
draw_commands,21986516.9749,0.630899999291,0
end_draw,21986517.606,0.555300001055,2
present,21986518.1614,0.0893999971449,2
paint,21986516.9634,1.28759999946,2
input_age_ms,21986518.5755,0.000199999660254,0
pointer_move,21986518.576,0.00779999792576,2
frame_deferred,21986518.6341,9.99979674816e-05,0
paint,21986518.6325,0.0016999989748,2
input_age_ms,21986526.5592,0.000500001013279,0
pointer_move,21986526.5602,0.00820000097156,2
frame_deferred,21986526.6179,0.000100001692772,0
paint,21986526.616,0.00209999829531,2
draw_commands,21986534.0898,0.540199998766,0
end_draw,21986534.6302,0.537900000811,2
present,21986535.1682,0.0918000005186,2
paint,21986534.079,1.1810999997,2
input_age_ms,21986535.3715,9.99979674816e-05,0
pointer_move,21986535.3719,0.0058999992907,2
frame_deferred,21986535.4237,0,0
paint,21986535.4221,0.0016999989748,2
input_age_ms,21986542.5718,0.000299997627735,15
pointer_move,21986542.5723,0.00580000132322,2
frame_deferred,21986542.628,0.000100001692772,0
paint,21986542.6262,0.00199999660254,2
draw_commands,21986550.4479,0.541600000113,0
end_draw,21986550.9902,0.591199997813,2
present,21986551.5815,0.090499997139,2
paint,21986550.4271,1.24510000274,2
input_age_ms,21986551.8283,0.000199999660254,0
pointer_move,21986551.8288,0.00849999859929,2
frame_deferred,21986551.9135,0.000100001692772,0
paint,21986551.9116,0.00219999998808,2
input_age_ms,21986558.5903,0.000299997627735,0
pointer_move,21986558.5909,0.00679999962449,2
frame_deferred,21986558.6476,0,0
paint,21986558.6457,0.00200000032783,2
input_age_ms,21986566.6288,0.000399999320507,0
pointer_move,21986566.6295,0.0111999996006,2
frame_deferred,21986566.748,0.000199999660254,0
paint,21986566.746,0.00239999964833,2
draw_commands,21986567.2189,0.585900001228,0
end_draw,21986567.8049,0.570399999619,2
present,21986568.3754,0.0941000021994,2
paint,21986567.2091,1.26069999859,2
input_age_ms,21986574.5957,0.000199999660254,0
pointer_move,21986574.5962,0.00699999928474,2
frame_deferred,21986574.6522,0.000100001692772,0
paint,21986574.6503,0.0025000013411,2
input_age_ms,21986582.569,0.000300001353025,0
pointer_move,21986582.5696,0.00640000030398,2
frame_deferred,21986582.6244,0,0
paint,21986582.6225,0.00200000032783,2
draw_commands,21986583.6516,0.519400000572,0
end_draw,21986584.1712,0.517799999565,2
present,21986584.6892,0.0826999992132,2
paint,21986583.6381,1.13390000165,2
input_age_ms,21986590.557,0.000300001353025,0
pointer_move,21986590.5575,0.00809999927878,2
frame_deferred,21986590.615,0,0
paint,21986590.6122,0.00310000032187,2
input_age_ms,21986598.6033,0.000299997627735,0
pointer_move,21986598.6039,0.00659999996424,2
frame_deferred,21986598.6606,0.000100001692772,0
paint,21986598.6587,0.0025000013411,2
draw_commands,21986600.337,0.570900000632,0
end_draw,21986600.9081,0.549300000072,2
present,21986601.4575,0.0824000015855,2
paint,21986600.3203,1.21989999712,2
input_age_ms,21986606.5457,0.000300001353025,0
pointer_move,21986606.5462,0.00609999895096,2
frame_deferred,21986606.5978,9.99979674816e-05,0
paint,21986606.5957,0.00230000168085,2
input_age_ms,21986614.6111,0.000399999320507,0
pointer_move,21986614.6117,0.00740000233054,2
frame_deferred,21986614.6772,9.99979674816e-05,0
paint,21986614.6747,0.00259999930859,2
draw_commands,21986617.1553,0.565600000322,0
end_draw,21986617.7211,0.525600001216,2
present,21986618.2468,0.0953999981284,2
paint,21986617.1452,1.19720000029,2
input_age_ms,21986622.573,0.000300001353025,0
pointer_move,21986622.5735,0.00620000064373,2
frame_deferred,21986622.6259,0,0
paint,21986622.6234,0.00259999930859,2
input_age_ms,21986630.5608,0.000299997627735,0
pointer_move,21986630.5616,0.00650000199676,2
frame_deferred,21986630.6166,0.000100001692772,0
paint,21986630.6147,0.00209999829531,2
draw_commands,21986633.7513,0.568900000304,0
end_draw,21986634.3204,0.518699999899,2
present,21986634.8392,0.0845999978483,2
paint,21986633.7387,1.18530000001,2
input_age_ms,21986638.5595,0.000399999320507,0
pointer_move,21986638.5602,0.00600000098348,2
frame_deferred,21986638.6166,0,0
paint,21986638.6144,0.00230000168085,2
input_age_ms,21986646.5921,0.000400003045797,0
pointer_move,21986646.5927,0.00640000030398,2
frame_deferred,21986646.6476,0.000100001692772,0
paint,21986646.6456,0.0021000020206,2
draw_commands,21986650.4171,0.60339999944,0
end_draw,21986651.0207,0.579900000244,2
present,21986651.6007,0.0708000026643,2
paint,21986650.4039,1.26779999956,2
input_age_ms,21986654.573,0.000399999320507,0
pointer_move,21986654.5736,0.00659999996424,2
frame_deferred,21986654.6285,0,0
paint,21986654.6262,0.00239999964833,2
input_age_ms,21986662.6496,0.000300001353025,0
pointer_move,21986662.6501,0.00649999827147,2
frame_deferred,21986662.7052,0,0
paint,21986662.7033,0.00200000032783,2
draw_commands,21986667.076,0.56799999997,0
end_draw,21986667.6442,0.551799997687,2
present,21986668.1961,0.077999997884,2
paint,21986667.0654,1.20879999921,2
input_age_ms,21986686.6156,0.000499997287989,0
pointer_move,21986686.6165,0.00669999793172,2
draw_commands,21986686.6909,0.482999999076,0
end_draw,21986687.174,0.470200002193,2
present,21986687.6443,0.0505000017583,2
paint,21986686.6768,1.01809999719,2
pointer_move,21986687.808,0.0042000003159,2
frame_deferred,21986689.4186,0.000199999660254,0
paint,21986689.4172,0.00170000270009,2
draw_commands,21986700.438,0.539899997413,0
end_draw,21986700.9781,0.542799998075,2
present,21986701.521,0.0859999991953,2
paint,21986700.4267,1.18039999902,2
input_age_ms,21986702.1241,0.000199999660254,15
pointer_move,21986702.1246,0.0735999979079,2
frame_deferred,21986702.6216,0.000200003385544,0
paint,21986702.619,0.00300000235438,2
input_age_ms,21986703.1982,0.000199999660254,0
pointer_move,21986703.1986,0.00629999861121,2
frame_deferred,21986703.2408,9.99979674816e-05,0
paint,21986703.2394,0.00160000100732,2
input_age_ms,21986710.8869,0.000199999660254,0
pointer_move,21986710.8873,0.00609999895096,2
frame_deferred,21986710.9367,0,0
paint,21986710.9347,0.00229999795556,2
draw_commands,21986717.035,0.552699998021,0
end_draw,21986717.5878,0.534400001168,2
present,21986718.1224,0.0773999989033,2
paint,21986717.025,1.17510000244,2
input_age_ms,21986718.977,0.00159999728203,0
pointer_move,21986718.979,0.00870000198483,2
frame_deferred,21986719.029,0,0
paint,21986719.0273,0.00180000066757,2
input_age_ms,21986726.9084,0.000199999660254,0
pointer_move,21986726.9089,0.00609999895096,2
frame_deferred,21986726.9585,9.99979674816e-05,0
paint,21986726.9567,0.00189999863505,2
draw_commands,21986733.7944,0.516200002283,0
end_draw,21986734.3108,0.50889999792,2
present,21986734.8198,0.077199999243,2
paint,21986733.7831,1.11409999803,2
input_age_ms,21986735.0899,0.000100001692772,0
pointer_move,21986735.0901,0.007199998945,2
frame_deferred,21986735.3181,0.000199999660254,0
paint,21986735.3163,0.00259999930859,2
input_age_ms,21986743.9385,0.00109999999404,0
pointer_move,21986743.9402,0.0187999978662,2
frame_deferred,21986744.1089,0.000300001353025,0
paint,21986744.1031,0.00639999657869,2
draw_commands,21986750.9528,2.54700000212,0
end_draw,21986753.5003,2.10019999743,2
present,21986755.601,0.235300000757,2
paint,21986750.9334,4.90340000018,2
input_age_ms,21986757.2282,0.000700000673532,0
pointer_move,21986757.2297,0.0216000005603,2
frame_deferred,21986757.7795,0.000799998641014,0
paint,21986757.7725,0.00849999859929,2
input_age_ms,21986760.7535,0.00100000202656,16
pointer_move,21986760.7557,0.212200000882,2
frame_deferred,21986761.6351,0.000799998641014,0
paint,21986761.6264,0.0100999996066,2
draw_commands,21986767.457,1.125,0
end_draw,21986768.5823,1.19900000095,2
present,21986769.7816,0.128700003028,2
paint,21986767.3616,2.54919999838,2
input_age_ms,21986770.4289,0.000399999320507,0
pointer_move,21986770.4299,0.0116999968886,2
frame_deferred,21986770.5861,0.000399999320507,0
paint,21986770.5828,0.00409999862313,2
input_age_ms,21986775.2979,0.000400003045797,0
pointer_move,21986775.2986,0.00820000097156,2
frame_deferred,21986775.3773,0.000199999660254,0
paint,21986775.3746,0.00299999862909,2
draw_commands,21986784.1494,0.792100001127,0
end_draw,21986784.9418,0.80380000174,2
present,21986785.7461,0.121199999005,2
paint,21986784.1361,1.73139999807,2
input_age_ms,21986786.7802,0.000399999320507,0
pointer_move,21986786.7809,0.0839999988675,2
frame_deferred,21986786.9795,0.000199999660254,0
paint,21986786.9773,0.00259999930859,2
input_age_ms,21986791.0766,0.000199999660254,0
pointer_move,21986791.077,0.00659999996424,2
frame_deferred,21986791.1355,0.000100001692772,0
paint,21986791.1333,0.00239999964833,2
input_age_ms,21986799.5124,0.000399999320507,0
pointer_move,21986799.513,0.0166999995708,2
frame_deferred,21986799.5905,9.99979674816e-05,0
paint,21986799.588,0.00270000100136,2
draw_commands,21986800.3709,0.675299998373,0
end_draw,21986801.0464,0.664700001478,2
present,21986801.7113,0.102299999446,2
paint,21986800.3583,1.45549999923,2
input_age_ms,21986807.0359,0.000300001353025,0
pointer_move,21986807.0364,0.00729999691248,2
frame_deferred,21986807.0925,9.99979674816e-05,0
paint,21986807.0899,0.00280000269413,2
input_age_ms,21986815.9523,0.000299997627735,0
pointer_move,21986815.9528,0.00710000097752,2
frame_deferred,21986816.0166,9.99979674816e-05,0
paint,21986816.0146,0.00229999795556,2
draw_commands,21986817.019,0.539799999446,0
end_draw,21986817.559,0.533099997789,2
present,21986818.0922,0.0597999989986,2
paint,21986817.0086,1.14359999821,2
input_age_ms,21986822.9465,0.000199999660254,0
pointer_move,21986822.9472,0.00609999895096,2
frame_deferred,21986822.9929,0,0
paint,21986822.9908,0.00219999998808,2
input_age_ms,21986831.2908,0.000199999660254,0
pointer_move,21986831.2913,0.0926000028849,2
frame_deferred,21986831.7999,0.000100001692772,0
paint,21986831.7975,0.00270000100136,2
draw_commands,21986833.7209,0.569099999964,0
end_draw,21986834.2901,0.494399998337,2
present,21986834.7845,0.0690999999642,2
paint,21986833.7102,1.14339999855,2
input_age_ms,21986838.903,0.000199999660254,0
pointer_move,21986838.9034,0.00580000132322,2
frame_deferred,21986838.9485,0.000100001692772,0
paint,21986838.9465,0.00259999930859,2
input_age_ms,21986846.8389,0.000199999660254,0
pointer_move,21986846.8394,0.007199998945,2
frame_deferred,21986846.9065,9.99979674816e-05,0
paint,21986846.9041,0.00270000100136,2
frame_deferred,21986847.4154,0.000200003385544,0
paint,21986847.4139,0.00190000236034,2
draw_commands,21986850.3942,0.534499999136,0
end_draw,21986850.9288,0.525799997151,2
present,21986851.4547,0.0801999978721,2
paint,21986850.3814,1.15370000154,2
input_age_ms,21986854.6527,0.000199999660254,16
pointer_move,21986854.6532,0.00580000132322,2
frame_deferred,21986854.6985,0,0
paint,21986854.6964,0.00219999998808,2
input_age_ms,21986862.5057,0.000199999660254,0
pointer_move,21986862.5062,0.00620000064373,2
frame_deferred,21986862.5569,0,0
paint,21986862.555,0.00200000032783,2
draw_commands,21986867.0147,0.536499999464,0
end_draw,21986867.5514,0.519400000572,2
present,21986868.0709,0.0823999978602,2
paint,21986867.0019,1.15150000155,2
input_age_ms,21986870.5376,0.000300001353025,0
pointer_move,21986870.5381,0.0058999992907,2
frame_deferred,21986870.5896,9.99979674816e-05,0
paint,21986870.5874,0.00239999964833,2
input_age_ms,21986878.5497,0.000300001353025,0
pointer_move,21986878.5503,0.00710000097752,2
frame_deferred,21986878.6061,9.99979674816e-05,0
paint,21986878.6042,0.00199999660254,2
draw_commands,21986883.7124,0.542300000787,0
end_draw,21986884.2552,0.503000002354,2
present,21986884.7583,0.0879000015557,2
paint,21986883.7014,1.14510000125,2
input_age_ms,21986886.5916,0.000299997627735,0
pointer_move,21986886.5921,0.00790000334382,2
frame_deferred,21986886.6549,0.000100001692772,0
paint,21986886.6525,0.0025000013411,2
input_age_ms,21986894.5019,0.000300001353025,0
pointer_move,21986894.503,0.0054999999702,2
frame_deferred,21986894.5571,0,0
paint,21986894.5552,0.00239999964833,2
draw_commands,21986900.4777,0.538900002837,0
end_draw,21986901.0167,0.519500002265,2
present,21986901.5363,0.0723000019789,2
paint,21986900.4659,1.14290000126,2
input_age_ms,21986902.561,0.000199999660254,0
pointer_move,21986902.5614,0.00609999895096,2
frame_deferred,21986902.6105,9.99979674816e-05,0
paint,21986902.6091,0.00160000100732,2
input_age_ms,21986910.6515,0.000299997627735,0
pointer_move,21986910.652,0.00560000166297,2
frame_deferred,21986910.7036,9.99979674816e-05,0
paint,21986910.7018,0.00200000032783,2
draw_commands,21986916.994,0.5214000009,0
end_draw,21986917.5157,0.506199996918,2
present,21986918.0219,0.0634000003338,2
paint,21986916.9812,1.10420000181,2
input_age_ms,21986918.6228,0.000100001692772,0
pointer_move,21986918.6231,0.0050999969244,2
frame_deferred,21986918.6674,0.000100001692772,0
paint,21986918.666,0.00159999728203,2
input_age_ms,21986926.5236,0.000299997627735,0
pointer_move,21986926.5242,0.007199998945,2
frame_deferred,21986926.5823,0,0
paint,21986926.5804,0.00200000032783,2
draw_commands,21986933.775,0.592600002885,0
end_draw,21986934.3679,0.529400002211,2
present,21986934.8974,0.0736000016332,2
paint,21986933.7558,1.21570000052,2
input_age_ms,21986935.0743,0.000100001692772,0
pointer_move,21986935.0745,0.00600000098348,2
frame_deferred,21986935.1206,0,0
paint,21986935.1191,0.00160000100732,2
input_age_ms,21986943.0247,0.000799998641014,0
pointer_move,21986943.0264,0.0183999985456,2
frame_deferred,21986943.2019,0.000299997627735,0
paint,21986943.1957,0.00689999759197,2
draw_commands,21986951.2704,2.0064000003,0
end_draw,21986953.2779,2.01830000058,2
present,21986955.2966,0.232200000435,2
paint,21986951.2498,4.27969999984,2
input_age_ms,21986957.5796,0.000900000333786,0
pointer_move,21986957.5819,0.281300000846,2
frame_deferred,21986958.9296,0.000700000673532,0
paint,21986958.9226,0.00829999893904,2
input_age_ms,21986960.5442,0.00100000202656,0
pointer_move,21986960.5463,0.147999998182,2
frame_deferred,21986961.185,0.000100001692772,0
paint,21986961.1835,0.00180000066757,2
input_age_ms,21986966.572,0.000199999660254,0
pointer_move,21986966.5723,0.0042000003159,2
frame_deferred,21986966.6117,0.000100001692772,0
paint,21986966.6105,0.00129999965429,2
draw_commands,21986966.9745,0.471000000834,0
end_draw,21986967.4456,0.514100000262,2
present,21986967.9598,0.0641999989748,2
paint,21986966.9643,1.059799999,2
input_age_ms,21986974.584,0.000300001353025,0
pointer_move,21986974.5845,0.00659999996424,2
frame_deferred,21986974.6384,0.000100001692772,0
paint,21986974.6358,0.00270000100136,2
input_age_ms,21986982.5514,0.000100001692772,0
pointer_move,21986982.5517,0.00479999929667,2
frame_deferred,21986982.5912,9.99979674816e-05,0
paint,21986982.5898,0.00149999931455,2
draw_commands,21986983.7311,0.533599998802,0
end_draw,21986984.2648,0.545099999756,2
present,21986984.8099,0.0804999992251,2
paint,21986983.72,1.1705000028,2
input_age_ms,21986990.6848,0.000300001353025,0
pointer_move,21986990.6854,0.0616999976337,2
frame_deferred,21986990.8901,0.000100001692772,0
paint,21986990.8875,0.00290000066161,2
input_age_ms,21986998.5378,0.000199999660254,0
pointer_move,21986998.5382,0.00659999996424,2
frame_deferred,21986998.5926,0.000100001692772,0
paint,21986998.5908,0.00200000032783,2
draw_commands,21987000.7664,0.535600002855,0
end_draw,21987001.3021,0.501200001687,2
present,21987001.8034,0.0721000023186,2
paint,21987000.7558,1.12029999867,2
input_age_ms,21987006.6271,0.000300001353025,0
pointer_move,21987006.6276,0.00620000064373,2
frame_deferred,21987006.6802,0.000100001692772,0
paint,21987006.6783,0.00209999829531,2
input_age_ms,21987014.5527,9.99979674816e-05,0
pointer_move,21987014.5529,0.00389999896288,2
frame_deferred,21987014.5898,9.99979674816e-05,0
paint,21987014.5885,0.00139999762177,2
draw_commands,21987017.1073,0.554600000381,0
end_draw,21987017.6621,0.539599999785,2
present,21987018.2018,0.076099999249,2
paint,21987017.0953,1.18279999867,2
input_age_ms,21987022.6393,0.000199999660254,0
pointer_move,21987022.6397,0.00600000098348,2
frame_deferred,21987022.6887,9.99979674816e-05,0
paint,21987022.6869,0.00189999863505,2
input_age_ms,21987032.3865,0.000199999660254,0
pointer_move,21987032.3869,0.0731999985874,2
frame_deferred,21987032.5879,9.99979674816e-05,0
paint,21987032.5863,0.00189999863505,2
draw_commands,21987033.6996,0.510299999267,0
end_draw,21987034.2101,0.48580000177,2
present,21987034.696,0.0618000030518,2
paint,21987033.6893,1.06859999895,2
input_age_ms,21987038.5366,0.000199999660254,0
pointer_move,21987038.537,0.00580000132322,2
frame_deferred,21987038.5839,0,0
paint,21987038.5822,0.00180000066757,2
pointer_move,21987039.1258,0.0038000009954,2
frame_deferred,21987040.4186,9.99979674816e-05,0
paint,21987040.4173,0.00160000100732,2
input_age_ms,21987047.1471,0.000199999660254,0
pointer_move,21987047.1475,0.00499999895692,2
frame_deferred,21987047.1892,0.000100001692772,0
paint,21987047.1874,0.00200000032783,2
draw_commands,21987050.5458,0.547299999744,0
end_draw,21987051.0932,0.553100001067,2
present,21987051.6468,0.0716999992728,2
paint,21987050.5348,1.1838000007,2
input_age_ms,21987051.9168,0.000100001692772,0
pointer_move,21987051.9171,0.00579999759793,2
frame_deferred,21987051.996,0.000199999660254,0
paint,21987051.9943,0.00209999829531,2
input_age_ms,21987054.9542,0.000599998980761,0
pointer_move,21987054.955,0.00520000234246,2
frame_deferred,21987055.0028,0.000100001692772,0
paint,21987055.0011,0.00189999863505,2
input_age_ms,21987063.3818,0.000199999660254,0
pointer_move,21987063.3823,0.015499997884,2
frame_deferred,21987063.474,0.000100001692772,0
paint,21987063.4721,0.00219999998808,2
draw_commands,21987067.1526,0.541199997067,0
end_draw,21987067.6939,0.527300000191,2
present,21987068.2212,0.0758999995887,2
paint,21987067.1433,1.1539000012,2
input_age_ms,21987070.8727,0.000200003385544,0
pointer_move,21987070.8731,0.0054999999702,2
frame_deferred,21987070.9149,0,0
paint,21987070.9134,0.00159999728203,2
input_age_ms,21987078.8993,0.000299997627735,0
pointer_move,21987078.8998,0.00679999962449,2
frame_deferred,21987078.9475,9.99979674816e-05,0
paint,21987078.9458,0.00200000032783,2
draw_commands,21987083.7758,0.518500000238,0
end_draw,21987084.2944,0.497400000691,2
present,21987084.7919,0.0692999996245,2
paint,21987083.7632,1.09809999913,2
input_age_ms,21987086.935,0.000300001353025,0
pointer_move,21987086.9355,0.00519999861717,2
frame_deferred,21987086.9793,0,0
paint,21987086.9772,0.00219999998808,2
input_age_ms,21987094.9309,0.000199999660254,0
pointer_move,21987094.9314,0.00629999861121,2
frame_deferred,21987094.98,0,0
paint,21987094.9782,0.00189999863505,2
draw_commands,21987100.4887,0.645400002599,0
end_draw,21987101.1342,0.558400001377,2
present,21987101.6928,0.0614999979734,2
paint,21987100.4791,1.27529999986,2
input_age_ms,21987102.908,0.000300001353025,0
pointer_move,21987102.9084,0.0058999992907,2
frame_deferred,21987102.95,0,0
paint,21987102.9484,0.00170000270009,2
input_age_ms,21987110.8386,0.000199999660254,0
pointer_move,21987110.839,0.00569999963045,2
frame_deferred,21987110.8851,0.000100001692772,0
paint,21987110.8834,0.00180000066757,2
draw_commands,21987117.0836,0.53750000149,0
end_draw,21987117.6213,0.527199998498,2
present,21987118.1486,0.0705999992788,2
paint,21987117.0733,1.14600000158,2
input_age_ms,21987118.9186,0.000199999660254,0
pointer_move,21987118.919,0.164799999446,2
frame_deferred,21987119.4254,0.000100001692772,0
paint,21987119.4239,0.0016999989748,2
frame_deferred,21987119.6982,0.000199999660254,0
paint,21987119.697,0.00149999931455,2
input_age_ms,21987126.5172,0.000299997627735,0
pointer_move,21987126.518,0.00540000200272,2
frame_deferred,21987126.5686,0,0
paint,21987126.5669,0.00180000066757,2
draw_commands,21987133.7167,0.504000000656,0
end_draw,21987134.2208,0.501899998635,2
present,21987134.7228,0.0637999996543,2
paint,21987133.7077,1.07890000194,2
input_age_ms,21987134.8852,9.99979674816e-05,0
pointer_move,21987134.8854,0.0362999998033,2
frame_deferred,21987135.2234,0.000199999660254,0
paint,21987135.2216,0.0021000020206,2
input_age_ms,21987142.6647,0.000299997627735,0
pointer_move,21987142.6653,0.00600000098348,2
frame_deferred,21987142.7207,0,0
paint,21987142.7187,0.0021000020206,2
draw_commands,21987150.5655,0.550500001758,0
end_draw,21987151.1162,0.5196999982,2
present,21987151.636,0.0738999992609,2
paint,21987150.5544,1.15560000017,2
input_age_ms,21987151.8211,9.99979674816e-05,16
pointer_move,21987151.8213,0.00659999996424,2
frame_deferred,21987151.8709,9.99979674816e-05,0
paint,21987151.8694,0.00180000066757,2
input_age_ms,21987158.5913,0.000300001353025,0
pointer_move,21987158.5919,0.00580000132322,2
frame_deferred,21987158.6423,0.000100001692772,0
paint,21987158.6404,0.00209999829531,2
input_age_ms,21987166.6099,0.000199999660254,0
pointer_move,21987166.6103,0.00449999794364,2
frame_deferred,21987166.6527,0,0
paint,21987166.6512,0.00160000100732,2
draw_commands,21987167.0203,0.520599998534,0
end_draw,21987167.5414,0.580299999565,2
present,21987168.1219,0.0606000013649,2
paint,21987167.0071,1.17559999973,2
input_age_ms,21987182.5681,0.000199999660254,0
pointer_move,21987182.5686,0.00650000199676,2
frame_deferred,21987182.621,0.000100001692772,0
paint,21987182.6187,0.00239999964833,2
draw_commands,21987183.8235,0.537399999797,0
end_draw,21987184.3611,0.547699999064,2
present,21987184.9089,0.0769999995828,2
paint,21987183.792,1.194000002,2
input_age_ms,21987190.6456,0.000300001353025,0
pointer_move,21987190.6462,0.00640000030398,2
frame_deferred,21987190.696,0.000100001692772,0
paint,21987190.6943,0.0021000020206,2
input_age_ms,21987198.5947,9.99979674816e-05,0
pointer_move,21987198.5949,0.0042000003159,2
frame_deferred,21987198.6375,0.000100001692772,0
paint,21987198.6359,0.00180000066757,2
draw_commands,21987200.4448,0.526799999177,0
end_draw,21987200.9718,0.569099999964,2
present,21987201.541,0.0734999999404,2
paint,21987200.434,1.18070000038,2
input_age_ms,21987206.5789,0.000300001353025,0
pointer_move,21987206.5794,0.00650000199676,2
frame_deferred,21987206.6333,0,0
paint,21987206.6311,0.00230000168085,2
input_age_ms,21987214.642,0.000399999320507,0
pointer_move,21987214.6427,0.00439999997616,2
frame_deferred,21987214.6863,0.000100001692772,0
paint,21987214.6843,0.00209999829531,2
draw_commands,21987217.3561,0.526099998504,0
end_draw,21987217.8825,0.497499998659,2
present,21987218.3802,0.0708000026643,2
paint,21987217.3466,1.10449999943,2
input_age_ms,21987222.7215,0.000299997627735,0
pointer_move,21987222.722,0.00540000200272,2
frame_deferred,21987222.8285,0.000199999660254,0
paint,21987222.8262,0.00269999727607,2
input_age_ms,21987230.6633,0.000799998641014,0
pointer_move,21987230.6643,0.00580000132322,2
frame_deferred,21987230.7162,0,0
paint,21987230.7144,0.00239999964833,2
draw_commands,21987233.8474,0.566899999976,0
end_draw,21987234.4145,0.529599998146,2
present,21987234.9442,0.0689999982715,2
paint,21987233.8358,1.17750000209,2
input_age_ms,21987240.4457,0.000299997627735,0
pointer_move,21987240.4465,0.0742999985814,2
frame_deferred,21987240.8135,0.000200003385544,0
paint,21987240.8105,0.00329999998212,2
input_age_ms,21987246.9904,0.000299997627735,0
pointer_move,21987246.991,0.115600001067,2
frame_deferred,21987247.9661,0.000300001353025,0
paint,21987247.9634,0.00349999964237,2
pointer_move,21987248.6926,0.0414999984205,2
frame_deferred,21987249.1358,9.99979674816e-05,0
paint,21987249.1339,0.00219999998808,2
draw_commands,21987250.7535,0.565900001675,0
end_draw,21987251.3197,0.52710000053,2
present,21987251.8469,0.0722000002861,2
paint,21987250.7427,1.17660000175,2
input_age_ms,21987252.1789,0.000199999660254,0
pointer_move,21987252.1794,0.00689999759197,2
frame_deferred,21987252.2277,0.000100001692772,0
paint,21987252.2257,0.0021000020206,2
input_age_ms,21987255.0075,0.000300001353025,0
pointer_move,21987255.008,0.00640000030398,2
frame_deferred,21987255.0611,0,0
paint,21987255.0587,0.0025000013411,2
input_age_ms,21987263.0757,0.000300001353025,0
pointer_move,21987263.0763,0.00650000199676,2
frame_deferred,21987263.136,0.000100001692772,0
paint,21987263.1333,0.00280000269413,2
draw_commands,21987267.6237,0.771999999881,0
end_draw,21987268.3962,0.756199996918,2
present,21987269.1528,0.207499999553,2
paint,21987267.6052,1.75530000031,2
input_age_ms,21987271.2354,0.000300001353025,0
pointer_move,21987271.2359,0.0054999999702,2
frame_deferred,21987271.3446,0.000199999660254,0
paint,21987271.3426,0.0025000013411,2
input_age_ms,21987279.1456,0.000300001353025,0
pointer_move,21987279.1462,0.00569999963045,2
frame_deferred,21987279.2068,0.000100001692772,0
paint,21987279.2045,0.00249999761581,2
draw_commands,21987283.9218,0.628800000995,0
end_draw,21987284.5508,0.636900000274,2
present,21987285.1879,0.0888000018895,2
paint,21987283.9112,1.365799997,2
input_age_ms,21987287.0059,0.000199999660254,0
pointer_move,21987287.0063,0.005900003016,2
frame_deferred,21987287.115,0.000100001692772,0
paint,21987287.1122,0.00310000032187,2
input_age_ms,21987295.0163,0.000300001353025,0
pointer_move,21987295.0168,0.00579999759793,2
frame_deferred,21987295.1781,9.99979674816e-05,0
paint,21987295.176,0.00239999964833,2
draw_commands,21987300.4168,0.537200000137,0
end_draw,21987300.9542,0.504200000316,2
present,21987301.4585,0.0750999972224,2
paint,21987300.4061,1.12769999728,2
input_age_ms,21987303.1191,0.000299997627735,0
pointer_move,21987303.1196,0.00519999861717,2
frame_deferred,21987303.1676,0.000100001692772,0
paint,21987303.1649,0.00290000066161,2
input_age_ms,21987310.8912,0.000300001353025,0
pointer_move,21987310.8917,0.0054999999702,2
frame_deferred,21987310.9392,0.000100001692772,0
paint,21987310.9369,0.00249999761581,2
draw_commands,21987317.1374,0.71289999783,0
end_draw,21987317.8505,0.536600001156,2
present,21987318.3873,0.0758000016212,2
paint,21987317.1047,1.35860000178,2
input_age_ms,21987318.884,0.000100001692772,0
pointer_move,21987318.8843,0.00609999895096,2
frame_deferred,21987318.9298,0.000100001692772,0
paint,21987318.9283,0.0016999989748,2
input_age_ms,21987326.8884,0.000199999660254,0
pointer_move,21987326.8888,0.00600000098348,2
frame_deferred,21987326.9374,0,0
paint,21987326.9356,0.00189999863505,2
draw_commands,21987333.7572,0.545600000769,0
end_draw,21987334.303,0.552799999714,2
present,21987334.8562,0.0897000022233,2
paint,21987333.7463,1.19979999959,2
input_age_ms,21987335.19,9.99979674816e-05,0
pointer_move,21987335.1903,0.0714000016451,2
frame_deferred,21987335.5624,0.000200003385544,0
paint,21987335.5597,0.00299999862909,2
input_age_ms,21987342.9384,0.000199999660254,0
pointer_move,21987342.9388,0.00640000030398,2
frame_deferred,21987342.9901,0.000100001692772,0
paint,21987342.9876,0.00260000303388,2
draw_commands,21987350.4989,0.550700001419,0
end_draw,21987351.0503,0.544400002807,2
present,21987351.5948,0.0696000009775,2
paint,21987350.4879,1.17669999972,2
input_age_ms,21987352.1205,0.000100001692772,0
pointer_move,21987352.1208,0.0734999999404,2
frame_deferred,21987352.5672,0.000199999660254,0
paint,21987352.5656,0.00189999863505,2
draw_commands,21987367.1126,0.559700001031,0
end_draw,21987367.6725,0.534000001848,2
present,21987368.2066,0.0672999992967,2
paint,21987367.1004,1.17369999737,2
input_age_ms,21987390.8767,0.000300001353025,0
pointer_move,21987390.8776,0.00580000132322,2
draw_commands,21987390.9322,0.447399999946,0
end_draw,21987391.3796,0.495299998671,2
present,21987391.8749,0.0637000016868,2
paint,21987390.9218,1.01690000296,2
input_age_ms,21987406.9817,0.000199999660254,0
pointer_move,21987406.9821,0.0063000023365,2
draw_commands,21987407.035,0.45870000124,0
end_draw,21987407.4939,0.484499998391,2
present,21987407.9785,0.0590000003576,2
paint,21987407.0252,1.01240000129,2
input_age_ms,21987414.8916,9.99979674816e-05,0
pointer_move,21987414.8919,0.0042000003159,2
frame_deferred,21987414.9275,0.000100001692772,0
paint,21987414.9257,0.00200000032783,2
draw_commands,21987417.1925,0.48939999938,0
end_draw,21987417.6823,0.511199999601,2
present,21987418.1936,0.0690000019968,2
paint,21987417.1855,1.07730000094,2
input_age_ms,21987422.9589,0.000199999660254,0
pointer_move,21987422.9596,0.00539999827743,2
frame_deferred,21987423.0025,0,0
paint,21987423.0004,0.00219999998808,2
input_age_ms,21987430.8236,9.99979674816e-05,0
pointer_move,21987430.8238,0.00349999964237,2
frame_deferred,21987430.858,0.000100001692772,0
paint,21987430.8569,0.00120000168681,2
draw_commands,21987433.9488,0.523499999195,0
end_draw,21987434.4729,0.519400000572,2
present,21987434.9923,0.0676000006497,2
paint,21987433.9389,1.121199999,2
input_age_ms,21987438.8467,0.000199999660254,0
pointer_move,21987438.8471,0.00539999827743,2
frame_deferred,21987438.8867,0,0
paint,21987438.885,0.00179999694228,2
input_age_ms,21987446.7765,9.99979674816e-05,0
pointer_move,21987446.7767,0.00369999930263,2
frame_deferred,21987446.8112,9.99979674816e-05,0
paint,21987446.81,0.00140000134706,2
draw_commands,21987450.3956,0.520600002259,0
end_draw,21987450.9165,0.518800001591,2
present,21987451.4353,0.0641999989748,2
paint,21987450.3855,1.11419999972,2
input_age_ms,21987454.9111,0.000199999660254,0
pointer_move,21987454.9114,0.00559999793768,2
frame_deferred,21987454.9535,0,0
paint,21987454.9519,0.0016999989748,2
input_age_ms,21987462.8217,0.000100001692772,0
pointer_move,21987462.822,0.00349999964237,2
frame_deferred,21987462.8568,9.99979674816e-05,0
paint,21987462.8556,0.00129999965429,2
draw_commands,21987467.0634,0.531899999827,0
end_draw,21987467.5954,0.560199998319,2
present,21987468.1558,0.0793999992311,2
paint,21987467.053,1.18239999935,2
input_age_ms,21987470.9658,0.000199999660254,0
pointer_move,21987470.9663,0.00530000030994,2
frame_deferred,21987471.0116,0.000100001692772,0
paint,21987471.0097,0.00200000032783,2
input_age_ms,21987478.8779,9.99979674816e-05,0
pointer_move,21987478.8782,0.00439999997616,2
frame_deferred,21987478.9156,9.99979674816e-05,0
paint,21987478.9142,0.00160000100732,2
draw_commands,21987483.8609,0.591499999166,0
end_draw,21987484.4528,0.568100001663,2
present,21987485.0211,0.0943000018597,2
paint,21987483.8484,1.26720000058,2
input_age_ms,21987494.8791,0.000199999660254,0
pointer_move,21987494.8795,0.00659999996424,2
frame_deferred,21987494.9271,0.000100001692772,0
paint,21987494.9251,0.0021000020206,2
draw_commands,21987500.4091,0.539999999106,0
end_draw,21987500.9495,0.642300002277,2
present,21987501.5919,0.0816000029445,2
paint,21987500.3981,1.27569999918,2
